Suprematist Composition,Suprematist Composition,Suprematist Composition,Suprematist Composition,Suprematist Composition,Suprematist Composition,Suprematist Composition,Suprematist Composition,Silver Car Crash (Double Disaster),Silver Car Crash (Double Disaster),Silver Car Crash (Double Disaster),Silver Car Crash (Double Disaster),Suprematist Composition,Suprematist Composition,Silver Car Crash (Double Disaster),Silver Car Crash (Double Disaster),Silver Car Crash (Double Disaster),Suprematist Composition,Suprematist Composition,Bal du moulin de la Galette,Bal du moulin de la Galette,Bal du moulin de la Galette,The Gross Clinic,Bal du moulin de la Galette,Bal du moulin de la Galette,Bal du moulin de la Galette,Bal du moulin de la Galette,Bal du moulin de la Galette,Bal du moulin de la Galette,Bal du moulin de la Galette,Three Studies for a Portrait of John Edwards,Three Studies for a Portrait of John Edwards,Three Studies for a Portrait of John Edwards,Suprematist Composition,Suprematist Composition,Eagle Standing on Pine Tree,Eagle Standing on Pine Tree,Eagle Standing on Pine Tree,Eagle Standing on Pine Tree,Eagle Standing on Pine Tree,Suprematist Composition,Eagle Standing on Pine Tree,Eagle Standing on Pine Tree,Eagle Standing on Pine Tree,Eagle Standing on Pine Tree,Eagle Standing on Pine Tree,Eagle Standing on Pine Tree,Three Studies of Lucian Freud,Three Studies of Lucian Freud,"Yo, Picasso"
Suprematist Composition,Suprematist Composition,Suprematist Composition,Suprematist Composition,Suprematist Composition,Suprematist Composition,Suprematist Composition,Suprematist Composition,Silver Car Crash (Double Disaster),Silver Car Crash (Double Disaster),Silver Car Crash (Double Disaster),Silver Car Crash (Double Disaster),Silver Car Crash (Double Disaster),Suprematist Composition,Silver Car Crash (Double Disaster),Silver Car Crash (Double Disaster),Silver Car Crash (Double Disaster),Silver Car Crash (Double Disaster),Silver Car Crash (Double Disaster),Nude Green Leaves and Bust,Nude Green Leaves and Bust,Nude Green Leaves and Bust,Bal du moulin de la Galette,Bal du moulin de la Galette,Bal du moulin de la Galette,Bal du moulin de la Galette,The Gross Clinic,The Gross Clinic,The Gross Clinic,Bal du moulin de la Galette,Three Studies for a Portrait of John Edwards,Three Studies for a Portrait of John Edwards,Three Studies for a Portrait of John Edwards,Suprematist Composition,Eagle Standing on Pine Tree,Eagle Standing on Pine Tree,Eagle Standing on Pine Tree,Eagle Standing on Pine Tree,Eagle Standing on Pine Tree,Suprematist Composition,Eagle Standing on Pine Tree,Eagle Standing on Pine Tree,Eagle Standing on Pine Tree,Eagle Standing on Pine Tree,Eagle Standing on Pine Tree,Eagle Standing on Pine Tree,Eagle Standing on Pine Tree,Three Studies of Lucian Freud,Vase with Fifteen Sunflowers,"Yo, Picasso"
Suprematist Composition,Suprematist Composition,Suprematist Composition,Suprematist Composition,Suprematist Composition,Suprematist Composition,Suprematist Composition,Suprematist Composition,Silver Car Crash (Double Disaster),Silver Car Crash (Double Disaster),Silver Car Crash (Double Disaster),Silver Car Crash (Double Disaster),Silver Car Crash (Double Disaster),Silver Car Crash (Double Disaster),Silver Car Crash (Double Disaster),Silver Car Crash (Double Disaster),Silver Car Crash (Double Disaster),Adele Bloch-Bauer II,Silver Car Crash (Double Disaster),Silver Car Crash (Double Disaster),Silver Car Crash (Double Disaster),Silver Car Crash (Double Disaster),Silver Car Crash (Double Disaster),Silver Car Crash (Double Disaster),Nude Green Leaves and Bust,Bal du moulin de la Galette,Bal du moulin de la Galette,Bal du moulin de la Galette,Bal du moulin de la Galette,Bal du moulin de la Galette,Three Studies for a Portrait of John Edwards,Three Studies for a Portrait of John Edwards,Suprematist Composition,Eagle Standing on Pine Tree,Eagle Standing on Pine Tree,Eagle Standing on Pine Tree,Eagle Standing on Pine Tree,Eagle Standing on Pine Tree,Eagle Standing on Pine Tree,Eagle Standing on Pine Tree,Eagle Standing on Pine Tree,Eagle Standing on Pine Tree,Eagle Standing on Pine Tree,Eagle Standing on Pine Tree,Eagle Standing on Pine Tree,Eagle Standing on Pine Tree,Eagle Standing on Pine Tree,Three Studies of Lucian Freud,Le Bassin aux Nympheas,Peasant Woman Against a Background of Wheat
Suprematist Composition,Suprematist Composition,Suprematist Composition,Suprematist Composition,Suprematist Composition,Suprematist Composition,Suprematist Composition,Suprematist Composition,Silver Car Crash (Double Disaster),Silver Car Crash (Double Disaster),Silver Car Crash (Double Disaster),Silver Car Crash (Double Disaster),Silver Car Crash (Double Disaster),Silver Car Crash (Double Disaster),Silver Car Crash (Double Disaster),Silver Car Crash (Double Disaster),Silver Car Crash (Double Disaster),Untitled,Adele Bloch-Bauer II,Silver Car Crash (Double Disaster),Silver Car Crash (Double Disaster),Suprematist Composition,Silver Car Crash (Double Disaster),Suprematist Composition,Suprematist Composition,Suprematist Composition,Silver Car Crash (Double Disaster),Nude Green Leaves and Bust,Bal du moulin de la Galette,Bal du moulin de la Galette,Three Studies for a Portrait of John Edwards,Suprematist Composition,Eagle Standing on Pine Tree,Eagle Standing on Pine Tree,Eagle Standing on Pine Tree,Eagle Standing on Pine Tree,Eagle Standing on Pine Tree,Eagle Standing on Pine Tree,Eagle Standing on Pine Tree,Eagle Standing on Pine Tree,Eagle Standing on Pine Tree,Eagle Standing on Pine Tree,Three Studies of Lucian Freud,Three Studies of Lucian Freud,Three Studies of Lucian Freud,Eagle Standing on Pine Tree,Eagle Standing on Pine Tree,Le Bassin aux Nympheas,A Wheatfield with Cypresses,Eagle Standing on Pine Tree
Suprematist Composition,Suprematist Composition,Suprematist Composition,Suprematist Composition,Suprematist Composition,Suprematist Composition,Suprematist Composition,Suprematist Composition,Silver Car Crash (Double Disaster),Silver Car Crash (Double Disaster),Silver Car Crash (Double Disaster),Silver Car Crash (Double Disaster),Silver Car Crash (Double Disaster),Silver Car Crash (Double Disaster),Silver Car Crash (Double Disaster),Silver Car Crash (Double Disaster),Silver Car Crash (Double Disaster),Silver Car Crash (Double Disaster),Nude Green Leaves and Bust,Nude Green Leaves and Bust,Nude Green Leaves and Bust,Silver Car Crash (Double Disaster),Nude Green Leaves and Bust,Nude Green Leaves and Bust,Nude Green Leaves and Bust,Silver Car Crash (Double Disaster),Nude Green Leaves and Bust,Silver Car Crash (Double Disaster),Suprematist Composition,Nude Green Leaves and Bust,Suprematist Composition,Eagle Standing on Pine Tree,Eagle Standing on Pine Tree,Eagle Standing on Pine Tree,Eagle Standing on Pine Tree,Eagle Standing on Pine Tree,Eagle Standing on Pine Tree,Eagle Standing on Pine Tree,Eagle Standing on Pine Tree,Eagle Standing on Pine Tree,Eagle Standing on Pine Tree,Three Studies of Lucian Freud,Massacre of the Innocents,"Yo, Picasso","Yo, Picasso",Eagle Standing on Pine Tree,Eagle Standing on Pine Tree,A Wheatfield with Cypresses,Suprematist Composition,Suprematist Composition
Suprematist Composition,Suprematist Composition,Suprematist Composition,Suprematist Composition,Suprematist Composition,Suprematist Composition,Suprematist Composition,Three Studies for a Portrait of John Edwards,Three Studies for a Portrait of John Edwards,Silver Car Crash (Double Disaster),Silver Car Crash (Double Disaster),Woman III,A Wheatfield with Cypresses,Silver Car Crash (Double Disaster),Silver Car Crash (Double Disaster),Silver Car Crash (Double Disaster),Silver Car Crash (Double Disaster),Silver Car Crash (Double Disaster),Nude Green Leaves and Bust,Nude Green Leaves and Bust,Bal du moulin de la Galette,Bal du moulin de la Galette,Nude Green Leaves and Bust,Dora Maar au Chat,Adele Bloch-Bauer II,Men in Her Life,Nude Green Leaves and Bust,Bal du moulin de la Galette,Nude Green Leaves and Bust,Silver Car Crash (Double Disaster),Suprematist Composition,Eagle Standing on Pine Tree,Eagle Standing on Pine Tree,Eagle Standing on Pine Tree,Suprematist Composition,Suprematist Composition,Eagle Standing on Pine Tree,Eagle Standing on Pine Tree,Eagle Standing on Pine Tree,Eagle Standing on Pine Tree,Eagle Standing on Pine Tree,Au Lapin Agile,Massacre of the Innocents,"Yo, Picasso",Le Bassin aux Nympheas,Eagle Standing on Pine Tree,Suprematist Composition,Suprematist Composition,Suprematist Composition,Turquoise Marilyn
Suprematist Composition,Suprematist Composition,Suprematist Composition,Suprematist Composition,Suprematist Composition,Silver Car Crash (Double Disaster),Suprematist Composition,Silver Car Crash (Double Disaster),Silver Car Crash (Double Disaster),Silver Car Crash (Double Disaster),Silver Car Crash (Double Disaster),A Wheatfield with Cypresses,Three Studies of Lucian Freud,Silver Car Crash (Double Disaster),Silver Car Crash (Double Disaster),Silver Car Crash (Double Disaster),Nude Green Leaves and Bust,Dora Maar au Chat,Dora Maar au Chat,Dora Maar au Chat,Flag,Eagle Standing on Pine Tree,Eagle Standing on Pine Tree,Eagle Standing on Pine Tree,Eagle Standing on Pine Tree,Eagle Standing on Pine Tree,Eagle Standing on Pine Tree,Portrait de l'artiste sans barbe,Nude Green Leaves and Bust,Nude Green Leaves and Bust,Suprematist Composition,Eagle Standing on Pine Tree,Eagle Standing on Pine Tree,Suprematist Composition,Suprematist Composition,Eagle Standing on Pine Tree,Eagle Standing on Pine Tree,Eagle Standing on Pine Tree,Eagle Standing on Pine Tree,Eagle Standing on Pine Tree,Eagle Standing on Pine Tree,"Yo, Picasso","Yo, Picasso",Le Bassin aux Nympheas,"Triptych, 1976",Suprematist Composition,Suprematist Composition,Turquoise Marilyn,Eagle Standing on Pine Tree,Turquoise Marilyn
Suprematist Composition,Suprematist Composition,Suprematist Composition,Suprematist Composition,Suprematist Composition,Silver Car Crash (Double Disaster),Suprematist Composition,Silver Car Crash (Double Disaster),Silver Car Crash (Double Disaster),Silver Car Crash (Double Disaster),Silver Car Crash (Double Disaster),Silver Car Crash (Double Disaster),Woman III,Silver Car Crash (Double Disaster),Silver Car Crash (Double Disaster),Nude Green Leaves and Bust,Dora Maar au Chat,Flag,Flag,Eagle Standing on Pine Tree,Eagle Standing on Pine Tree,Eagle Standing on Pine Tree,Eagle Standing on Pine Tree,Eagle Standing on Pine Tree,Eagle Standing on Pine Tree,Eagle Standing on Pine Tree,Eagle Standing on Pine Tree,Eagle Standing on Pine Tree,Eagle Standing on Pine Tree,Men in Her Life,Nude Green Leaves and Bust,Suprematist Composition,Suprematist Composition,Suprematist Composition,Suprematist Composition,Eagle Standing on Pine Tree,Woman III,Woman III,Woman III,Suprematist Composition,Eagle Standing on Pine Tree,Portrait of Joseph Roulin,Portrait of Dr. Gachet,Woman III,Suprematist Composition,Suprematist Composition,Suprematist Composition,Turquoise Marilyn,Turquoise Marilyn,Turquoise Marilyn
Suprematist Composition,Suprematist Composition,Suprematist Composition,Suprematist Composition,Suprematist Composition,Silver Car Crash (Double Disaster),Suprematist Composition,Suprematist Composition,Suprematist Composition,Silver Car Crash (Double Disaster),Silver Car Crash (Double Disaster),Silver Car Crash (Double Disaster),Silver Car Crash (Double Disaster),Silver Car Crash (Double Disaster),Silver Car Crash (Double Disaster),Bal du moulin de la Galette,Portrait de l'artiste sans barbe,Eagle Standing on Pine Tree,Eagle Standing on Pine Tree,Eagle Standing on Pine Tree,Eagle Standing on Pine Tree,Eagle Standing on Pine Tree,Eagle Standing on Pine Tree,Eagle Standing on Pine Tree,Eagle Standing on Pine Tree,Eagle Standing on Pine Tree,Eagle Standing on Pine Tree,Eagle Standing on Pine Tree,Eagle Standing on Pine Tree,Eagle Standing on Pine Tree,Nude Green Leaves and Bust,Silver Car Crash (Double Disaster),Irises,Nude Green Leaves and Bust,Suprematist Composition,Eagle Standing on Pine Tree,Woman III,Irises,Bal du moulin de la Galette,Suprematist Composition,Eagle Standing on Pine Tree,Irises,Suprematist Composition,Suprematist Composition,Three Studies for a Portrait of John Edwards,Suprematist Composition,Suprematist Composition,Turquoise Marilyn,Turquoise Marilyn,Turquoise Marilyn
Suprematist Composition,Suprematist Composition,Suprematist Composition,Suprematist Composition,Suprematist Composition,Silver Car Crash (Double Disaster),Silver Car Crash (Double Disaster),Adele Bloch-Bauer II,Flag,Silver Car Crash (Double Disaster),Silver Car Crash (Double Disaster),Silver Car Crash (Double Disaster),Silver Car Crash (Double Disaster),Silver Car Crash (Double Disaster),Nude Green Leaves and Bust,Bal du moulin de la Galette,Eagle Standing on Pine Tree,Eagle Standing on Pine Tree,Eagle Standing on Pine Tree,Eagle Standing on Pine Tree,Eagle Standing on Pine Tree,Eagle Standing on Pine Tree,Eagle Standing on Pine Tree,Eagle Standing on Pine Tree,Eagle Standing on Pine Tree,Eagle Standing on Pine Tree,Eagle Standing on Pine Tree,Eagle Standing on Pine Tree,Eagle Standing on Pine Tree,Eagle Standing on Pine Tree,Bal du moulin de la Galette,Bal du moulin de la Galette,Nude Green Leaves and Bust,The Gross Clinic,Men in Her Life,Eagle Standing on Pine Tree,Bal du moulin de la Galette,The Gross Clinic,Bal du moulin de la Galette,Suprematist Composition,Suprematist Composition,Suprematist Composition,Suprematist Composition,Suprematist Composition,Three Studies for a Portrait of John Edwards,Suprematist Composition,Suprematist Composition,Turquoise Marilyn,Turquoise Marilyn,Turquoise Marilyn
Suprematist Composition,Suprematist Composition,Suprematist Composition,Suprematist Composition,Suprematist Composition,Silver Car Crash (Double Disaster),Silver Car Crash (Double Disaster),Silver Car Crash (Double Disaster),Silver Car Crash (Double Disaster),Silver Car Crash (Double Disaster),Silver Car Crash (Double Disaster),Silver Car Crash (Double Disaster),Nude Green Leaves and Bust,Silver Car Crash (Double Disaster),Bal du moulin de la Galette,"Triptych, 1976",Eagle Standing on Pine Tree,Eagle Standing on Pine Tree,Eagle Standing on Pine Tree,Eagle Standing on Pine Tree,Eagle Standing on Pine Tree,Eagle Standing on Pine Tree,Eagle Standing on Pine Tree,Eagle Standing on Pine Tree,Eagle Standing on Pine Tree,Eagle Standing on Pine Tree,Eagle Standing on Pine Tree,Eagle Standing on Pine Tree,Eagle Standing on Pine Tree,Eagle Standing on Pine Tree,Dora Maar au Chat,Bal du moulin de la Galette,Nude Green Leaves and Bust,The Gross Clinic,Silver Car Crash (Double Disaster),Eagle Standing on Pine Tree,The Gross Clinic,The Gross Clinic,Bal du moulin de la Galette,Suprematist Composition,Suprematist Composition,Three Studies for a Portrait of John Edwards,Suprematist Composition,Suprematist Composition,Suprematist Composition,Suprematist Composition,Suprematist Composition,Turquoise Marilyn,Turquoise Marilyn,Turquoise Marilyn
Suprematist Composition,Suprematist Composition,Suprematist Composition,Suprematist Composition,Silver Car Crash (Double Disaster),Silver Car Crash (Double Disaster),Silver Car Crash (Double Disaster),Suprematist Composition,Suprematist Composition,Silver Car Crash (Double Disaster),Silver Car Crash (Double Disaster),Silver Car Crash (Double Disaster),Silver Car Crash (Double Disaster),Silver Car Crash (Double Disaster),Bal du moulin de la Galette,Eagle Standing on Pine Tree,Eagle Standing on Pine Tree,Eagle Standing on Pine Tree,Eagle Standing on Pine Tree,Eagle Standing on Pine Tree,Eagle Standing on Pine Tree,Eagle Standing on Pine Tree,Eagle Standing on Pine Tree,Eagle Standing on Pine Tree,Eagle Standing on Pine Tree,Eagle Standing on Pine Tree,Eagle Standing on Pine Tree,Eagle Standing on Pine Tree,Eagle Standing on Pine Tree,Eagle Standing on Pine Tree,"Triptych, 1976",Bal du moulin de la Galette,Bal du moulin de la Galette,The Gross Clinic,Men in Her Life,Eagle Standing on Pine Tree,The Gross Clinic,The Gross Clinic,Irises,Three Studies for a Portrait of John Edwards,Suprematist Composition,Suprematist Composition,Turquoise Marilyn,Turquoise Marilyn,Suprematist Composition,Suprematist Composition,Suprematist Composition,Turquoise Marilyn,Turquoise Marilyn,Turquoise Marilyn
Suprematist Composition,Suprematist Composition,Suprematist Composition,Suprematist Composition,Silver Car Crash (Double Disaster),Silver Car Crash (Double Disaster),Silver Car Crash (Double Disaster),Suprematist Composition,Suprematist Composition,Silver Car Crash (Double Disaster),Silver Car Crash (Double Disaster),Suprematist Composition,Suprematist Composition,Silver Car Crash (Double Disaster),The Gross Clinic,Eagle Standing on Pine Tree,Eagle Standing on Pine Tree,Eagle Standing on Pine Tree,Eagle Standing on Pine Tree,Eagle Standing on Pine Tree,Eagle Standing on Pine Tree,Eagle Standing on Pine Tree,Eagle Standing on Pine Tree,Eagle Standing on Pine Tree,"Triptych, 1976",Dora Maar au Chat,"Triptych, 1976",Eagle Standing on Pine Tree,Eagle Standing on Pine Tree,Eagle Standing on Pine Tree,Portrait de l'artiste sans barbe,Bal du moulin de la Galette,Bal du moulin de la Galette,The Gross Clinic,Suprematist Composition,Suprematist Composition,Bal du moulin de la Galette,Three Studies for a Portrait of John Edwards,Three Studies for a Portrait of John Edwards,Suprematist Composition,Suprematist Composition,Suprematist Composition,Turquoise Marilyn,Turquoise Marilyn,Suprematist Composition,Suprematist Composition,Suprematist Composition,Turquoise Marilyn,Suprematist Composition,Turquoise Marilyn
Silver Car Crash (Double Disaster),Suprematist Composition,Suprematist Composition,Silver Car Crash (Double Disaster),Silver Car Crash (Double Disaster),Silver Car Crash (Double Disaster),Silver Car Crash (Double Disaster),Silver Car Crash (Double Disaster),Silver Car Crash (Double Disaster),Silver Car Crash (Double Disaster),Silver Car Crash (Double Disaster),Silver Car Crash (Double Disaster),Silver Car Crash (Double Disaster),Silver Car Crash (Double Disaster),Bal du moulin de la Galette,Femme assise dans un jardin,Eagle Standing on Pine Tree,Eagle Standing on Pine Tree,Portrait de l'artiste sans barbe,Portrait de l'artiste sans barbe,Femme assise dans un jardin,Eagle Standing on Pine Tree,Femme assise dans un jardin,No. 5 1948,The Gross Clinic,The Scream,Femme assise dans un jardin,Femme assise dans un jardin,Portrait de l'artiste sans barbe,Eagle Standing on Pine Tree,Eagle Standing on Pine Tree,Bal du moulin de la Galette,Bal du moulin de la Galette,The Gross Clinic,Suprematist Composition,Suprematist Composition,Three Studies for a Portrait of John Edwards,Three Studies for a Portrait of John Edwards,Three Studies for a Portrait of John Edwards,Suprematist Composition,Suprematist Composition,Suprematist Composition,Turquoise Marilyn,Turquoise Marilyn,Suprematist Composition,Suprematist Composition,Suprematist Composition,Turquoise Marilyn,Suprematist Composition,Turquoise Marilyn
Silver Car Crash (Double Disaster),Silver Car Crash (Double Disaster),Silver Car Crash (Double Disaster),Silver Car Crash (Double Disaster),Silver Car Crash (Double Disaster),Silver Car Crash (Double Disaster),Silver Car Crash (Double Disaster),Silver Car Crash (Double Disaster),Silver Car Crash (Double Disaster),Silver Car Crash (Double Disaster),Silver Car Crash (Double Disaster),Nude Green Leaves and Bust,Nude Green Leaves and Bust,Silver Car Crash (Double Disaster),Nude Green Leaves and Bust,"Triptych, 1976",Portrait de l'artiste sans barbe,Dora Maar au Chat,The Gross Clinic,Portrait of a Halberdier,The Scream,Eagle Standing on Pine Tree,Eagle Standing on Pine Tree,Diana and Actaeon,Diana and Actaeon,Portrait of a Halberdier,Dora Maar au Chat,The Scream,Femme assise dans un jardin,Eagle Standing on Pine Tree,Eagle Standing on Pine Tree,Bal du moulin de la Galette,Flag,Dora Maar au Chat,Irises,Suprematist Composition,Three Studies for a Portrait of John Edwards,Three Studies for a Portrait of John Edwards,Suprematist Composition,Suprematist Composition,Suprematist Composition,Suprematist Composition,Turquoise Marilyn,Turquoise Marilyn,Suprematist Composition,Suprematist Composition,Suprematist Composition,Turquoise Marilyn,Suprematist Composition,Suprematist Composition
Silver Car Crash (Double Disaster),Silver Car Crash (Double Disaster),Silver Car Crash (Double Disaster),Silver Car Crash (Double Disaster),Silver Car Crash (Double Disaster),Silver Car Crash (Double Disaster),Silver Car Crash (Double Disaster),Silver Car Crash (Double Disaster),Silver Car Crash (Double Disaster),Suprematist Composition,Suprematist Composition,Silver Car Crash (Double Disaster),Silver Car Crash (Double Disaster),Silver Car Crash (Double Disaster),Nude Green Leaves and Bust,Dora Maar au Chat,Portrait of Dr. Gachet,The Scream,No. 5 1948,Salvator Mundi,Diana and Actaeon,Eagle Standing on Pine Tree,Eagle Standing on Pine Tree,The Scream,Acrobate et jeune arlequin,The Scream,Femme assise dans un jardin,Flag,Eagle Standing on Pine Tree,Eagle Standing on Pine Tree,Eagle Standing on Pine Tree,Men in Her Life,Flag,Femme assise dans un jardin,Three Studies for a Portrait of John Edwards,Suprematist Composition,Three Studies for a Portrait of John Edwards,Three Studies for a Portrait of John Edwards,Suprematist Composition,Suprematist Composition,Suprematist Composition,Suprematist Composition,Turquoise Marilyn,Suprematist Composition,Suprematist Composition,Suprematist Composition,Suprematist Composition,Suprematist Composition,Suprematist Composition,Suprematist Composition
Silver Car Crash (Double Disaster),Silver Car Crash (Double Disaster),Silver Car Crash (Double Disaster),Silver Car Crash (Double Disaster),Silver Car Crash (Double Disaster),Silver Car Crash (Double Disaster),Silver Car Crash (Double Disaster),Silver Car Crash (Double Disaster),Silver Car Crash (Double Disaster),Silver Car Crash (Double Disaster),Silver Car Crash (Double Disaster),Silver Car Crash (Double Disaster),Silver Car Crash (Double Disaster),Silver Car Crash (Double Disaster),Nude Green Leaves and Bust,Bal du moulin de la Galette,Femme assise dans un jardin,Acrobate et jeune arlequin,Bal du moulin de la Galette,No. 5 1948,Acrobate et jeune arlequin,Eagle Standing on Pine Tree,Eagle Standing on Pine Tree,Eagle Standing on Pine Tree,Femme assise dans un jardin,The Scream,Femme assise dans un jardin,Eagle Standing on Pine Tree,Eagle Standing on Pine Tree,Eagle Standing on Pine Tree,Eagle Standing on Pine Tree,Eagle Standing on Pine Tree,Flag,Eagle Standing on Pine Tree,Three Studies for a Portrait of John Edwards,Suprematist Composition,Three Studies for a Portrait of John Edwards,Irises,Suprematist Composition,Suprematist Composition,Suprematist Composition,Suprematist Composition,Suprematist Composition,Suprematist Composition,Suprematist Composition,Suprematist Composition,Three Studies for a Portrait of John Edwards,Three Studies for a Portrait of John Edwards,Suprematist Composition,Suprematist Composition
Silver Car Crash (Double Disaster),Silver Car Crash (Double Disaster),Silver Car Crash (Double Disaster),Silver Car Crash (Double Disaster),Silver Car Crash (Double Disaster),Silver Car Crash (Double Disaster),Silver Car Crash (Double Disaster),Silver Car Crash (Double Disaster),Silver Car Crash (Double Disaster),Adele Bloch-Bauer II,Adele Bloch-Bauer II,Silver Car Crash (Double Disaster),Silver Car Crash (Double Disaster),Nude Green Leaves and Bust,Irises,Woman III,Femme assise dans un jardin,The Scream,Femme assise dans un jardin,Acrobate et jeune arlequin,Femme assise dans un jardin,Eagle Standing on Pine Tree,Eagle Standing on Pine Tree,Eagle Standing on Pine Tree,Eagle Standing on Pine Tree,Eagle Standing on Pine Tree,Eagle Standing on Pine Tree,Eagle Standing on Pine Tree,Eagle Standing on Pine Tree,Eagle Standing on Pine Tree,Eagle Standing on Pine Tree,Portrait de l'artiste sans barbe,Flag,Suprematist Composition,Three Studies for a Portrait of John Edwards,Suprematist Composition,Three Studies for a Portrait of John Edwards,Three Studies for a Portrait of John Edwards,Suprematist Composition,Suprematist Composition,Suprematist Composition,Suprematist Composition,Suprematist Composition,Suprematist Composition,Suprematist Composition,Suprematist Composition,Three Studies for a Portrait of John Edwards,Three Studies for a Portrait of John Edwards,Three Studies for a Portrait of John Edwards,Three Studies for a Portrait of John Edwards
Silver Car Crash (Double Disaster),Silver Car Crash (Double Disaster),Silver Car Crash (Double Disaster),Silver Car Crash (Double Disaster),Silver Car Crash (Double Disaster),Silver Car Crash (Double Disaster),Silver Car Crash (Double Disaster),Silver Car Crash (Double Disaster),Silver Car Crash (Double Disaster),Nude Green Leaves and Bust,Nude Green Leaves and Bust,Silver Car Crash (Double Disaster),Nude Green Leaves and Bust,Nude Green Leaves and Bust,Irises,Irises,Femme assise dans un jardin,Femme assise dans un jardin,Femme assise dans un jardin,Femme assise dans un jardin,Eagle Standing on Pine Tree,Eagle Standing on Pine Tree,Eagle Standing on Pine Tree,Eagle Standing on Pine Tree,Eagle Standing on Pine Tree,Eagle Standing on Pine Tree,Eagle Standing on Pine Tree,Eagle Standing on Pine Tree,Eagle Standing on Pine Tree,Eagle Standing on Pine Tree,Eagle Standing on Pine Tree,Eagle Standing on Pine Tree,Eagle Standing on Pine Tree,Suprematist Composition,Three Studies for a Portrait of John Edwards,Suprematist Composition,Three Studies for a Portrait of John Edwards,Three Studies for a Portrait of John Edwards,Suprematist Composition,Suprematist Composition,Suprematist Composition,Suprematist Composition,Suprematist Composition,Suprematist Composition,Suprematist Composition,Suprematist Composition,Suprematist Composition,Three Studies for a Portrait of John Edwards,Three Studies for a Portrait of John Edwards,Suprematist Composition
Silver Car Crash (Double Disaster),Silver Car Crash (Double Disaster),Silver Car Crash (Double Disaster),Silver Car Crash (Double Disaster),Nude Green Leaves and Bust,Silver Car Crash (Double Disaster),Silver Car Crash (Double Disaster),Silver Car Crash (Double Disaster),Silver Car Crash (Double Disaster),Nude Green Leaves and Bust,Nude Green Leaves and Bust,Silver Car Crash (Double Disaster),Nude Green Leaves and Bust,Nude Green Leaves and Bust,Nude Green Leaves and Bust,Nude Green Leaves and Bust,Eagle Standing on Pine Tree,Eagle Standing on Pine Tree,Eagle Standing on Pine Tree,Eagle Standing on Pine Tree,Flag,Femme assise dans un jardin,Femme assise dans un jardin,Portrait of a Halberdier,Acrobate et jeune arlequin,Eagle Standing on Pine Tree,Femme assise dans un jardin,Eagle Standing on Pine Tree,Eagle Standing on Pine Tree,Eagle Standing on Pine Tree,Eagle Standing on Pine Tree,Eagle Standing on Pine Tree,Eagle Standing on Pine Tree,Suprematist Composition,Three Studies for a Portrait of John Edwards,Suprematist Composition,Three Studies for a Portrait of John Edwards,Three Studies for a Portrait of John Edwards,Three Studies for a Portrait of John Edwards,Suprematist Composition,Three Studies for a Portrait of John Edwards,Three Studies for a Portrait of John Edwards,Suprematist Composition,Suprematist Composition,Suprematist Composition,Suprematist Composition,Suprematist Composition,Suprematist Composition,Suprematist Composition,Suprematist Composition
Silver Car Crash (Double Disaster),Silver Car Crash (Double Disaster),Silver Car Crash (Double Disaster),Silver Car Crash (Double Disaster),Nude Green Leaves and Bust,Silver Car Crash (Double Disaster),Silver Car Crash (Double Disaster),Silver Car Crash (Double Disaster),Silver Car Crash (Double Disaster),Nude Green Leaves and Bust,Nude Green Leaves and Bust,Nude Green Leaves and Bust,Nude Green Leaves and Bust,Nude Green Leaves and Bust,Silver Car Crash (Double Disaster),Suprematist Composition,Portrait de l'artiste sans barbe,Eagle Standing on Pine Tree,Eagle Standing on Pine Tree,Flag,Femme assise dans un jardin,Acrobate et jeune arlequin,Acrobate et jeune arlequin,Dora Maar au Chat,Flag,Eagle Standing on Pine Tree,Femme assise dans un jardin,The Scream,Femme assise dans un jardin,Eagle Standing on Pine Tree,Eagle Standing on Pine Tree,Eagle Standing on Pine Tree,Woman III,Three Studies for a Portrait of John Edwards,Three Studies for a Portrait of John Edwards,Suprematist Composition,Three Studies for a Portrait of John Edwards,Three Studies for a Portrait of John Edwards,Three Studies for a Portrait of John Edwards,Three Studies for a Portrait of John Edwards,Suprematist Composition,Suprematist Composition,Suprematist Composition,Suprematist Composition,Suprematist Composition,Suprematist Composition,Suprematist Composition,Suprematist Composition,Suprematist Composition,Suprematist Composition
Silver Car Crash (Double Disaster),Silver Car Crash (Double Disaster),Silver Car Crash (Double Disaster),Silver Car Crash (Double Disaster),Nude Green Leaves and Bust,Nude Green Leaves and Bust,Silver Car Crash (Double Disaster),Nude Green Leaves and Bust,Silver Car Crash (Double Disaster),Silver Car Crash (Double Disaster),Silver Car Crash (Double Disaster),Silver Car Crash (Double Disaster),Suprematist Composition,Eagle Standing on Pine Tree,Eagle Standing on Pine Tree,Eagle Standing on Pine Tree,Flag,Eagle Standing on Pine Tree,Flag,Femme assise dans un jardin,The Scream,Portrait of a Halberdier,Portrait of a Halberdier,Dora Maar au Chat,Femme assise dans un jardin,Femme assise dans un jardin,Peasant Woman Against a Background of Wheat,Portrait of Dr. Gachet,Peasant Woman Against a Background of Wheat,Eagle Standing on Pine Tree,Eagle Standing on Pine Tree,Eagle Standing on Pine Tree,Eagle Standing on Pine Tree,Three Studies for a Portrait of John Edwards,Three Studies for a Portrait of John Edwards,Suprematist Composition,Three Studies for a Portrait of John Edwards,Three Studies for a Portrait of John Edwards,Suprematist Composition,Suprematist Composition,Suprematist Composition,Three Studies for a Portrait of John Edwards,Suprematist Composition,Suprematist Composition,Suprematist Composition,Suprematist Composition,Suprematist Composition,Suprematist Composition,Suprematist Composition,Suprematist Composition
Silver Car Crash (Double Disaster),Silver Car Crash (Double Disaster),Nude Green Leaves and Bust,Nude Green Leaves and Bust,Nude Green Leaves and Bust,Nude Green Leaves and Bust,Nude Green Leaves and Bust,Nude Green Leaves and Bust,Suprematist Composition,Eagle Standing on Pine Tree,Eagle Standing on Pine Tree,Eagle Standing on Pine Tree,Eagle Standing on Pine Tree,Eagle Standing on Pine Tree,Femme assise dans un jardin,Eagle Standing on Pine Tree,Flag,Portrait of Dr. Gachet,Femme assise dans un jardin,Portrait of Dr. Gachet,Portrait of Dr. Gachet,The Scream,Flag,Untitled,Untitled,Flag,Femme assise dans un jardin,Peasant Woman Against a Background of Wheat,Peasant Woman Against a Background of Wheat,Portrait de l'artiste sans barbe,Eagle Standing on Pine Tree,Eagle Standing on Pine Tree,Eagle Standing on Pine Tree,Suprematist Composition,Three Studies for a Portrait of John Edwards,Three Studies for a Portrait of John Edwards,Three Studies for a Portrait of John Edwards,Suprematist Composition,Suprematist Composition,Three Studies for a Portrait of John Edwards,Suprematist Composition,Suprematist Composition,Suprematist Composition,Suprematist Composition,Suprematist Composition,Suprematist Composition,Suprematist Composition,Suprematist Composition,Suprematist Composition,Suprematist Composition
Nude Green Leaves and Bust,Nude Green Leaves and Bust,Nude Green Leaves and Bust,Nude Green Leaves and Bust,Nude Green Leaves and Bust,Nude Green Leaves and Bust,Nude Green Leaves and Bust,Suprematist Composition,Eagle Standing on Pine Tree,Eagle Standing on Pine Tree,Eagle Standing on Pine Tree,Eagle Standing on Pine Tree,Eagle Standing on Pine Tree,Eagle Standing on Pine Tree,Police Gazette,Flag,Flag,No. 5 1948,Peasant Woman Against a Background of Wheat,Portrait of Dr. Gachet,No. 5 1948,Untitled,Untitled,Flag,Eagle Standing on Pine Tree,Eagle Standing on Pine Tree,Eagle Standing on Pine Tree,Portrait de l'artiste sans barbe,"Rideau, Cruchon et Compotier","Rideau, Cruchon et Compotier","Triptych, 1976",Zhichuan Resettlemen,Eagle Standing on Pine Tree,Eagle Standing on Pine Tree,Three Studies for a Portrait of John Edwards,Three Studies for a Portrait of John Edwards,Three Studies for a Portrait of John Edwards,Suprematist Composition,Suprematist Composition,Suprematist Composition,Suprematist Composition,Suprematist Composition,Suprematist Composition,Suprematist Composition,Suprematist Composition,Suprematist Composition,Suprematist Composition,Suprematist Composition,Suprematist Composition,Suprematist Composition
Nude Green Leaves and Bust,Nude Green Leaves and Bust,Nude Green Leaves and Bust,Nude Green Leaves and Bust,Nude Green Leaves and Bust,Nude Green Leaves and Bust,Silver Car Crash (Double Disaster),Eagle Standing on Pine Tree,Eagle Standing on Pine Tree,Femme assise dans un jardin,Eagle Standing on Pine Tree,Eagle Standing on Pine Tree,Eagle Standing on Pine Tree,Eagle Standing on Pine Tree,Femme assise dans un jardin,Acrobate et jeune arlequin,Untitled,Portrait of a Halberdier,Portrait of Dr. Gachet,"Rideau, Cruchon et Compotier",Peasant Woman Against a Background of Wheat,Femme assise dans un jardin,Flag,Acrobate et jeune arlequin,The Scream,Femme assise dans un jardin,Eagle Standing on Pine Tree,Eagle Standing on Pine Tree,"Triptych, 1976",Black Fire I,"Triptych, 1976","Triptych, 1976",Eagle Standing on Pine Tree,Eagle Standing on Pine Tree,Suprematist Composition,Three Studies for a Portrait of John Edwards,Three Studies for a Portrait of John Edwards,Suprematist Composition,Suprematist Composition,Suprematist Composition,Suprematist Composition,Suprematist Composition,Suprematist Composition,Suprematist Composition,Suprematist Composition,Suprematist Composition,Suprematist Composition,Suprematist Composition,Suprematist Composition,Suprematist Composition
Nude Green Leaves and Bust,Nude Green Leaves and Bust,Nude Green Leaves and Bust,Nude Green Leaves and Bust,Nude Green Leaves and Bust,Nude Green Leaves and Bust,Suprematist Composition,Eagle Standing on Pine Tree,Eagle Standing on Pine Tree,Femme assise dans un jardin,Eagle Standing on Pine Tree,Flag,Eagle Standing on Pine Tree,Flag,The Scream,The Scream,Nude Green Leaves and Bust,Bal du moulin de la Galette,Dora Maar au Chat,Black Fire I,Black Fire I,"Rideau, Cruchon et Compotier",Portrait of Dr. Gachet,Portrait of a Halberdier,Dora Maar au Chat,Portrait de l'artiste sans barbe,Eagle Standing on Pine Tree,Eagle Standing on Pine Tree,"Triptych, 1976",Black Fire I,Black Fire I,Black Fire I,Eagle Standing on Pine Tree,Eagle Standing on Pine Tree,Eagle Standing on Pine Tree,Three Studies for a Portrait of John Edwards,Three Studies for a Portrait of John Edwards,Three Studies for a Portrait of John Edwards,Suprematist Composition,Three Studies for a Portrait of John Edwards,Suprematist Composition,Suprematist Composition,Three Studies for a Portrait of John Edwards,Three Studies for a Portrait of John Edwards,Three Studies for a Portrait of John Edwards,Suprematist Composition,Suprematist Composition,Suprematist Composition,Suprematist Composition,Suprematist Composition
Nude Green Leaves and Bust,Nude Green Leaves and Bust,Nude Green Leaves and Bust,Nude Green Leaves and Bust,Nude Green Leaves and Bust,Silver Car Crash (Double Disaster),Eagle Standing on Pine Tree,Eagle Standing on Pine Tree,Eagle Standing on Pine Tree,Femme assise dans un jardin,Flag,Femme assise dans un jardin,Flag,Femme assise dans un jardin,The Scream,Dora Maar au Chat,Les Noces de Pierrette,Les Noces de Pierrette,Dora Maar au Chat,Black Fire I,Dora Maar au Chat,Black Fire I,"Rideau, Cruchon et Compotier",Portrait de l'artiste sans barbe,Portrait de l'artiste sans barbe,Eagle Standing on Pine Tree,Portrait de l'artiste sans barbe,"Triptych, 1976",Dora Maar au Chat,Dora Maar au Chat,Dora Maar au Chat,Portrait of Dr. Gachet,Eagle Standing on Pine Tree,Eagle Standing on Pine Tree,Eagle Standing on Pine Tree,Femme aux Bras Croises,Femme aux Bras Croises,Femme aux Bras Croises,Femme aux Bras Croises,Femme aux Bras Croises,Three Studies for a Portrait of John Edwards,Three Studies for a Portrait of John Edwards,Femme aux Bras Croises,Three Studies for a Portrait of John Edwards,Three Studies for a Portrait of John Edwards,Three Studies for a Portrait of John Edwards,Three Studies for a Portrait of John Edwards,Three Studies for a Portrait of John Edwards,Three Studies for a Portrait of John Edwards,Suprematist Composition
Nude Green Leaves and Bust,Nude Green Leaves and Bust,Nude Green Leaves and Bust,Nude Green Leaves and Bust,Nude Green Leaves and Bust,Suprematist Composition,Eagle Standing on Pine Tree,Eagle Standing on Pine Tree,Eagle Standing on Pine Tree,Femme assise dans un jardin,Femme assise dans un jardin,Femme assise dans un jardin,Femme assise dans un jardin,Femme assise dans un jardin,Femme assise dans un jardin,Dora Maar au Chat,Les Noces de Pierrette,Les Noces de Pierrette,Bal du moulin de la Galette,Dora Maar au Chat,Dora Maar au Chat,Dora Maar au Chat,Black Fire I,"Rideau, Cruchon et Compotier","Rideau, Cruchon et Compotier","Triptych, 1976",Dora Maar au Chat,Dora Maar au Chat,The Gross Clinic,The Gross Clinic,Black Fire I,Femme assise dans un jardin,Eagle Standing on Pine Tree,Eagle Standing on Pine Tree,Femme aux Bras Croises,Femme aux Bras Croises,Femme aux Bras Croises,Femme aux Bras Croises,Femme aux Bras Croises,Femme aux Bras Croises,Femme aux Bras Croises,Femme aux Bras Croises,Femme aux Bras Croises,Femme aux Bras Croises,Femme aux Bras Croises,Femme aux Bras Croises,Femme aux Bras Croises,Femme aux Bras Croises,Femme aux Bras Croises,Femme aux Bras Croises
Silver Car Crash (Double Disaster),Nude Green Leaves and Bust,Nude Green Leaves and Bust,Silver Car Crash (Double Disaster),Suprematist Composition,Eagle Standing on Pine Tree,Eagle Standing on Pine Tree,Eagle Standing on Pine Tree,Eagle Standing on Pine Tree,Eagle Standing on Pine Tree,Eagle Standing on Pine Tree,Eagle Standing on Pine Tree,Flag,Flag,Eagle Standing on Pine Tree,Femme assise dans un jardin,Men in Her Life,Adele Bloch-Bauer II,The Scream,Acrobate et jeune arlequin,Portrait of a Halberdier,Dora Maar au Chat,Dora Maar au Chat,Dora Maar au Chat,Dora Maar au Chat,Dora Maar au Chat,The Gross Clinic,The Gross Clinic,The Gross Clinic,Black Fire I,Peasant Woman Against a Background of Wheat,Femme assise dans un jardin,Eagle Standing on Pine Tree,Les Noces de Pierrette,Femme aux Bras Croises,Femme aux Bras Croises,Femme aux Bras Croises,Femme aux Bras Croises,Femme aux Bras Croises,Femme aux Bras Croises,Femme aux Bras Croises,Femme aux Bras Croises,Femme aux Bras Croises,Femme aux Bras Croises,Femme aux Bras Croises,Femme aux Bras Croises,Femme aux Bras Croises,Femme aux Bras Croises,Femme aux Bras Croises,Femme aux Bras Croises
Eagle Standing on Pine Tree,Eagle Standing on Pine Tree,Eagle Standing on Pine Tree,Eagle Standing on Pine Tree,Eagle Standing on Pine Tree,Eagle Standing on Pine Tree,Eagle Standing on Pine Tree,Eagle Standing on Pine Tree,Eagle Standing on Pine Tree,Eagle Standing on Pine Tree,Eagle Standing on Pine Tree,Eagle Standing on Pine Tree,Eagle Standing on Pine Tree,Eagle Standing on Pine Tree,Eagle Standing on Pine Tree,Eagle Standing on Pine Tree,Flag,Eagle Standing on Pine Tree,Flag,Femme assise dans un jardin,Dora Maar au Chat,"Triptych, 1976",Bal du moulin de la Galette,The Gross Clinic,The Gross Clinic,The Gross Clinic,The Gross Clinic,Dora Maar au Chat,Black Fire I,Portrait of Dr. Gachet,Peasant Woman Against a Background of Wheat,Eagle Standing on Pine Tree,Les Noces de Pierrette,Femme aux Bras Croises,Femme aux Bras Croises,Femme aux Bras Croises,Femme aux Bras Croises,Femme aux Bras Croises,Femme aux Bras Croises,Femme aux Bras Croises,Femme aux Bras Croises,Femme aux Bras Croises,Femme aux Bras Croises,Femme aux Bras Croises,Femme aux Bras Croises,Femme aux Bras Croises,Femme aux Bras Croises,Femme aux Bras Croises,Femme aux Bras Croises,Femme aux Bras Croises
Au Lapin Agile,Au Lapin Agile,Au Lapin Agile,Eagle Standing on Pine Tree,Eagle Standing on Pine Tree,Eagle Standing on Pine Tree,Eagle Standing on Pine Tree,Eagle Standing on Pine Tree,Eagle Standing on Pine Tree,Eagle Standing on Pine Tree,Eagle Standing on Pine Tree,Eagle Standing on Pine Tree,Eagle Standing on Pine Tree,Eagle Standing on Pine Tree,Eagle Standing on Pine Tree,Eagle Standing on Pine Tree,Flag,Portrait de l'artiste sans barbe,Portrait de l'artiste sans barbe,Eagle Standing on Pine Tree,Eagle Standing on Pine Tree,Eagle Standing on Pine Tree,"Triptych, 1976","Triptych, 1976",Portrait of Dr. Gachet,"Rideau, Cruchon et Compotier",Portrait of Dr. Gachet,Portrait of Dr. Gachet,Portrait of Dr. Gachet,Peasant Woman Against a Background of Wheat,Zhichuan Resettlemen,Les Noces de Pierrette,Femme aux Bras Croises,Femme aux Bras Croises,Femme aux Bras Croises,Femme aux Bras Croises,Femme aux Bras Croises,Femme aux Bras Croises,Femme aux Bras Croises,Femme aux Bras Croises,Femme aux Bras Croises,Femme aux Bras Croises,Femme aux Bras Croises,Femme aux Bras Croises,Femme aux Bras Croises,Femme aux Bras Croises,Femme aux Bras Croises,Femme aux Bras Croises,Femme aux Bras Croises,Femme aux Bras Croises
The Gross Clinic,Black Fire I,Portrait de l'artiste sans barbe,Eagle Standing on Pine Tree,Eagle Standing on Pine Tree,Eagle Standing on Pine Tree,Eagle Standing on Pine Tree,Eagle Standing on Pine Tree,Eagle Standing on Pine Tree,Eagle Standing on Pine Tree,Eagle Standing on Pine Tree,Eagle Standing on Pine Tree,Eagle Standing on Pine Tree,Eagle Standing on Pine Tree,Portrait de l'artiste sans barbe,"Rideau, Cruchon et Compotier",No. 5 1948,"Portrait of Alfonso d'Avalos, Marquis of Vasto, in Armor with a Page",The Gross Clinic,Zhichuan Resettlemen,Eagle Standing on Pine Tree,Eagle Standing on Pine Tree,Woman III,Eagle Standing on Pine Tree,"Triptych, 1976","Rideau, Cruchon et Compotier","Rideau, Cruchon et Compotier","Rideau, Cruchon et Compotier","Rideau, Cruchon et Compotier",Bal du moulin de la Galette,The Gross Clinic,The Gross Clinic,Femme aux Bras Croises,Femme aux Bras Croises,Femme aux Bras Croises,Femme aux Bras Croises,Femme aux Bras Croises,Femme aux Bras Croises,Femme aux Bras Croises,Femme aux Bras Croises,Femme aux Bras Croises,Femme aux Bras Croises,Femme aux Bras Croises,Femme aux Bras Croises,Femme aux Bras Croises,Femme aux Bras Croises,Femme aux Bras Croises,Femme aux Bras Croises,Femme aux Bras Croises,Femme aux Bras Croises
Bal du moulin de la Galette,Woman III,Eagle Standing on Pine Tree,Eagle Standing on Pine Tree,Eagle Standing on Pine Tree,Eagle Standing on Pine Tree,Eagle Standing on Pine Tree,Eagle Standing on Pine Tree,Eagle Standing on Pine Tree,Portrait de l'artiste sans barbe,"Triptych, 1976",Black Fire I,Black Fire I,Black Fire I,Bal du moulin de la Galette,The Gross Clinic,The Gross Clinic,The Gross Clinic,Bal du moulin de la Galette,Silver Car Crash (Double Disaster),Three Studies for a Portrait of John Edwards,Femme aux Bras Croises,Three Studies for a Portrait of John Edwards,Femme aux Bras Croises,Femme aux Bras Croises,Peasant Woman Against a Background of Wheat,Portrait of Dr. Gachet,Bal du moulin de la Galette,The Gross Clinic,The Gross Clinic,The Gross Clinic,Femme aux Bras Croises,Femme aux Bras Croises,Femme aux Bras Croises,Femme aux Bras Croises,Femme aux Bras Croises,Femme aux Bras Croises,Femme aux Bras Croises,Femme aux Bras Croises,Femme aux Bras Croises,Femme aux Bras Croises,Femme aux Bras Croises,Femme aux Bras Croises,Femme aux Bras Croises,Femme aux Bras Croises,Femme aux Bras Croises,Femme aux Bras Croises,Femme aux Bras Croises,Femme aux Bras Croises,Femme aux Bras Croises
"Triptych, 1976",Eagle Standing on Pine Tree,Eagle Standing on Pine Tree,Eagle Standing on Pine Tree,Eagle Standing on Pine Tree,Eagle Standing on Pine Tree,Eagle Standing on Pine Tree,Eagle Standing on Pine Tree,Peasant Woman Against a Background of Wheat,Black Fire I,Bal du moulin de la Galette,Bal du moulin de la Galette,Bal du moulin de la Galette,Bal du moulin de la Galette,Bal du moulin de la Galette,Bal du moulin de la Galette,Bal du moulin de la Galette,Les Noces de Pierrette,Femme aux Bras Croises,Femme aux Bras Croises,Femme aux Bras Croises,Femme aux Bras Croises,Femme aux Bras Croises,Femme aux Bras Croises,Femme aux Bras Croises,The Gross Clinic,The Gross Clinic,The Gross Clinic,The Gross Clinic,The Gross Clinic,Femme aux Bras Croises,Femme aux Bras Croises,Femme aux Bras Croises,Femme aux Bras Croises,Femme aux Bras Croises,Femme aux Bras Croises,Femme aux Bras Croises,Femme aux Bras Croises,Femme aux Bras Croises,Femme aux Bras Croises,Femme aux Bras Croises,Femme aux Bras Croises,Femme aux Bras Croises,Femme aux Bras Croises,Femme aux Bras Croises,Femme aux Bras Croises,Femme aux Bras Croises,Femme aux Bras Croises,Femme aux Bras Croises,Femme aux Bras Croises
Eagle Standing on Pine Tree,Eagle Standing on Pine Tree,Eagle Standing on Pine Tree,Eagle Standing on Pine Tree,Eagle Standing on Pine Tree,Eagle Standing on Pine Tree,Eagle Standing on Pine Tree,Peasant Woman Against a Background of Wheat,Black Fire I,Bal du moulin de la Galette,Bal du moulin de la Galette,Bal du moulin de la Galette,Bal du moulin de la Galette,Bal du moulin de la Galette,Bal du moulin de la Galette,Les Noces de Pierrette,Femme aux Bras Croises,Femme aux Bras Croises,Femme aux Bras Croises,Femme aux Bras Croises,Femme aux Bras Croises,Femme aux Bras Croises,The Gross Clinic,Femme aux Bras Croises,Femme aux Bras Croises,The Gross Clinic,The Gross Clinic,The Gross Clinic,The Gross Clinic,Femme aux Bras Croises,Femme aux Bras Croises,Femme aux Bras Croises,Femme aux Bras Croises,Femme aux Bras Croises,Femme aux Bras Croises,Femme aux Bras Croises,Femme aux Bras Croises,Femme aux Bras Croises,Femme aux Bras Croises,Femme aux Bras Croises,Femme aux Bras Croises,Femme aux Bras Croises,Femme aux Bras Croises,The Gross Clinic,Femme aux Bras Croises,Femme aux Bras Croises,Femme aux Bras Croises,Femme aux Bras Croises,Femme aux Bras Croises,Femme aux Bras Croises
Eagle Standing on Pine Tree,Eagle Standing on Pine Tree,Eagle Standing on Pine Tree,Eagle Standing on Pine Tree,Eagle Standing on Pine Tree,Eagle Standing on Pine Tree,Portrait de l'artiste sans barbe,Black Fire I,Bal du moulin de la Galette,Bal du moulin de la Galette,Bal du moulin de la Galette,Bal du moulin de la Galette,Bal du moulin de la Galette,Femme aux Bras Croises,Femme aux Bras Croises,Femme aux Bras Croises,Femme aux Bras Croises,Femme aux Bras Croises,Femme aux Bras Croises,Femme aux Bras Croises,Femme aux Bras Croises,The Gross Clinic,Femme aux Bras Croises,Femme aux Bras Croises,Femme aux Bras Croises,The Gross Clinic,The Gross Clinic,The Gross Clinic,The Gross Clinic,Femme aux Bras Croises,Femme aux Bras Croises,Femme aux Bras Croises,Femme aux Bras Croises,Femme aux Bras Croises,Femme aux Bras Croises,Femme aux Bras Croises,Femme aux Bras Croises,Femme aux Bras Croises,Femme aux Bras Croises,Femme aux Bras Croises,Femme aux Bras Croises,Femme aux Bras Croises,Femme aux Bras Croises,The Gross Clinic,Femme aux Bras Croises,Femme aux Bras Croises,Femme aux Bras Croises,Femme aux Bras Croises,Femme aux Bras Croises,Femme aux Bras Croises
Eagle Standing on Pine Tree,Eagle Standing on Pine Tree,Eagle Standing on Pine Tree,Eagle Standing on Pine Tree,Eagle Standing on Pine Tree,Portrait de l'artiste sans barbe,Portrait of Dr. Gachet,Black Fire I,Bal du moulin de la Galette,Bal du moulin de la Galette,Bal du moulin de la Galette,Les Noces de Pierrette,Femme aux Bras Croises,Femme aux Bras Croises,Femme aux Bras Croises,Femme aux Bras Croises,Femme aux Bras Croises,Femme aux Bras Croises,Femme aux Bras Croises,Femme aux Bras Croises,Femme aux Bras Croises,The Gross Clinic,Femme aux Bras Croises,Femme aux Bras Croises,Femme aux Bras Croises,The Gross Clinic,The Gross Clinic,The Gross Clinic,Les Noces de Pierrette,Femme aux Bras Croises,Femme aux Bras Croises,Femme aux Bras Croises,Femme aux Bras Croises,Femme aux Bras Croises,Femme aux Bras Croises,Femme aux Bras Croises,Femme aux Bras Croises,Femme aux Bras Croises,Femme aux Bras Croises,Femme aux Bras Croises,Femme aux Bras Croises,The Gross Clinic,Femme aux Bras Croises,The Gross Clinic,Femme aux Bras Croises,Femme aux Bras Croises,Femme aux Bras Croises,Femme aux Bras Croises,Femme aux Bras Croises,Femme aux Bras Croises
Eagle Standing on Pine Tree,Eagle Standing on Pine Tree,Eagle Standing on Pine Tree,Eagle Standing on Pine Tree,Portrait de l'artiste sans barbe,"Rideau, Cruchon et Compotier",Black Fire I,Nude Green Leaves and Bust,Nude Green Leaves and Bust,Three Studies for a Portrait of John Edwards,Femme aux Bras Croises,Femme aux Bras Croises,Femme aux Bras Croises,Femme aux Bras Croises,Femme aux Bras Croises,Femme aux Bras Croises,Femme aux Bras Croises,Femme aux Bras Croises,Femme aux Bras Croises,Femme aux Bras Croises,The Gross Clinic,The Gross Clinic,The Gross Clinic,Femme aux Bras Croises,Femme aux Bras Croises,Femme aux Bras Croises,The Gross Clinic,The Gross Clinic,Femme aux Bras Croises,Femme aux Bras Croises,Femme aux Bras Croises,Femme aux Bras Croises,Femme aux Bras Croises,Femme aux Bras Croises,Femme aux Bras Croises,Femme aux Bras Croises,Femme aux Bras Croises,Femme aux Bras Croises,Femme aux Bras Croises,Femme aux Bras Croises,Femme aux Bras Croises,The Gross Clinic,The Gross Clinic,Les Noces de Pierrette,Femme aux Bras Croises,Femme aux Bras Croises,Femme aux Bras Croises,Femme aux Bras Croises,Femme aux Bras Croises,Femme aux Bras Croises
Eagle Standing on Pine Tree,Eagle Standing on Pine Tree,Eagle Standing on Pine Tree,Portrait de l'artiste sans barbe,Peasant Woman Against a Background of Wheat,Nude Green Leaves and Bust,Femme aux Bras Croises,Femme aux Bras Croises,Femme aux Bras Croises,Femme aux Bras Croises,Femme aux Bras Croises,Femme aux Bras Croises,Femme aux Bras Croises,Femme aux Bras Croises,Femme aux Bras Croises,The Gross Clinic,The Gross Clinic,Femme aux Bras Croises,Femme aux Bras Croises,The Gross Clinic,The Gross Clinic,Femme aux Bras Croises,The Gross Clinic,Femme aux Bras Croises,Femme aux Bras Croises,Femme aux Bras Croises,Femme aux Bras Croises,The Gross Clinic,Femme aux Bras Croises,Femme aux Bras Croises,Femme aux Bras Croises,Femme aux Bras Croises,Femme aux Bras Croises,Femme aux Bras Croises,Femme aux Bras Croises,Femme aux Bras Croises,Femme aux Bras Croises,Femme aux Bras Croises,Femme aux Bras Croises,Femme aux Bras Croises,Femme aux Bras Croises,The Gross Clinic,The Gross Clinic,Femme aux Bras Croises,Femme aux Bras Croises,Femme aux Bras Croises,Femme aux Bras Croises,Femme aux Bras Croises,Femme aux Bras Croises,Femme aux Bras Croises
Eagle Standing on Pine Tree,Eagle Standing on Pine Tree,Portrait de l'artiste sans barbe,Portrait de l'artiste sans barbe,"Triptych, 1976",Femme aux Bras Croises,Femme aux Bras Croises,Femme aux Bras Croises,Femme aux Bras Croises,Femme aux Bras Croises,Femme aux Bras Croises,Femme aux Bras Croises,Femme aux Bras Croises,The Gross Clinic,The Gross Clinic,The Gross Clinic,The Gross Clinic,Femme aux Bras Croises,Femme aux Bras Croises,The Gross Clinic,The Gross Clinic,Femme aux Bras Croises,The Gross Clinic,The Gross Clinic,Femme aux Bras Croises,Femme aux Bras Croises,Femme aux Bras Croises,Les Noces de Pierrette,Femme aux Bras Croises,Femme aux Bras Croises,Femme aux Bras Croises,Femme aux Bras Croises,Femme aux Bras Croises,Femme aux Bras Croises,Femme aux Bras Croises,Femme aux Bras Croises,Femme aux Bras Croises,Femme aux Bras Croises,Femme aux Bras Croises,Femme aux Bras Croises,Femme aux Bras Croises,The Gross Clinic,The Gross Clinic,The Gross Clinic,Femme aux Bras Croises,Femme aux Bras Croises,The Gross Clinic,Femme aux Bras Croises,Femme aux Bras Croises,Femme aux Bras Croises
Eagle Standing on Pine Tree,Portrait de l'artiste sans barbe,Portrait de l'artiste sans barbe,Peasant Woman Against a Background of Wheat,Nude Green Leaves and Bust,Femme aux Bras Croises,Femme aux Bras Croises,Femme aux Bras Croises,Femme aux Bras Croises,Femme aux Bras Croises,Femme aux Bras Croises,The Gross Clinic,The Gross Clinic,The Gross Clinic,The Gross Clinic,The Gross Clinic,The Gross Clinic,Femme aux Bras Croises,The Gross Clinic,The Gross Clinic,The Gross Clinic,Femme aux Bras Croises,The Gross Clinic,The Gross Clinic,Femme aux Bras Croises,Les Noces de Pierrette,Les Noces de Pierrette,Femme aux Bras Croises,Femme aux Bras Croises,Femme aux Bras Croises,Femme aux Bras Croises,Femme aux Bras Croises,Femme aux Bras Croises,Femme aux Bras Croises,Femme aux Bras Croises,Femme aux Bras Croises,Femme aux Bras Croises,Femme aux Bras Croises,Femme aux Bras Croises,Femme aux Bras Croises,Femme aux Bras Croises,The Gross Clinic,The Gross Clinic,The Gross Clinic,Femme aux Bras Croises,Femme aux Bras Croises,The Gross Clinic,The Gross Clinic,Femme aux Bras Croises,Femme aux Bras Croises
Portrait de l'artiste sans barbe,Portrait de l'artiste sans barbe,Portrait de l'artiste sans barbe,Peasant Woman Against a Background of Wheat,Dora Maar au Chat,Femme aux Bras Croises,Femme aux Bras Croises,Femme aux Bras Croises,The Gross Clinic,The Gross Clinic,The Gross Clinic,The Gross Clinic,The Gross Clinic,The Gross Clinic,The Gross Clinic,The Gross Clinic,The Gross Clinic,Femme aux Bras Croises,The Gross Clinic,The Gross Clinic,The Gross Clinic,The Gross Clinic,Femme aux Bras Croises,Les Noces de Pierrette,Silver Car Crash (Double Disaster),Darmstadt Madonna,Silver Car Crash (Double Disaster),Femme aux Bras Croises,Femme aux Bras Croises,Femme aux Bras Croises,Femme aux Bras Croises,Femme aux Bras Croises,Femme aux Bras Croises,Femme aux Bras Croises,Femme aux Bras Croises,Femme aux Bras Croises,Femme aux Bras Croises,Femme aux Bras Croises,Femme aux Bras Croises,Femme aux Bras Croises,Femme aux Bras Croises,Les Noces de Pierrette,The Gross Clinic,The Gross Clinic,The Gross Clinic,Femme aux Bras Croises,The Gross Clinic,The Gross Clinic,Femme aux Bras Croises,Femme aux Bras Croises
Eagle Standing on Pine Tree,Portrait de l'artiste sans barbe,Peasant Woman Against a Background of Wheat,Peasant Woman Against a Background of Wheat,Femme assise dans un jardin,The Gross Clinic,The Gross Clinic,The Gross Clinic,The Gross Clinic,The Gross Clinic,The Gross Clinic,The Gross Clinic,The Gross Clinic,The Gross Clinic,The Gross Clinic,The Gross Clinic,The Gross Clinic,Femme aux Bras Croises,The Gross Clinic,The Gross Clinic,Femme aux Bras Croises,Femme aux Bras Croises,Femme aux Bras Croises,Suprematist Composition,Adele Bloch-Bauer II,Adele Bloch-Bauer II,Flag,Les Noces de Pierrette,Femme aux Bras Croises,Femme aux Bras Croises,Femme aux Bras Croises,Femme aux Bras Croises,Femme aux Bras Croises,Femme aux Bras Croises,Femme aux Bras Croises,Femme aux Bras Croises,Femme aux Bras Croises,Femme aux Bras Croises,Femme aux Bras Croises,Femme aux Bras Croises,Femme aux Bras Croises,Femme aux Bras Croises,The Gross Clinic,The Gross Clinic,The Gross Clinic,The Gross Clinic,The Gross Clinic,The Gross Clinic,Femme aux Bras Croises,Femme aux Bras Croises
Portrait de l'artiste sans barbe,Femme assise dans un jardin,Peasant Woman Against a Background of Wheat,Au Lapin Agile,Femme assise dans un jardin,Peasant Woman Against a Background of Wheat,The Gross Clinic,The Gross Clinic,The Gross Clinic,The Gross Clinic,The Gross Clinic,The Gross Clinic,The Gross Clinic,The Gross Clinic,The Gross Clinic,The Gross Clinic,The Gross Clinic,Femme aux Bras Croises,The Gross Clinic,The Gross Clinic,Femme aux Bras Croises,Femme aux Bras Croises,Femme aux Bras Croises,Untitled,Darmstadt Madonna,Adele Bloch-Bauer II,Suprematist Composition,Le Reve,Femme aux Bras Croises,Femme aux Bras Croises,Femme aux Bras Croises,Nude Green Leaves and Bust,Femme aux Bras Croises,Femme aux Bras Croises,Femme aux Bras Croises,Femme aux Bras Croises,Femme aux Bras Croises,Femme aux Bras Croises,Femme aux Bras Croises,Femme aux Bras Croises,Femme aux Bras Croises,Femme aux Bras Croises,The Gross Clinic,The Gross Clinic,The Gross Clinic,The Gross Clinic,Femme aux Bras Croises,The Gross Clinic,Femme aux Bras Croises,Femme aux Bras Croises
Eagle Standing on Pine Tree,Femme assise dans un jardin,The Scream,Femme assise dans un jardin,Femme assise dans un jardin,Femme assise dans un jardin,Portrait de l'artiste sans barbe,The Gross Clinic,The Gross Clinic,The Gross Clinic,The Gross Clinic,The Gross Clinic,The Gross Clinic,The Gross Clinic,The Gross Clinic,The Gross Clinic,The Gross Clinic,Femme aux Bras Croises,The Gross Clinic,The Gross Clinic,Femme aux Bras Croises,Femme aux Bras Croises,Femme aux Bras Croises,Flag,Untitled,Untitled,Untitled,Le Reve,Flag,Les Noces de Pierrette,Silver Car Crash (Double Disaster),Femme assise dans un jardin,Les Noces de Pierrette,Nude Green Leaves and Bust,Silver Car Crash (Double Disaster),Nude Green Leaves and Bust,Les Noces de Pierrette,Femme aux Bras Croises,Les Noces de Pierrette,Les Noces de Pierrette,Femme aux Bras Croises,Femme aux Bras Croises,Femme aux Bras Croises,The Gross Clinic,The Gross Clinic,The Gross Clinic,Femme aux Bras Croises,The Gross Clinic,Femme aux Bras Croises,Femme aux Bras Croises
Femme assise dans un jardin,Peasant Woman Against a Background of Wheat,Peasant Woman Against a Background of Wheat,Femme assise dans un jardin,Femme assise dans un jardin,Femme assise dans un jardin,Femme assise dans un jardin,Portrait de l'artiste sans barbe,Dora Maar au Chat,The Gross Clinic,The Gross Clinic,The Gross Clinic,The Gross Clinic,The Gross Clinic,The Gross Clinic,The Gross Clinic,The Gross Clinic,Les Noces de Pierrette,The Gross Clinic,The Gross Clinic,The Gross Clinic,Femme aux Bras Croises,Les Noces de Pierrette,Untitled,Suprematist Composition,Untitled,Untitled,Flag,Eagle Standing on Pine Tree,Flag,Three Studies of Lucian Freud,Three Studies of Lucian Freud,Three Studies of Lucian Freud,Three Studies of Lucian Freud,Three Studies of Lucian Freud,Three Studies of Lucian Freud,Three Studies of Lucian Freud,Femme assise dans un jardin,Les Noces de Pierrette,The Gross Clinic,The Gross Clinic,The Gross Clinic,Femme aux Bras Croises,The Gross Clinic,The Gross Clinic,The Gross Clinic,The Gross Clinic,The Gross Clinic,Les Noces de Pierrette,Femme aux Bras Croises
Femme assise dans un jardin,Peasant Woman Against a Background of Wheat,Femme assise dans un jardin,Femme assise dans un jardin,Femme assise dans un jardin,Eagle Standing on Pine Tree,Eagle Standing on Pine Tree,Eagle Standing on Pine Tree,Eagle Standing on Pine Tree,Black Fire I,The Gross Clinic,The Gross Clinic,The Gross Clinic,The Gross Clinic,The Gross Clinic,The Gross Clinic,The Gross Clinic,No 1 (Royal Red and Blue),Untitled,The Gross Clinic,The Gross Clinic,Darmstadt Madonna,Flag,Flag,Suprematist Composition,Flag,Untitled,Suprematist Composition,Eagle Standing on Pine Tree,Eagle Standing on Pine Tree,Three Studies of Lucian Freud,Three Studies of Lucian Freud,Three Studies of Lucian Freud,Three Studies of Lucian Freud,Three Studies of Lucian Freud,Three Studies of Lucian Freud,Three Studies of Lucian Freud,Three Studies of Lucian Freud,Three Studies of Lucian Freud,Dora Maar au Chat,The Gross Clinic,The Gross Clinic,The Gross Clinic,The Gross Clinic,The Gross Clinic,The Gross Clinic,The Gross Clinic,The Gross Clinic,The Gross Clinic,Femme aux Bras Croises
Femme assise dans un jardin,Femme assise dans un jardin,Eagle Standing on Pine Tree,Eagle Standing on Pine Tree,Eagle Standing on Pine Tree,A Wheatfield with Cypresses,A Wheatfield with Cypresses,Irises,Silver Car Crash (Double Disaster),Nude Green Leaves and Bust,The Gross Clinic,The Gross Clinic,The Gross Clinic,The Gross Clinic,The Gross Clinic,The Gross Clinic,The Gross Clinic,No 1 (Royal Red and Blue),No 1 (Royal Red and Blue),No 1 (Royal Red and Blue),No 1 (Royal Red and Blue),Untitled,Suprematist Composition,Flag,Suprematist Composition,Suprematist Composition,Untitled,Flag,Flag,Femme assise dans un jardin,Femme assise dans un jardin,Three Studies of Lucian Freud,Three Studies of Lucian Freud,Peasant Woman Against a Background of Wheat,Zhichuan Resettlemen,Peasant Woman Against a Background of Wheat,Three Studies of Lucian Freud,Three Studies of Lucian Freud,Three Studies of Lucian Freud,Three Studies of Lucian Freud,Dora Maar au Chat,The Gross Clinic,The Gross Clinic,The Gross Clinic,The Gross Clinic,The Gross Clinic,The Gross Clinic,The Gross Clinic,The Gross Clinic,Femme aux Bras Croises
Eagle Standing on Pine Tree,Zhichuan Resettlemen,Le Bassin aux Nympheas,Portrait of Joseph Roulin,Le Bassin aux Nympheas,Portrait of Joseph Roulin,Irises,Nude Green Leaves and Bust,Nude Green Leaves and Bust,Silver Car Crash (Double Disaster),Bal du moulin de la Galette,Bal du moulin de la Galette,Les Noces de Pierrette,Nude Green Leaves and Bust,Silver Car Crash (Double Disaster),Silver Car Crash (Double Disaster),Darmstadt Madonna,No 1 (Royal Red and Blue),Untitled,No 1 (Royal Red and Blue),No 1 (Royal Red and Blue),Untitled,Untitled,No 1 (Royal Red and Blue),Flag,Flag,Adele Bloch-Bauer II,Adele Bloch-Bauer II,Flag,Eagle Standing on Pine Tree,Femme assise dans un jardin,Three Studies of Lucian Freud,Three Studies of Lucian Freud,Nude Green Leaves and Bust,Femme aux Bras Croises,Femme aux Bras Croises,Les Noces de Pierrette,Three Studies of Lucian Freud,Three Studies of Lucian Freud,Three Studies of Lucian Freud,Three Studies of Lucian Freud,The Gross Clinic,The Gross Clinic,The Gross Clinic,The Gross Clinic,The Gross Clinic,The Gross Clinic,The Gross Clinic,The Gross Clinic,The Gross Clinic
Bal du moulin de la Galette,Bal du moulin de la Galette,Portrait of Joseph Roulin,Le Bassin aux Nympheas,Bal du moulin de la Galette,Bal du moulin de la Galette,Nude Green Leaves and Bust,Nude Green Leaves and Bust,Silver Car Crash (Double Disaster),Silver Car Crash (Double Disaster),Silver Car Crash (Double Disaster),Silver Car Crash (Double Disaster),Silver Car Crash (Double Disaster),Silver Car Crash (Double Disaster),Silver Car Crash (Double Disaster),Silver Car Crash (Double Disaster),Darmstadt Madonna,No 1 (Royal Red and Blue),Les Noces de Pierrette,Les Noces de Pierrette,No 1 (Royal Red and Blue),Untitled,No 1 (Royal Red and Blue),Untitled,Flag,Untitled,Untitled,Flag,Flag,Femme assise dans un jardin,The Scream,Three Studies of Lucian Freud,Three Studies of Lucian Freud,Dora Maar au Chat,Femme aux Bras Croises,Femme aux Bras Croises,Femme aux Bras Croises,Nude Green Leaves and Bust,Three Studies of Lucian Freud,Three Studies of Lucian Freud,Three Studies of Lucian Freud,Bal du moulin de la Galette,Les Noces de Pierrette,The Gross Clinic,The Gross Clinic,The Gross Clinic,The Gross Clinic,The Gross Clinic,The Gross Clinic,The Gross Clinic