Massacre of the Innocents,Massacre of the Innocents,Police Gazette,Garcon a la pipe,Garcon a la pipe,Garcon a la pipe,Garcon a la pipe,Garcon a la pipe,Garcon a la pipe,Garcon a la pipe,No. 5 1948,Bal du moulin de la Galette,Silver Car Crash (Double Disaster),Suprematist Composition,Three Studies for a Portrait of John Edwards,Three Studies for a Portrait of John Edwards,Three Studies for a Portrait of John Edwards,Three Studies for a Portrait of John Edwards,Three Studies for a Portrait of John Edwards,Three Studies for a Portrait of John Edwards,Three Studies for a Portrait of John Edwards,Three Studies for a Portrait of John Edwards,Three Studies for a Portrait of John Edwards,Three Studies for a Portrait of John Edwards,Three Studies for a Portrait of John Edwards,Three Studies for a Portrait of John Edwards,Three Studies for a Portrait of John Edwards,Three Studies for a Portrait of John Edwards,Three Studies for a Portrait of John Edwards,Three Studies for a Portrait of John Edwards,Three Studies for a Portrait of John Edwards,Three Studies for a Portrait of John Edwards,Three Studies for a Portrait of John Edwards,Three Studies for a Portrait of John Edwards,Suprematist Composition,Three Studies for a Portrait of John Edwards,Three Studies for a Portrait of John Edwards,Three Studies for a Portrait of John Edwards,Three Studies for a Portrait of John Edwards,Three Studies for a Portrait of John Edwards,Green Car Crash (Green Burning Car I),Les Noces de Pierrette,Les Noces de Pierrette,Bal du moulin de la Galette,Bal du moulin de la Galette,Les Noces de Pierrette,Les Noces de Pierrette,Les Noces de Pierrette,Green Car Crash (Green Burning Car I),Three Studies for a Portrait of John Edwards
Massacre of the Innocents,Massacre of the Innocents,Massacre of the Innocents,Massacre of the Innocents,Massacre of the Innocents,Massacre of the Innocents,Garcon a la pipe,Garcon a la pipe,Garcon a la pipe,Garcon a la pipe,Diana and Actaeon,Nude Green Leaves and Bust,Silver Car Crash (Double Disaster),Suprematist Composition,Three Studies for a Portrait of John Edwards,Three Studies for a Portrait of John Edwards,Three Studies for a Portrait of John Edwards,Three Studies for a Portrait of John Edwards,Three Studies for a Portrait of John Edwards,Three Studies for a Portrait of John Edwards,Three Studies for a Portrait of John Edwards,Three Studies for a Portrait of John Edwards,Three Studies for a Portrait of John Edwards,Three Studies for a Portrait of John Edwards,Three Studies for a Portrait of John Edwards,Three Studies for a Portrait of John Edwards,Three Studies for a Portrait of John Edwards,Three Studies for a Portrait of John Edwards,Three Studies for a Portrait of John Edwards,Three Studies for a Portrait of John Edwards,Three Studies for a Portrait of John Edwards,Three Studies for a Portrait of John Edwards,Three Studies for a Portrait of John Edwards,Three Studies for a Portrait of John Edwards,Suprematist Composition,Three Studies for a Portrait of John Edwards,Three Studies for a Portrait of John Edwards,Three Studies for a Portrait of John Edwards,Three Studies for a Portrait of John Edwards,Three Studies for a Portrait of John Edwards,Nude Green Leaves and Bust,Les Noces de Pierrette,Les Noces de Pierrette,Bal du moulin de la Galette,Bal du moulin de la Galette,Les Noces de Pierrette,Les Noces de Pierrette,Les Noces de Pierrette,Green Car Crash (Green Burning Car I),Three Studies for a Portrait of John Edwards
Massacre of the Innocents,Massacre of the Innocents,Massacre of the Innocents,Massacre of the Innocents,Massacre of the Innocents,Massacre of the Innocents,Police Gazette,Garcon a la pipe,Garcon a la pipe,Massacre of the Innocents,Diana and Actaeon,Dora Maar au Chat,Suprematist Composition,Suprematist Composition,Three Studies for a Portrait of John Edwards,Three Studies for a Portrait of John Edwards,Three Studies for a Portrait of John Edwards,Three Studies for a Portrait of John Edwards,Three Studies for a Portrait of John Edwards,Three Studies for a Portrait of John Edwards,Three Studies for a Portrait of John Edwards,Three Studies for a Portrait of John Edwards,Three Studies for a Portrait of John Edwards,Three Studies for a Portrait of John Edwards,Three Studies for a Portrait of John Edwards,Three Studies for a Portrait of John Edwards,Three Studies for a Portrait of John Edwards,Three Studies for a Portrait of John Edwards,Three Studies for a Portrait of John Edwards,Three Studies for a Portrait of John Edwards,Three Studies for a Portrait of John Edwards,Three Studies for a Portrait of John Edwards,Three Studies for a Portrait of John Edwards,Three Studies for a Portrait of John Edwards,Suprematist Composition,Suprematist Composition,Suprematist Composition,Suprematist Composition,Three Studies for a Portrait of John Edwards,Three Studies for a Portrait of John Edwards,Nude Green Leaves and Bust,Les Noces de Pierrette,Les Noces de Pierrette,Les Noces de Pierrette,Les Noces de Pierrette,Les Noces de Pierrette,Les Noces de Pierrette,Les Noces de Pierrette,Nude Green Leaves and Bust,Three Studies for a Portrait of John Edwards
Massacre of the Innocents,Massacre of the Innocents,Massacre of the Innocents,Massacre of the Innocents,Massacre of the Innocents,Massacre of the Innocents,Massacre of the Innocents,Garcon a la pipe,Garcon a la pipe,Garcon a la pipe,Garcon a la pipe,Dora Maar au Chat,Suprematist Composition,Suprematist Composition,Three Studies for a Portrait of John Edwards,Three Studies for a Portrait of John Edwards,Three Studies for a Portrait of John Edwards,Three Studies for a Portrait of John Edwards,Three Studies for a Portrait of John Edwards,Three Studies for a Portrait of John Edwards,Three Studies for a Portrait of John Edwards,Three Studies for a Portrait of John Edwards,Three Studies for a Portrait of John Edwards,Three Studies for a Portrait of John Edwards,Three Studies for a Portrait of John Edwards,Three Studies for a Portrait of John Edwards,Three Studies for a Portrait of John Edwards,Three Studies for a Portrait of John Edwards,Three Studies for a Portrait of John Edwards,Three Studies for a Portrait of John Edwards,Three Studies for a Portrait of John Edwards,Three Studies for a Portrait of John Edwards,Suprematist Composition,Suprematist Composition,Suprematist Composition,Suprematist Composition,Suprematist Composition,Suprematist Composition,Suprematist Composition,Suprematist Composition,Silver Car Crash (Double Disaster),Bal du moulin de la Galette,Bal du moulin de la Galette,Bal du moulin de la Galette,Les Noces de Pierrette,Les Noces de Pierrette,Les Noces de Pierrette,Les Noces de Pierrette,Nude Green Leaves and Bust,Suprematist Composition
Massacre of the Innocents,Massacre of the Innocents,Massacre of the Innocents,Massacre of the Innocents,Massacre of the Innocents,Massacre of the Innocents,Massacre of the Innocents,Massacre of the Innocents,Garcon a la pipe,Garcon a la pipe,Garcon a la pipe,The Scream,Suprematist Composition,Suprematist Composition,Suprematist Composition,Three Studies for a Portrait of John Edwards,Suprematist Composition,Suprematist Composition,Suprematist Composition,Three Studies for a Portrait of John Edwards,Three Studies for a Portrait of John Edwards,Three Studies for a Portrait of John Edwards,Suprematist Composition,Suprematist Composition,Suprematist Composition,Suprematist Composition,Suprematist Composition,Suprematist Composition,Suprematist Composition,Three Studies for a Portrait of John Edwards,Three Studies for a Portrait of John Edwards,Three Studies for a Portrait of John Edwards,Suprematist Composition,Suprematist Composition,Suprematist Composition,Suprematist Composition,Suprematist Composition,Suprematist Composition,Suprematist Composition,Suprematist Composition,Men in Her Life,Silver Car Crash (Double Disaster),Nude Green Leaves and Bust,Bal du moulin de la Galette,Les Noces de Pierrette,Les Noces de Pierrette,Les Noces de Pierrette,Les Noces de Pierrette,Silver Car Crash (Double Disaster),Suprematist Composition
Massacre of the Innocents,Massacre of the Innocents,Police Gazette,Police Gazette,Massacre of the Innocents,Massacre of the Innocents,Massacre of the Innocents,Police Gazette,Adele Bloch-Bauer II,Acrobate et jeune arlequin,Garcon a la pipe,The Scream,Suprematist Composition,Suprematist Composition,Suprematist Composition,Suprematist Composition,Suprematist Composition,Suprematist Composition,Suprematist Composition,Suprematist Composition,Suprematist Composition,Suprematist Composition,Suprematist Composition,Suprematist Composition,Suprematist Composition,Suprematist Composition,Suprematist Composition,Suprematist Composition,Suprematist Composition,Suprematist Composition,Suprematist Composition,Suprematist Composition,Suprematist Composition,Suprematist Composition,Suprematist Composition,Suprematist Composition,Suprematist Composition,Suprematist Composition,Men in Her Life,Adele Bloch-Bauer II,Adele Bloch-Bauer II,"Triptych, 1976",Adele Bloch-Bauer II,Men in Her Life,Dora Maar au Chat,Bal du moulin de la Galette,Green Car Crash (Green Burning Car I),Bal du moulin de la Galette,Silver Car Crash (Double Disaster),Suprematist Composition
The Card Players,Police Gazette,Femme assise dans un jardin,The Scream,Police Gazette,Massacre of the Innocents,Police Gazette,Femme assise dans un jardin,Eagle Standing on Pine Tree,Adele Bloch-Bauer II,Garcon a la pipe,Diana and Actaeon,Suprematist Composition,Suprematist Composition,Suprematist Composition,Suprematist Composition,Suprematist Composition,Suprematist Composition,Suprematist Composition,Suprematist Composition,Suprematist Composition,Suprematist Composition,Suprematist Composition,Suprematist Composition,Suprematist Composition,Suprematist Composition,Suprematist Composition,Suprematist Composition,Suprematist Composition,Suprematist Composition,Suprematist Composition,Suprematist Composition,Suprematist Composition,Suprematist Composition,Suprematist Composition,Suprematist Composition,Suprematist Composition,Men in Her Life,"Triptych, 1976",Dora Maar au Chat,Dora Maar au Chat,The Scream,Adele Bloch-Bauer II,Adele Bloch-Bauer II,Portrait de l'artiste sans barbe,Men in Her Life,Bal du moulin de la Galette,Bal du moulin de la Galette,Silver Car Crash (Double Disaster),Suprematist Composition
No. 5 1948,Dora Maar au Chat,Portrait de l'artiste sans barbe,The Scream,Police Gazette,Police Gazette,Police Gazette,Femme assise dans un jardin,Femme assise dans un jardin,The Scream,Police Gazette,Police Gazette,Portrait de l'artiste sans barbe,Suprematist Composition,Suprematist Composition,Suprematist Composition,Suprematist Composition,Suprematist Composition,Suprematist Composition,Suprematist Composition,Suprematist Composition,Suprematist Composition,Suprematist Composition,Suprematist Composition,Suprematist Composition,Suprematist Composition,Suprematist Composition,Suprematist Composition,Suprematist Composition,Suprematist Composition,Suprematist Composition,Suprematist Composition,Suprematist Composition,Suprematist Composition,Suprematist Composition,Suprematist Composition,Men in Her Life,Adele Bloch-Bauer II,Dora Maar au Chat,Dora Maar au Chat,Adele Bloch-Bauer II,Portrait de l'artiste sans barbe,Portrait de l'artiste sans barbe,Portrait de l'artiste sans barbe,Portrait de l'artiste sans barbe,Portrait de l'artiste sans barbe,Nude Green Leaves and Bust,Green Car Crash (Green Burning Car I),Three Studies for a Portrait of John Edwards,Suprematist Composition
The Gross Clinic,Dora Maar au Chat,Portrait de l'artiste sans barbe,Police Gazette,Massacre of the Innocents,Massacre of the Innocents,Police Gazette,Police Gazette,Police Gazette,The Scream,The Scream,Police Gazette,The Scream,Suprematist Composition,Three Studies for a Portrait of John Edwards,Suprematist Composition,Suprematist Composition,Suprematist Composition,Suprematist Composition,Suprematist Composition,Suprematist Composition,Suprematist Composition,Suprematist Composition,Suprematist Composition,Suprematist Composition,Suprematist Composition,Suprematist Composition,Suprematist Composition,Suprematist Composition,Suprematist Composition,Suprematist Composition,Suprematist Composition,Suprematist Composition,Suprematist Composition,Suprematist Composition,Silver Car Crash (Double Disaster),Men in Her Life,Adele Bloch-Bauer II,Adele Bloch-Bauer II,Adele Bloch-Bauer II,Adele Bloch-Bauer II,Portrait de l'artiste sans barbe,Portrait de l'artiste sans barbe,Portrait de l'artiste sans barbe,Portrait de l'artiste sans barbe,The Scream,"Triptych, 1976",Green Car Crash (Green Burning Car I),Three Studies for a Portrait of John Edwards,Suprematist Composition
The Gross Clinic,Dora Maar au Chat,The Scream,Police Gazette,Police Gazette,Massacre of the Innocents,Police Gazette,Massacre of the Innocents,Police Gazette,The Scream,The Scream,The Scream,The Scream,Suprematist Composition,Three Studies for a Portrait of John Edwards,Suprematist Composition,Suprematist Composition,Suprematist Composition,Suprematist Composition,Suprematist Composition,Suprematist Composition,Suprematist Composition,Suprematist Composition,Suprematist Composition,Suprematist Composition,Suprematist Composition,Suprematist Composition,Suprematist Composition,Suprematist Composition,Suprematist Composition,Suprematist Composition,Suprematist Composition,Three Studies for a Portrait of John Edwards,Suprematist Composition,Suprematist Composition,Men in Her Life,Men in Her Life,"Triptych, 1976","Triptych, 1976",Adele Bloch-Bauer II,Adele Bloch-Bauer II,Portrait de l'artiste sans barbe,Portrait de l'artiste sans barbe,Portrait de l'artiste sans barbe,Portrait de l'artiste sans barbe,Acrobate et jeune arlequin,Dora Maar au Chat,Nude Green Leaves and Bust,Three Studies for a Portrait of John Edwards,Suprematist Composition
Dora Maar au Chat,Dora Maar au Chat,Au Lapin Agile,Police Gazette,Police Gazette,Police Gazette,Police Gazette,Massacre of the Innocents,Police Gazette,Police Gazette,The Scream,The Scream,The Scream,Suprematist Composition,Three Studies for a Portrait of John Edwards,Suprematist Composition,Suprematist Composition,Suprematist Composition,Suprematist Composition,Suprematist Composition,Suprematist Composition,Suprematist Composition,Suprematist Composition,Suprematist Composition,Suprematist Composition,Suprematist Composition,Suprematist Composition,Suprematist Composition,Suprematist Composition,Suprematist Composition,Suprematist Composition,Suprematist Composition,Suprematist Composition,Suprematist Composition,Suprematist Composition,Men in Her Life,Dora Maar au Chat,Dora Maar au Chat,"Triptych, 1976",Dora Maar au Chat,Portrait of a Halberdier,The Scream,The Scream,Femme assise dans un jardin,Flag,Adele Bloch-Bauer II,Portrait de l'artiste sans barbe,Nude Green Leaves and Bust,Three Studies for a Portrait of John Edwards,Three Studies for a Portrait of John Edwards
Les Noces de Pierrette,Bal du moulin de la Galette,Bal du moulin de la Galette,Au Lapin Agile,Police Gazette,Police Gazette,Police Gazette,Police Gazette,Police Gazette,Police Gazette,The Scream,The Scream,The Scream,Suprematist Composition,Suprematist Composition,Suprematist Composition,Suprematist Composition,Suprematist Composition,Suprematist Composition,Suprematist Composition,Suprematist Composition,Suprematist Composition,Suprematist Composition,Suprematist Composition,Suprematist Composition,Suprematist Composition,Suprematist Composition,Suprematist Composition,Suprematist Composition,Suprematist Composition,Suprematist Composition,Suprematist Composition,Suprematist Composition,Suprematist Composition,Suprematist Composition,Men in Her Life,Dora Maar au Chat,Acrobate et jeune arlequin,Acrobate et jeune arlequin,The Scream,The Scream,Femme assise dans un jardin,Femme assise dans un jardin,Femme assise dans un jardin,Flag,Flag,Adele Bloch-Bauer II,Men in Her Life,Suprematist Composition,Three Studies for a Portrait of John Edwards
Les Noces de Pierrette,Bal du moulin de la Galette,Bal du moulin de la Galette,"Rideau, Cruchon et Compotier",The Scream,Police Gazette,Police Gazette,Police Gazette,Police Gazette,Police Gazette,Acrobate et jeune arlequin,The Scream,Police Gazette,Suprematist Composition,Suprematist Composition,Suprematist Composition,Suprematist Composition,Suprematist Composition,Suprematist Composition,Suprematist Composition,Suprematist Composition,Suprematist Composition,Suprematist Composition,Suprematist Composition,Suprematist Composition,Suprematist Composition,Suprematist Composition,Suprematist Composition,Suprematist Composition,Suprematist Composition,Suprematist Composition,Suprematist Composition,Suprematist Composition,Suprematist Composition,Silver Car Crash (Double Disaster),Portrait de l'artiste sans barbe,Flag,Flag,Acrobate et jeune arlequin,The Scream,Flag,Flag,Flag,Eagle Standing on Pine Tree,Eagle Standing on Pine Tree,Flag,Adele Bloch-Bauer II,"Triptych, 1976",Suprematist Composition,Suprematist Composition
Les Noces de Pierrette,Les Noces de Pierrette,Les Noces de Pierrette,Portrait de l'artiste sans barbe,Femme assise dans un jardin,Police Gazette,Police Gazette,Police Gazette,Police Gazette,The Scream,Acrobate et jeune arlequin,The Scream,The Scream,Suprematist Composition,Suprematist Composition,Suprematist Composition,Suprematist Composition,Suprematist Composition,Suprematist Composition,Suprematist Composition,Suprematist Composition,Suprematist Composition,Suprematist Composition,Suprematist Composition,Suprematist Composition,Suprematist Composition,Suprematist Composition,Suprematist Composition,Suprematist Composition,Suprematist Composition,Suprematist Composition,Suprematist Composition,Suprematist Composition,Suprematist Composition,Suprematist Composition,Eagle Standing on Pine Tree,Flag,Flag,Flag,Flag,Flag,Flag,Eagle Standing on Pine Tree,Eagle Standing on Pine Tree,Eagle Standing on Pine Tree,Eagle Standing on Pine Tree,Portrait de l'artiste sans barbe,Adele Bloch-Bauer II,Men in Her Life,Suprematist Composition
Bal du moulin de la Galette,Bal du moulin de la Galette,Les Noces de Pierrette,Dora Maar au Chat,The Scream,Diana and Callisto,Police Gazette,Police Gazette,Police Gazette,Police Gazette,The Scream,The Scream,The Scream,Suprematist Composition,Suprematist Composition,Suprematist Composition,Suprematist Composition,Suprematist Composition,Suprematist Composition,Suprematist Composition,Suprematist Composition,Suprematist Composition,Suprematist Composition,Suprematist Composition,Suprematist Composition,Suprematist Composition,Suprematist Composition,Suprematist Composition,Suprematist Composition,Suprematist Composition,Suprematist Composition,Suprematist Composition,Suprematist Composition,Suprematist Composition,Suprematist Composition,Eagle Standing on Pine Tree,Flag,Flag,Flag,Flag,Flag,Flag,Eagle Standing on Pine Tree,Eagle Standing on Pine Tree,Eagle Standing on Pine Tree,Eagle Standing on Pine Tree,Eagle Standing on Pine Tree,Adele Bloch-Bauer II,Adele Bloch-Bauer II,Suprematist Composition
Bal du moulin de la Galette,Bal du moulin de la Galette,Les Noces de Pierrette,The Scream,The Scream,Peasant Woman Against a Background of Wheat,Police Gazette,Police Gazette,Police Gazette,Police Gazette,Femme assise dans un jardin,Adele Bloch-Bauer II,Portrait de l'artiste sans barbe,Suprematist Composition,Suprematist Composition,Suprematist Composition,Suprematist Composition,Suprematist Composition,Suprematist Composition,Suprematist Composition,Suprematist Composition,Suprematist Composition,Suprematist Composition,Suprematist Composition,Suprematist Composition,Suprematist Composition,Suprematist Composition,Suprematist Composition,Suprematist Composition,Suprematist Composition,Suprematist Composition,Suprematist Composition,Suprematist Composition,Suprematist Composition,Suprematist Composition,Eagle Standing on Pine Tree,Flag,Flag,Flag,Flag,Flag,Flag,Flag,Flag,Eagle Standing on Pine Tree,Eagle Standing on Pine Tree,Eagle Standing on Pine Tree,Flag,Eagle Standing on Pine Tree,Suprematist Composition
Bal du moulin de la Galette,Les Noces de Pierrette,Bal du moulin de la Galette,Portrait of a Halberdier,Darmstadt Madonna,Eagle Standing on Pine Tree,The Scream,Police Gazette,Police Gazette,Police Gazette,Femme assise dans un jardin,Adele Bloch-Bauer II,Adele Bloch-Bauer II,Suprematist Composition,Suprematist Composition,Suprematist Composition,Suprematist Composition,Suprematist Composition,Suprematist Composition,Suprematist Composition,Suprematist Composition,Suprematist Composition,Suprematist Composition,Suprematist Composition,Suprematist Composition,Suprematist Composition,Suprematist Composition,Suprematist Composition,Suprematist Composition,Suprematist Composition,Suprematist Composition,Suprematist Composition,Suprematist Composition,Suprematist Composition,Suprematist Composition,Flag,Flag,Flag,Flag,Flag,Flag,Femme assise dans un jardin,Le Reve,Flag,Eagle Standing on Pine Tree,Eagle Standing on Pine Tree,Eagle Standing on Pine Tree,Adele Bloch-Bauer II,Adele Bloch-Bauer II,Adele Bloch-Bauer II
Les Noces de Pierrette,Les Noces de Pierrette,Bal du moulin de la Galette,Black Fire I,Adele Bloch-Bauer II,Woman III,The Scream,Police Gazette,Police Gazette,The Scream,Femme assise dans un jardin,The Scream,Adele Bloch-Bauer II,Suprematist Composition,Suprematist Composition,Suprematist Composition,Suprematist Composition,Suprematist Composition,Suprematist Composition,Suprematist Composition,Suprematist Composition,Suprematist Composition,Suprematist Composition,Suprematist Composition,Suprematist Composition,Suprematist Composition,Suprematist Composition,Suprematist Composition,Suprematist Composition,Suprematist Composition,Suprematist Composition,Suprematist Composition,Suprematist Composition,Suprematist Composition,Suprematist Composition,Flag,Flag,Flag,Flag,Flag,Femme assise dans un jardin,Femme assise dans un jardin,Femme assise dans un jardin,Flag,Eagle Standing on Pine Tree,Eagle Standing on Pine Tree,Portrait de l'artiste sans barbe,Acrobate et jeune arlequin,Acrobate et jeune arlequin,Adele Bloch-Bauer II
Les Noces de Pierrette,Les Noces de Pierrette,Les Noces de Pierrette,"Triptych, 1976",Eagle Standing on Pine Tree,"Triptych, 1976",Police Gazette,Police Gazette,Peasant Woman Against a Background of Wheat,Femme assise dans un jardin,Femme assise dans un jardin,Portrait de l'artiste sans barbe,Adele Bloch-Bauer II,Suprematist Composition,Three Studies for a Portrait of John Edwards,Suprematist Composition,Suprematist Composition,Suprematist Composition,Suprematist Composition,Suprematist Composition,Suprematist Composition,Suprematist Composition,Suprematist Composition,Suprematist Composition,Suprematist Composition,Suprematist Composition,Suprematist Composition,Suprematist Composition,Suprematist Composition,Suprematist Composition,Suprematist Composition,Suprematist Composition,Suprematist Composition,Suprematist Composition,Suprematist Composition,Flag,Flag,Flag,Flag,Flag,Femme assise dans un jardin,Flag,Flag,Flag,Flag,Eagle Standing on Pine Tree,Portrait de l'artiste sans barbe,Dora Maar au Chat,Portrait of a Halberdier,Dora Maar au Chat
Les Noces de Pierrette,Les Noces de Pierrette,Les Noces de Pierrette,Dora Maar au Chat,Eagle Standing on Pine Tree,Portrait de l'artiste sans barbe,Massacre of the Innocents,Police Gazette,Peasant Woman Against a Background of Wheat,The Scream,The Scream,Portrait de l'artiste sans barbe,Adele Bloch-Bauer II,Suprematist Composition,Three Studies for a Portrait of John Edwards,Suprematist Composition,Suprematist Composition,Suprematist Composition,Suprematist Composition,Suprematist Composition,Suprematist Composition,Suprematist Composition,Suprematist Composition,Suprematist Composition,Suprematist Composition,Suprematist Composition,Suprematist Composition,Suprematist Composition,Suprematist Composition,Suprematist Composition,Suprematist Composition,Suprematist Composition,Suprematist Composition,Silver Car Crash (Double Disaster),Adele Bloch-Bauer II,Acrobate et jeune arlequin,Acrobate et jeune arlequin,Flag,Flag,Flag,Flag,Flag,Flag,Flag,Flag,Eagle Standing on Pine Tree,Portrait de l'artiste sans barbe,Acrobate et jeune arlequin,Dora Maar au Chat,Dora Maar au Chat
Les Noces de Pierrette,Les Noces de Pierrette,Les Noces de Pierrette,Men in Her Life,Suprematist Composition,The Scream,Massacre of the Innocents,Massacre of the Innocents,Police Gazette,The Scream,The Scream,Portrait de l'artiste sans barbe,Men in Her Life,Suprematist Composition,Three Studies for a Portrait of John Edwards,Suprematist Composition,Suprematist Composition,Suprematist Composition,Suprematist Composition,Suprematist Composition,Suprematist Composition,Suprematist Composition,Suprematist Composition,Suprematist Composition,Suprematist Composition,Suprematist Composition,Suprematist Composition,Suprematist Composition,Suprematist Composition,Suprematist Composition,Suprematist Composition,Suprematist Composition,Suprematist Composition,Les Noces de Pierrette,Adele Bloch-Bauer II,Acrobate et jeune arlequin,Acrobate et jeune arlequin,Acrobate et jeune arlequin,Flag,Untitled,Acrobate et jeune arlequin,The Scream,Femme assise dans un jardin,Flag,Flag,Flag,Portrait de l'artiste sans barbe,Adele Bloch-Bauer II,"Triptych, 1976","Triptych, 1976"
Les Noces de Pierrette,Les Noces de Pierrette,Les Noces de Pierrette,Suprematist Composition,Adele Bloch-Bauer II,Garcon a la pipe,Massacre of the Innocents,Massacre of the Innocents,Police Gazette,Femme assise dans un jardin,Adele Bloch-Bauer II,Portrait de l'artiste sans barbe,Eagle Standing on Pine Tree,Suprematist Composition,Three Studies for a Portrait of John Edwards,Suprematist Composition,Suprematist Composition,Suprematist Composition,Suprematist Composition,Suprematist Composition,Suprematist Composition,Suprematist Composition,Suprematist Composition,Suprematist Composition,Suprematist Composition,Suprematist Composition,Suprematist Composition,Suprematist Composition,Suprematist Composition,Suprematist Composition,Suprematist Composition,Suprematist Composition,Suprematist Composition,Suprematist Composition,Adele Bloch-Bauer II,Acrobate et jeune arlequin,Darmstadt Madonna,Portrait of a Halberdier,Salvator Mundi,No. 5 1948,Acrobate et jeune arlequin,Acrobate et jeune arlequin,Acrobate et jeune arlequin,Acrobate et jeune arlequin,Flag,Eagle Standing on Pine Tree,Eagle Standing on Pine Tree,"Triptych, 1976",Portrait de l'artiste sans barbe,"Triptych, 1976"
Les Noces de Pierrette,Les Noces de Pierrette,Les Noces de Pierrette,"Triptych, 1976",Portrait of a Halberdier,The Card Players,Massacre of the Innocents,Massacre of the Innocents,Police Gazette,Femme assise dans un jardin,Adele Bloch-Bauer II,Portrait de l'artiste sans barbe,Eagle Standing on Pine Tree,Suprematist Composition,Suprematist Composition,Suprematist Composition,Suprematist Composition,Suprematist Composition,Suprematist Composition,Suprematist Composition,Suprematist Composition,Suprematist Composition,Suprematist Composition,Suprematist Composition,Suprematist Composition,Suprematist Composition,Suprematist Composition,Suprematist Composition,Suprematist Composition,Suprematist Composition,Suprematist Composition,Suprematist Composition,Suprematist Composition,Suprematist Composition,Flag,Flag,Flag,Untitled,Portrait of a Halberdier,Diana and Actaeon,Acrobate et jeune arlequin,Untitled,Acrobate et jeune arlequin,Garcon a la pipe,Garcon a la pipe,Garcon a la pipe,Portrait of a Halberdier,Portrait of Dr. Gachet,Acrobate et jeune arlequin,Men in Her Life
Les Noces de Pierrette,Les Noces de Pierrette,Les Noces de Pierrette,No. 5 1948,The Card Players,Massacre of the Innocents,Massacre of the Innocents,Police Gazette,Police Gazette,Femme assise dans un jardin,Adele Bloch-Bauer II,Portrait de l'artiste sans barbe,Suprematist Composition,Suprematist Composition,Suprematist Composition,Suprematist Composition,Suprematist Composition,Suprematist Composition,Suprematist Composition,Suprematist Composition,Suprematist Composition,Suprematist Composition,Suprematist Composition,Suprematist Composition,Suprematist Composition,Suprematist Composition,Suprematist Composition,Suprematist Composition,Suprematist Composition,Suprematist Composition,Suprematist Composition,Suprematist Composition,Suprematist Composition,Suprematist Composition,Flag,Femme assise dans un jardin,Flag,Untitled,Acrobate et jeune arlequin,Acrobate et jeune arlequin,Untitled,Flag,Flag,Garcon a la pipe,The Scream,Femme assise dans un jardin,Flag,Femme assise dans un jardin,Flag,Suprematist Composition
Les Noces de Pierrette,Les Noces de Pierrette,Les Noces de Pierrette,No. 5 1948,Diana and Actaeon,Massacre of the Innocents,Massacre of the Innocents,Police Gazette,The Scream,Femme assise dans un jardin,Adele Bloch-Bauer II,Portrait de l'artiste sans barbe,Suprematist Composition,Suprematist Composition,Suprematist Composition,Suprematist Composition,Suprematist Composition,Suprematist Composition,Suprematist Composition,Suprematist Composition,Suprematist Composition,Suprematist Composition,Suprematist Composition,Suprematist Composition,Suprematist Composition,Suprematist Composition,Suprematist Composition,Suprematist Composition,Suprematist Composition,Suprematist Composition,Suprematist Composition,Suprematist Composition,Suprematist Composition,Suprematist Composition,Flag,Flag,Flag,Police Gazette,Femme assise dans un jardin,Untitled,Flag,Untitled,Untitled,Police Gazette,Femme assise dans un jardin,Femme assise dans un jardin,Flag,Femme assise dans un jardin,Untitled,Suprematist Composition
Les Noces de Pierrette,Les Noces de Pierrette,Les Noces de Pierrette,Portrait of a Halberdier,Portrait de l'artiste sans barbe,Diana and Callisto,Garcon a la pipe,Police Gazette,The Scream,The Scream,The Scream,Portrait de l'artiste sans barbe,Suprematist Composition,Suprematist Composition,Suprematist Composition,Suprematist Composition,Suprematist Composition,Suprematist Composition,Suprematist Composition,Suprematist Composition,Suprematist Composition,Suprematist Composition,Suprematist Composition,Suprematist Composition,Suprematist Composition,Suprematist Composition,Suprematist Composition,Suprematist Composition,Suprematist Composition,Suprematist Composition,Suprematist Composition,Suprematist Composition,Suprematist Composition,Suprematist Composition,Acrobate et jeune arlequin,Nude Sitting on a Divan,Garcon a la pipe,Femme assise dans un jardin,Flag,Acrobate et jeune arlequin,Flag,Flag,Flag,Police Gazette,Le Reve,Femme assise dans un jardin,Flag,Femme assise dans un jardin,Flag,Suprematist Composition
Les Noces de Pierrette,Les Noces de Pierrette,Les Noces de Pierrette,Portrait of a Halberdier,Adele Bloch-Bauer II,The Scream,Diana and Actaeon,Police Gazette,The Scream,No. 5 1948,Acrobate et jeune arlequin,Portrait de l'artiste sans barbe,Three Studies for a Portrait of John Edwards,Suprematist Composition,Suprematist Composition,Suprematist Composition,Suprematist Composition,Suprematist Composition,Suprematist Composition,Suprematist Composition,Suprematist Composition,Suprematist Composition,Suprematist Composition,Suprematist Composition,Suprematist Composition,Suprematist Composition,Suprematist Composition,Suprematist Composition,Suprematist Composition,Suprematist Composition,Suprematist Composition,Suprematist Composition,Suprematist Composition,Eagle Standing on Pine Tree,Flag,Untitled,Flag,Flag,Flag,Acrobate et jeune arlequin,Diana and Actaeon,Police Gazette,Police Gazette,Le Reve,Le Reve,Femme assise dans un jardin,Flag,Police Gazette,Flag,Three Studies for a Portrait of John Edwards
Bal du moulin de la Galette,Les Noces de Pierrette,Les Noces de Pierrette,No. 5 1948,Adele Bloch-Bauer II,Portrait de l'artiste sans barbe,Acrobate et jeune arlequin,Police Gazette,Diana and Actaeon,Diana and Actaeon,Police Gazette,Men in Her Life,Three Studies for a Portrait of John Edwards,Suprematist Composition,Suprematist Composition,Suprematist Composition,Suprematist Composition,Suprematist Composition,Suprematist Composition,Suprematist Composition,Suprematist Composition,Suprematist Composition,Suprematist Composition,Suprematist Composition,Suprematist Composition,Suprematist Composition,Suprematist Composition,Suprematist Composition,Suprematist Composition,Suprematist Composition,Suprematist Composition,Suprematist Composition,Suprematist Composition,Flag,Untitled,Untitled,Flag,Flag,Flag,Femme assise dans un jardin,Untitled,Untitled,Femme assise dans un jardin,Le Reve,Le Reve,Femme assise dans un jardin,Flag,Police Gazette,Suprematist Composition,Suprematist Composition
Bal du moulin de la Galette,Les Noces de Pierrette,Les Noces de Pierrette,Diana and Actaeon,The Scream,Adele Bloch-Bauer II,The Scream,Police Gazette,Diana and Actaeon,Diana and Actaeon,Police Gazette,Men in Her Life,Three Studies for a Portrait of John Edwards,Suprematist Composition,Suprematist Composition,Suprematist Composition,Suprematist Composition,Suprematist Composition,Suprematist Composition,Suprematist Composition,Suprematist Composition,Suprematist Composition,Suprematist Composition,Suprematist Composition,Suprematist Composition,Suprematist Composition,Suprematist Composition,Suprematist Composition,Suprematist Composition,Suprematist Composition,Suprematist Composition,Suprematist Composition,Suprematist Composition,Flag,Acrobate et jeune arlequin,Flag,Flag,Flag,Untitled,Police Gazette,Untitled,Untitled,Femme assise dans un jardin,Le Reve,Le Reve,Le Reve,Le Reve,Flag,Suprematist Composition,Three Studies for a Portrait of John Edwards
Bal du moulin de la Galette,Les Noces de Pierrette,Les Noces de Pierrette,Garcon a la pipe,Garcon a la pipe,Portrait de l'artiste sans barbe,The Scream,Diana and Actaeon,Diana and Actaeon,No. 5 1948,No. 5 1948,Silver Car Crash (Double Disaster),Three Studies for a Portrait of John Edwards,Suprematist Composition,Suprematist Composition,Suprematist Composition,Suprematist Composition,Suprematist Composition,Suprematist Composition,Suprematist Composition,Suprematist Composition,Suprematist Composition,Suprematist Composition,Suprematist Composition,Suprematist Composition,Suprematist Composition,Suprematist Composition,Suprematist Composition,Suprematist Composition,Suprematist Composition,Suprematist Composition,Suprematist Composition,Suprematist Composition,Flag,Femme assise dans un jardin,Flag,Flag,Acrobate et jeune arlequin,Garcon a la pipe,Acrobate et jeune arlequin,Flag,Untitled,Police Gazette,Le Reve,Le Reve,Le Reve,Le Reve,Flag,Suprematist Composition,Three Studies for a Portrait of John Edwards
Bal du moulin de la Galette,Les Noces de Pierrette,Les Noces de Pierrette,Diana and Actaeon,Massacre of the Innocents,Diana and Actaeon,Diana and Actaeon,Diana and Actaeon,No. 5 1948,No. 5 1948,Dora Maar au Chat,Nude Green Leaves and Bust,Suprematist Composition,Suprematist Composition,Suprematist Composition,Suprematist Composition,Suprematist Composition,Suprematist Composition,Suprematist Composition,Suprematist Composition,Suprematist Composition,Suprematist Composition,Suprematist Composition,Suprematist Composition,Suprematist Composition,Suprematist Composition,Suprematist Composition,Suprematist Composition,Suprematist Composition,Suprematist Composition,Suprematist Composition,Suprematist Composition,Suprematist Composition,Eagle Standing on Pine Tree,Flag,Acrobate et jeune arlequin,Flag,Untitled,Untitled,Flag,Untitled,Untitled,Police Gazette,Police Gazette,Le Reve,Femme assise dans un jardin,Femme assise dans un jardin,Adele Bloch-Bauer II,Three Studies for a Portrait of John Edwards,Suprematist Composition
Bal du moulin de la Galette,Les Noces de Pierrette,Les Noces de Pierrette,No. 5 1948,Massacre of the Innocents,Massacre of the Innocents,Diana and Actaeon,Diana and Actaeon,Portrait of a Halberdier,The Gross Clinic,Bal du moulin de la Galette,Nude Green Leaves and Bust,Suprematist Composition,Suprematist Composition,Suprematist Composition,Suprematist Composition,Suprematist Composition,Suprematist Composition,Suprematist Composition,Suprematist Composition,Suprematist Composition,Suprematist Composition,Suprematist Composition,Suprematist Composition,Suprematist Composition,Suprematist Composition,Suprematist Composition,Suprematist Composition,Suprematist Composition,Suprematist Composition,Suprematist Composition,Suprematist Composition,Suprematist Composition,Eagle Standing on Pine Tree,Flag,Untitled,Untitled,Untitled,Untitled,Acrobate et jeune arlequin,Untitled,Acrobate et jeune arlequin,The Scream,Police Gazette,Le Reve,Femme assise dans un jardin,Femme assise dans un jardin,Nude Green Leaves and Bust,Three Studies for a Portrait of John Edwards,Suprematist Composition
Les Noces de Pierrette,Les Noces de Pierrette,Les Noces de Pierrette,Diana and Actaeon,Massacre of the Innocents,Garcon a la pipe,Diana and Actaeon,Diana and Actaeon,Portrait of a Halberdier,Bal du moulin de la Galette,Bal du moulin de la Galette,Nude Green Leaves and Bust,Suprematist Composition,Suprematist Composition,Suprematist Composition,Suprematist Composition,Suprematist Composition,Suprematist Composition,Suprematist Composition,Suprematist Composition,Suprematist Composition,Suprematist Composition,Suprematist Composition,Suprematist Composition,Suprematist Composition,Suprematist Composition,Suprematist Composition,Suprematist Composition,Suprematist Composition,Suprematist Composition,Suprematist Composition,Suprematist Composition,Three Studies for a Portrait of John Edwards,Suprematist Composition,Femme assise dans un jardin,Flag,Untitled,Flag,Flag,Acrobate et jeune arlequin,Garcon a la pipe,Acrobate et jeune arlequin,The Scream,Police Gazette,Le Reve,Femme assise dans un jardin,Nude Green Leaves and Bust,Bal du moulin de la Galette,Three Studies for a Portrait of John Edwards,Suprematist Composition
Les Noces de Pierrette,Les Noces de Pierrette,Les Noces de Pierrette,Diana and Actaeon,Massacre of the Innocents,Massacre of the Innocents,The Scream,Portrait de l'artiste sans barbe,Dora Maar au Chat,Bal du moulin de la Galette,Bal du moulin de la Galette,Nude Green Leaves and Bust,Suprematist Composition,Suprematist Composition,Suprematist Composition,Suprematist Composition,Suprematist Composition,Suprematist Composition,Suprematist Composition,Suprematist Composition,Suprematist Composition,Suprematist Composition,Suprematist Composition,Suprematist Composition,Suprematist Composition,Suprematist Composition,Suprematist Composition,Suprematist Composition,Suprematist Composition,Suprematist Composition,Suprematist Composition,Three Studies for a Portrait of John Edwards,Three Studies for a Portrait of John Edwards,Silver Car Crash (Double Disaster),Flag,Flag,Flag,Flag,Untitled,Untitled,Untitled,Femme assise dans un jardin,The Scream,The Scream,Femme assise dans un jardin,"Triptych, 1976",Les Noces de Pierrette,Les Noces de Pierrette,Three Studies for a Portrait of John Edwards,Suprematist Composition
Les Noces de Pierrette,Les Noces de Pierrette,Les Noces de Pierrette,Diana and Actaeon,Massacre of the Innocents,Diana and Callisto,Portrait de l'artiste sans barbe,Eagle Standing on Pine Tree,Men in Her Life,Bal du moulin de la Galette,Bal du moulin de la Galette,Nude Green Leaves and Bust,Suprematist Composition,Suprematist Composition,Suprematist Composition,Suprematist Composition,Suprematist Composition,Suprematist Composition,Suprematist Composition,Suprematist Composition,Suprematist Composition,Suprematist Composition,Suprematist Composition,Suprematist Composition,Suprematist Composition,Suprematist Composition,Suprematist Composition,Suprematist Composition,Suprematist Composition,Suprematist Composition,Suprematist Composition,Three Studies for a Portrait of John Edwards,Three Studies for a Portrait of John Edwards,Les Noces de Pierrette,Flag,Flag,Flag,Untitled,Untitled,Untitled,Flag,Femme assise dans un jardin,Acrobate et jeune arlequin,The Scream,Femme assise dans un jardin,Nude Green Leaves and Bust,Les Noces de Pierrette,Green Car Crash (Green Burning Car I),Three Studies for a Portrait of John Edwards,Suprematist Composition
Les Noces de Pierrette,Les Noces de Pierrette,Les Noces de Pierrette,No. 5 1948,Diana and Actaeon,Portrait de l'artiste sans barbe,Eagle Standing on Pine Tree,Eagle Standing on Pine Tree,Men in Her Life,Bal du moulin de la Galette,Bal du moulin de la Galette,Silver Car Crash (Double Disaster),Suprematist Composition,Suprematist Composition,Suprematist Composition,Suprematist Composition,Suprematist Composition,Suprematist Composition,Suprematist Composition,Suprematist Composition,Suprematist Composition,Suprematist Composition,Suprematist Composition,Suprematist Composition,Suprematist Composition,Suprematist Composition,Suprematist Composition,Suprematist Composition,Suprematist Composition,Suprematist Composition,Three Studies for a Portrait of John Edwards,Three Studies for a Portrait of John Edwards,Three Studies for a Portrait of John Edwards,Les Noces de Pierrette,Adele Bloch-Bauer II,Flag,Flag,Untitled,Untitled,Flag,Femme assise dans un jardin,The Scream,Acrobate et jeune arlequin,Acrobate et jeune arlequin,Adele Bloch-Bauer II,Les Noces de Pierrette,Green Car Crash (Green Burning Car I),Green Car Crash (Green Burning Car I),Three Studies for a Portrait of John Edwards,Suprematist Composition
Les Noces de Pierrette,Les Noces de Pierrette,Les Noces de Pierrette,Dora Maar au Chat,Portrait de l'artiste sans barbe,Eagle Standing on Pine Tree,Suprematist Composition,Eagle Standing on Pine Tree,Men in Her Life,Bal du moulin de la Galette,Bal du moulin de la Galette,Silver Car Crash (Double Disaster),Suprematist Composition,Suprematist Composition,Suprematist Composition,Suprematist Composition,Suprematist Composition,Suprematist Composition,Suprematist Composition,Suprematist Composition,Suprematist Composition,Suprematist Composition,Suprematist Composition,Suprematist Composition,Suprematist Composition,Suprematist Composition,Suprematist Composition,Suprematist Composition,Suprematist Composition,Suprematist Composition,Three Studies for a Portrait of John Edwards,Three Studies for a Portrait of John Edwards,Three Studies for a Portrait of John Edwards,Silver Car Crash (Double Disaster),Adele Bloch-Bauer II,Flag,Flag,Flag,Flag,Flag,Femme assise dans un jardin,The Scream,Acrobate et jeune arlequin,Acrobate et jeune arlequin,Dora Maar au Chat,Les Noces de Pierrette,Bal du moulin de la Galette,Bal du moulin de la Galette,Three Studies for a Portrait of John Edwards,Suprematist Composition
Les Noces de Pierrette,Les Noces de Pierrette,Les Noces de Pierrette,Men in Her Life,Eagle Standing on Pine Tree,Eagle Standing on Pine Tree,Eagle Standing on Pine Tree,Eagle Standing on Pine Tree,Men in Her Life,Bal du moulin de la Galette,Bal du moulin de la Galette,Silver Car Crash (Double Disaster),Three Studies for a Portrait of John Edwards,Suprematist Composition,Suprematist Composition,Suprematist Composition,Suprematist Composition,Three Studies for a Portrait of John Edwards,Suprematist Composition,Suprematist Composition,Suprematist Composition,Suprematist Composition,Suprematist Composition,Suprematist Composition,Suprematist Composition,Suprematist Composition,Suprematist Composition,Suprematist Composition,Three Studies for a Portrait of John Edwards,Three Studies for a Portrait of John Edwards,Femme aux Bras Croises,Three Studies for a Portrait of John Edwards,Three Studies for a Portrait of John Edwards,Suprematist Composition,Flag,Flag,Flag,Flag,Flag,Flag,Femme assise dans un jardin,Police Gazette,Femme assise dans un jardin,Acrobate et jeune arlequin,Nude Green Leaves and Bust,Les Noces de Pierrette,Bal du moulin de la Galette,Les Noces de Pierrette,Suprematist Composition,Suprematist Composition
Les Noces de Pierrette,Les Noces de Pierrette,Les Noces de Pierrette,Men in Her Life,Eagle Standing on Pine Tree,Eagle Standing on Pine Tree,Eagle Standing on Pine Tree,Eagle Standing on Pine Tree,Woman III,Bal du moulin de la Galette,Bal du moulin de la Galette,Silver Car Crash (Double Disaster),Three Studies for a Portrait of John Edwards,Suprematist Composition,Suprematist Composition,Suprematist Composition,Suprematist Composition,Suprematist Composition,Suprematist Composition,Suprematist Composition,Suprematist Composition,Suprematist Composition,Suprematist Composition,Suprematist Composition,Suprematist Composition,Suprematist Composition,Suprematist Composition,Three Studies for a Portrait of John Edwards,Femme aux Bras Croises,Femme aux Bras Croises,Femme aux Bras Croises,Three Studies for a Portrait of John Edwards,Three Studies for a Portrait of John Edwards,Suprematist Composition,Adele Bloch-Bauer II,Flag,Flag,Flag,Flag,Flag,Femme assise dans un jardin,The Scream,Femme assise dans un jardin,Femme assise dans un jardin,Darmstadt Madonna,Les Noces de Pierrette,Green Car Crash (Green Burning Car I),Les Noces de Pierrette,Silver Car Crash (Double Disaster),Suprematist Composition
Les Noces de Pierrette,Les Noces de Pierrette,Les Noces de Pierrette,Men in Her Life,Eagle Standing on Pine Tree,Eagle Standing on Pine Tree,Eagle Standing on Pine Tree,Eagle Standing on Pine Tree,Woman III,Bal du moulin de la Galette,Bal du moulin de la Galette,Silver Car Crash (Double Disaster),Three Studies for a Portrait of John Edwards,Suprematist Composition,Suprematist Composition,Suprematist Composition,Suprematist Composition,Suprematist Composition,Suprematist Composition,Eagle Standing on Pine Tree,Eagle Standing on Pine Tree,Suprematist Composition,Suprematist Composition,Three Studies for a Portrait of John Edwards,Three Studies for a Portrait of John Edwards,Three Studies for a Portrait of John Edwards,Femme aux Bras Croises,Femme aux Bras Croises,Femme aux Bras Croises,Femme aux Bras Croises,Femme aux Bras Croises,Femme aux Bras Croises,Three Studies for a Portrait of John Edwards,Three Studies for a Portrait of John Edwards,Men in Her Life,Flag,Acrobate et jeune arlequin,Untitled,Untitled,Acrobate et jeune arlequin,Acrobate et jeune arlequin,Femme assise dans un jardin,Femme assise dans un jardin,Acrobate et jeune arlequin,Darmstadt Madonna,Nude Green Leaves and Bust,Green Car Crash (Green Burning Car I),Les Noces de Pierrette,Three Studies for a Portrait of John Edwards,Suprematist Composition
Les Noces de Pierrette,Les Noces de Pierrette,Les Noces de Pierrette,Men in Her Life,Woman III,Woman III,Woman III,Eagle Standing on Pine Tree,"Triptych, 1976",Dora Maar au Chat,Bal du moulin de la Galette,Silver Car Crash (Double Disaster),Suprematist Composition,Suprematist Composition,Suprematist Composition,Suprematist Composition,Suprematist Composition,Suprematist Composition,Eagle Standing on Pine Tree,Eagle Standing on Pine Tree,Eagle Standing on Pine Tree,Suprematist Composition,Three Studies for a Portrait of John Edwards,Three Studies for a Portrait of John Edwards,Femme aux Bras Croises,Femme aux Bras Croises,Femme aux Bras Croises,Femme aux Bras Croises,Femme aux Bras Croises,Femme aux Bras Croises,Femme aux Bras Croises,Femme aux Bras Croises,Three Studies for a Portrait of John Edwards,Three Studies for a Portrait of John Edwards,Suprematist Composition,Adele Bloch-Bauer II,Portrait of a Halberdier,Portrait of a Halberdier,Portrait of a Halberdier,Portrait of a Halberdier,Acrobate et jeune arlequin,Femme assise dans un jardin,Femme assise dans un jardin,Portrait of a Halberdier,Les Noces de Pierrette,Silver Car Crash (Double Disaster),Les Noces de Pierrette,Les Noces de Pierrette,Three Studies for a Portrait of John Edwards,Three Studies for a Portrait of John Edwards
Les Noces de Pierrette,Les Noces de Pierrette,Les Noces de Pierrette,Men in Her Life,Portrait de l'artiste sans barbe,Woman III,Woman III,Woman III,"Triptych, 1976",Dora Maar au Chat,Nude Green Leaves and Bust,Silver Car Crash (Double Disaster),Suprematist Composition,Suprematist Composition,Suprematist Composition,Suprematist Composition,Suprematist Composition,Suprematist Composition,Suprematist Composition,Eagle Standing on Pine Tree,Eagle Standing on Pine Tree,Three Studies for a Portrait of John Edwards,Femme aux Bras Croises,Femme aux Bras Croises,Femme aux Bras Croises,Femme aux Bras Croises,Femme aux Bras Croises,Femme aux Bras Croises,Femme aux Bras Croises,Femme aux Bras Croises,Femme aux Bras Croises,Femme aux Bras Croises,Three Studies for a Portrait of John Edwards,Three Studies for a Portrait of John Edwards,Three Studies for a Portrait of John Edwards,Adele Bloch-Bauer II,Darmstadt Madonna,Portrait of a Halberdier,Portrait of a Halberdier,Portrait of a Halberdier,Acrobate et jeune arlequin,Femme assise dans un jardin,Flag,The Gross Clinic,Les Noces de Pierrette,Three Studies for a Portrait of John Edwards,Femme aux Bras Croises,Femme aux Bras Croises,Three Studies for a Portrait of John Edwards,Three Studies for a Portrait of John Edwards
Les Noces de Pierrette,Les Noces de Pierrette,Les Noces de Pierrette,Men in Her Life,Adele Bloch-Bauer II,Adele Bloch-Bauer II,Portrait de l'artiste sans barbe,Woman III,Adele Bloch-Bauer II,Dora Maar au Chat,Nude Green Leaves and Bust,Silver Car Crash (Double Disaster),Three Studies for a Portrait of John Edwards,Three Studies for a Portrait of John Edwards,Three Studies for a Portrait of John Edwards,Suprematist Composition,Suprematist Composition,Suprematist Composition,Suprematist Composition,Suprematist Composition,Suprematist Composition,Femme aux Bras Croises,Femme aux Bras Croises,Femme aux Bras Croises,Femme aux Bras Croises,Femme aux Bras Croises,Femme aux Bras Croises,Femme aux Bras Croises,Femme aux Bras Croises,Femme aux Bras Croises,Femme aux Bras Croises,Femme aux Bras Croises,Femme aux Bras Croises,Three Studies for a Portrait of John Edwards,Femme aux Bras Croises,Les Noces de Pierrette,Adele Bloch-Bauer II,Darmstadt Madonna,Darmstadt Madonna,Portrait of a Halberdier,Femme assise dans un jardin,Femme assise dans un jardin,Acrobate et jeune arlequin,The Gross Clinic,Silver Car Crash (Double Disaster),Femme aux Bras Croises,Femme aux Bras Croises,Femme aux Bras Croises,Femme aux Bras Croises,Femme aux Bras Croises
Les Noces de Pierrette,Les Noces de Pierrette,Les Noces de Pierrette,"Triptych, 1976",Adele Bloch-Bauer II,Portrait de l'artiste sans barbe,Portrait de l'artiste sans barbe,Portrait de l'artiste sans barbe,Adele Bloch-Bauer II,Dora Maar au Chat,Nude Green Leaves and Bust,Silver Car Crash (Double Disaster),Suprematist Composition,Suprematist Composition,Suprematist Composition,Suprematist Composition,Suprematist Composition,Suprematist Composition,Suprematist Composition,Three Studies for a Portrait of John Edwards,Femme aux Bras Croises,Femme aux Bras Croises,Femme aux Bras Croises,Femme aux Bras Croises,Femme aux Bras Croises,Femme aux Bras Croises,Femme aux Bras Croises,Femme aux Bras Croises,Femme aux Bras Croises,Femme aux Bras Croises,Femme aux Bras Croises,Femme aux Bras Croises,Femme aux Bras Croises,Three Studies for a Portrait of John Edwards,Femme aux Bras Croises,Femme aux Bras Croises,Suprematist Composition,Darmstadt Madonna,Acrobate et jeune arlequin,Acrobate et jeune arlequin,Femme assise dans un jardin,Femme assise dans un jardin,Acrobate et jeune arlequin,Les Noces de Pierrette,Les Noces de Pierrette,Femme aux Bras Croises,Femme aux Bras Croises,Femme aux Bras Croises,Femme aux Bras Croises,Femme aux Bras Croises
Dora Maar au Chat,Portrait of a Halberdier,Portrait of a Halberdier,"Triptych, 1976",Portrait de l'artiste sans barbe,Portrait de l'artiste sans barbe,Portrait de l'artiste sans barbe,Portrait de l'artiste sans barbe,The Scream,Diana and Actaeon,Acrobate et jeune arlequin,Acrobate et jeune arlequin,Femme assise dans un jardin,The Scream,Acrobate et jeune arlequin,Portrait of a Halberdier,Garcon a la pipe,Massacre of the Innocents,Garcon a la pipe,Femme aux Bras Croises,Femme aux Bras Croises,Femme aux Bras Croises,Femme aux Bras Croises,Femme aux Bras Croises,Femme aux Bras Croises,Femme aux Bras Croises,Femme aux Bras Croises,Femme aux Bras Croises,Femme aux Bras Croises,Femme aux Bras Croises,Femme aux Bras Croises,Femme aux Bras Croises,Femme aux Bras Croises,Femme aux Bras Croises,Femme aux Bras Croises,Femme aux Bras Croises,Suprematist Composition,Adele Bloch-Bauer II,Flag,Femme assise dans un jardin,Femme assise dans un jardin,Femme assise dans un jardin,Portrait of a Halberdier,Les Noces de Pierrette,Femme aux Bras Croises,Femme aux Bras Croises,Femme aux Bras Croises,Femme aux Bras Croises,Femme aux Bras Croises,Femme aux Bras Croises
No. 5 1948,Garcon a la pipe,Garcon a la pipe,Diana and Actaeon,Police Gazette,Garcon a la pipe,Massacre of the Innocents,Massacre of the Innocents,Nude Sitting on a Divan,Nude Sitting on a Divan,Nude Sitting on a Divan,Nude Sitting on a Divan,Nude Sitting on a Divan,Nude Sitting on a Divan,Nude Sitting on a Divan,Nude Sitting on a Divan,Nude Sitting on a Divan,Nude Sitting on a Divan,Darmstadt Madonna,Femme aux Bras Croises,Femme aux Bras Croises,Femme aux Bras Croises,Femme aux Bras Croises,Femme aux Bras Croises,Femme aux Bras Croises,Femme aux Bras Croises,Femme aux Bras Croises,Femme aux Bras Croises,Femme aux Bras Croises,Femme aux Bras Croises,Femme aux Bras Croises,Femme aux Bras Croises,Femme aux Bras Croises,Femme aux Bras Croises,Femme aux Bras Croises,Femme aux Bras Croises,Femme aux Bras Croises,Silver Car Crash (Double Disaster),Adele Bloch-Bauer II,Acrobate et jeune arlequin,Femme assise dans un jardin,Acrobate et jeune arlequin,Silver Car Crash (Double Disaster),Femme aux Bras Croises,Femme aux Bras Croises,Femme aux Bras Croises,Femme aux Bras Croises,Femme aux Bras Croises,Femme aux Bras Croises,Femme aux Bras Croises
Nude Sitting on a Divan,Massacre of the Innocents,Massacre of the Innocents,Nude Sitting on a Divan,Nude Sitting on a Divan,Nude Sitting on a Divan,Nude Sitting on a Divan,Nude Sitting on a Divan,Nude Sitting on a Divan,Nude Sitting on a Divan,False Start,False Start,False Start,Massacre of the Innocents,Massacre of the Innocents,Massacre of the Innocents,Garcon a la pipe,Garcon a la pipe,Les Noces de Pierrette,Femme aux Bras Croises,Femme aux Bras Croises,Femme aux Bras Croises,Femme aux Bras Croises,Femme aux Bras Croises,Femme aux Bras Croises,Femme aux Bras Croises,Femme aux Bras Croises,Femme aux Bras Croises,Femme aux Bras Croises,Femme aux Bras Croises,Femme aux Bras Croises,Femme aux Bras Croises,Femme aux Bras Croises,Femme aux Bras Croises,Femme aux Bras Croises,Femme aux Bras Croises,Femme aux Bras Croises,Les Noces de Pierrette,Adele Bloch-Bauer II,Acrobate et jeune arlequin,Flag,Nude Green Leaves and Bust,Silver Car Crash (Double Disaster),Femme aux Bras Croises,Femme aux Bras Croises,Femme aux Bras Croises,Femme aux Bras Croises,Femme aux Bras Croises,Femme aux Bras Croises,Femme aux Bras Croises
Nude Sitting on a Divan,Nude Sitting on a Divan,Nude Sitting on a Divan,Massacre of the Innocents,Nude Sitting on a Divan,Massacre of the Innocents,Massacre of the Innocents,Massacre of the Innocents,Massacre of the Innocents,Massacre of the Innocents,Massacre of the Innocents,Massacre of the Innocents,Massacre of the Innocents,Massacre of the Innocents,Massacre of the Innocents,The Card Players,Salvator Mundi,The Gross Clinic,Femme aux Bras Croises,Femme aux Bras Croises,Femme aux Bras Croises,Femme aux Bras Croises,Femme aux Bras Croises,Femme aux Bras Croises,Femme aux Bras Croises,Femme aux Bras Croises,Femme aux Bras Croises,Femme aux Bras Croises,Femme aux Bras Croises,Femme aux Bras Croises,Femme aux Bras Croises,Femme aux Bras Croises,Femme aux Bras Croises,Femme aux Bras Croises,Femme aux Bras Croises,Femme aux Bras Croises,Femme aux Bras Croises,Femme aux Bras Croises,Nude Green Leaves and Bust,Flag,Adele Bloch-Bauer II,Les Noces de Pierrette,Femme aux Bras Croises,Femme aux Bras Croises,Femme aux Bras Croises,Femme aux Bras Croises,Femme aux Bras Croises,Femme aux Bras Croises,Femme aux Bras Croises,Femme aux Bras Croises
Nude Sitting on a Divan,Nude Sitting on a Divan,Nude Sitting on a Divan,Massacre of the Innocents,Massacre of the Innocents,Massacre of the Innocents,Massacre of the Innocents,Massacre of the Innocents,Garcon a la pipe,The Card Players,Salvator Mundi,Salvator Mundi,Salvator Mundi,The Gross Clinic,The Gross Clinic,The Gross Clinic,The Gross Clinic,Les Noces de Pierrette,Femme aux Bras Croises,Femme aux Bras Croises,Femme aux Bras Croises,Femme aux Bras Croises,Femme aux Bras Croises,Femme aux Bras Croises,Femme aux Bras Croises,Femme aux Bras Croises,Femme aux Bras Croises,Femme aux Bras Croises,Femme aux Bras Croises,Femme aux Bras Croises,Femme aux Bras Croises,Femme aux Bras Croises,Femme aux Bras Croises,Femme aux Bras Croises,Femme aux Bras Croises,Femme aux Bras Croises,Femme aux Bras Croises,Femme aux Bras Croises,Femme aux Bras Croises,Silver Car Crash (Double Disaster),Les Noces de Pierrette,Femme aux Bras Croises,Femme aux Bras Croises,Femme aux Bras Croises,Femme aux Bras Croises,Femme aux Bras Croises,Femme aux Bras Croises,Femme aux Bras Croises,Femme aux Bras Croises,Femme aux Bras Croises
Garcon a la pipe,Massacre of the Innocents,Massacre of the Innocents,The Card Players,The Card Players,The Card Players,Salvator Mundi,Salvator Mundi,Salvator Mundi,The Gross Clinic,The Gross Clinic,The Gross Clinic,The Gross Clinic,The Gross Clinic,The Gross Clinic,The Gross Clinic,The Gross Clinic,Femme aux Bras Croises,Femme aux Bras Croises,Femme aux Bras Croises,Femme aux Bras Croises,Femme aux Bras Croises,Femme aux Bras Croises,Femme aux Bras Croises,Femme aux Bras Croises,Femme aux Bras Croises,Femme aux Bras Croises,Femme aux Bras Croises,Femme aux Bras Croises,Femme aux Bras Croises,Femme aux Bras Croises,Femme aux Bras Croises,Femme aux Bras Croises,Femme aux Bras Croises,Femme aux Bras Croises,Femme aux Bras Croises,Femme aux Bras Croises,Femme aux Bras Croises,Femme aux Bras Croises,Three Studies for a Portrait of John Edwards,Three Studies for a Portrait of John Edwards,Femme aux Bras Croises,Femme aux Bras Croises,Femme aux Bras Croises,Femme aux Bras Croises,Femme aux Bras Croises,Femme aux Bras Croises,Femme aux Bras Croises,Femme aux Bras Croises,Femme aux Bras Croises