Salvator Mundi,Salvator Mundi,The Card Players,Massacre of the Innocents,Massacre of the Innocents,Massacre of the Innocents,Massacre of the Innocents,Massacre of the Innocents,Massacre of the Innocents,The Card Players,The Card Players,The Card Players,The Card Players,The Card Players,Massacre of the Innocents,Massacre of the Innocents,Massacre of the Innocents,Massacre of the Innocents,Massacre of the Innocents,Massacre of the Innocents,Massacre of the Innocents,The Card Players,The Card Players,The Card Players,Massacre of the Innocents,Garcon a la pipe,Massacre of the Innocents,Massacre of the Innocents,Garcon a la pipe,Massacre of the Innocents,Massacre of the Innocents,Massacre of the Innocents,Massacre of the Innocents,Massacre of the Innocents,Massacre of the Innocents,Garcon a la pipe,Massacre of the Innocents,Garcon a la pipe,Massacre of the Innocents,Massacre of the Innocents,Massacre of the Innocents,Massacre of the Innocents,Massacre of the Innocents,Massacre of the Innocents,Garcon a la pipe,Massacre of the Innocents,Massacre of the Innocents,Garcon a la pipe,Garcon a la pipe,Garcon a la pipe
Salvator Mundi,Salvator Mundi,Massacre of the Innocents,Massacre of the Innocents,Massacre of the Innocents,Massacre of the Innocents,Massacre of the Innocents,Massacre of the Innocents,Massacre of the Innocents,The Card Players,The Card Players,The Card Players,The Card Players,The Card Players,Massacre of the Innocents,Massacre of the Innocents,The Card Players,Massacre of the Innocents,Massacre of the Innocents,Massacre of the Innocents,Massacre of the Innocents,The Card Players,The Card Players,Massacre of the Innocents,Massacre of the Innocents,Massacre of the Innocents,Massacre of the Innocents,Massacre of the Innocents,Garcon a la pipe,Massacre of the Innocents,Massacre of the Innocents,Massacre of the Innocents,Massacre of the Innocents,Massacre of the Innocents,Massacre of the Innocents,Massacre of the Innocents,Massacre of the Innocents,Garcon a la pipe,Massacre of the Innocents,Massacre of the Innocents,Garcon a la pipe,Massacre of the Innocents,Massacre of the Innocents,Massacre of the Innocents,Garcon a la pipe,Massacre of the Innocents,Garcon a la pipe,Garcon a la pipe,Garcon a la pipe,Garcon a la pipe
The Gross Clinic,The Card Players,Massacre of the Innocents,Massacre of the Innocents,Massacre of the Innocents,The Card Players,The Card Players,The Card Players,The Card Players,The Card Players,The Card Players,The Card Players,The Card Players,The Card Players,The Card Players,The Card Players,The Card Players,The Card Players,The Card Players,The Card Players,The Card Players,The Card Players,The Card Players,The Card Players,Garcon a la pipe,Garcon a la pipe,Massacre of the Innocents,Garcon a la pipe,Garcon a la pipe,Massacre of the Innocents,Massacre of the Innocents,Garcon a la pipe,Garcon a la pipe,Massacre of the Innocents,Massacre of the Innocents,Garcon a la pipe,Garcon a la pipe,Garcon a la pipe,Massacre of the Innocents,Massacre of the Innocents,Garcon a la pipe,Massacre of the Innocents,Massacre of the Innocents,Massacre of the Innocents,Garcon a la pipe,Massacre of the Innocents,Garcon a la pipe,Garcon a la pipe,Garcon a la pipe,Garcon a la pipe
The Card Players,The Card Players,Massacre of the Innocents,Massacre of the Innocents,The Card Players,The Card Players,The Card Players,The Card Players,The Card Players,The Card Players,The Card Players,The Card Players,The Card Players,The Card Players,The Card Players,The Card Players,The Card Players,The Card Players,The Card Players,The Card Players,The Card Players,The Card Players,The Card Players,The Card Players,Garcon a la pipe,Garcon a la pipe,Massacre of the Innocents,Massacre of the Innocents,Massacre of the Innocents,Three Studies of Lucian Freud,Three Studies of Lucian Freud,Massacre of the Innocents,Three Studies of Lucian Freud,Massacre of the Innocents,Massacre of the Innocents,Garcon a la pipe,Garcon a la pipe,Garcon a la pipe,Massacre of the Innocents,Massacre of the Innocents,Massacre of the Innocents,Garcon a la pipe,Garcon a la pipe,Massacre of the Innocents,Garcon a la pipe,Garcon a la pipe,Garcon a la pipe,Garcon a la pipe,Garcon a la pipe,Garcon a la pipe
The Card Players,The Card Players,The Card Players,The Card Players,The Card Players,The Card Players,The Card Players,The Card Players,The Card Players,The Card Players,The Card Players,The Card Players,The Card Players,The Card Players,The Card Players,The Card Players,Massacre of the Innocents,The Card Players,The Card Players,The Card Players,The Card Players,The Card Players,The Card Players,The Card Players,Garcon a la pipe,Garcon a la pipe,Portrait of Adele Bloch-Bauer I,Vase with Fifteen Sunflowers,Vase with Fifteen Sunflowers,Vase with Fifteen Sunflowers,Vase with Fifteen Sunflowers,Vase with Fifteen Sunflowers,Vase with Fifteen Sunflowers,Vase with Fifteen Sunflowers,Vase with Fifteen Sunflowers,Portrait of Adele Bloch-Bauer I,Massacre of the Innocents,Garcon a la pipe,Massacre of the Innocents,Massacre of the Innocents,Garcon a la pipe,Garcon a la pipe,Massacre of the Innocents,Massacre of the Innocents,Massacre of the Innocents,Garcon a la pipe,Garcon a la pipe,Garcon a la pipe,Garcon a la pipe,Garcon a la pipe
The Card Players,The Card Players,The Card Players,The Card Players,The Card Players,The Card Players,The Card Players,The Card Players,The Card Players,The Card Players,The Card Players,The Card Players,The Card Players,The Card Players,Massacre of the Innocents,The Card Players,The Card Players,The Card Players,The Card Players,Garcon a la pipe,The Card Players,The Card Players,The Card Players,Massacre of the Innocents,Garcon a la pipe,Portrait of Adele Bloch-Bauer I,Vase with Fifteen Sunflowers,Vase with Fifteen Sunflowers,Les Noces de Pierrette,Turquoise Marilyn,Femme aux Bras Croises,A Wheatfield with Cypresses,Vase with Fifteen Sunflowers,Three Studies of Lucian Freud,Vase with Fifteen Sunflowers,Vase with Fifteen Sunflowers,Vase with Fifteen Sunflowers,Massacre of the Innocents,Massacre of the Innocents,Garcon a la pipe,Garcon a la pipe,Garcon a la pipe,Massacre of the Innocents,Massacre of the Innocents,Garcon a la pipe,Garcon a la pipe,Garcon a la pipe,Garcon a la pipe,Garcon a la pipe,Garcon a la pipe
The Card Players,The Card Players,The Card Players,The Card Players,The Card Players,The Card Players,The Card Players,The Card Players,The Card Players,Garcon a la pipe,The Card Players,The Card Players,The Card Players,The Card Players,Massacre of the Innocents,The Card Players,The Card Players,The Card Players,The Card Players,Garcon a la pipe,The Card Players,The Card Players,The Card Players,The Card Players,Portrait of Adele Bloch-Bauer I,Vase with Fifteen Sunflowers,Vase with Fifteen Sunflowers,Vase with Fifteen Sunflowers,Femme aux Bras Croises,Femme aux Bras Croises,Femme aux Bras Croises,Femme aux Bras Croises,Femme aux Bras Croises,Three Studies of Lucian Freud,Vase with Fifteen Sunflowers,Vase with Fifteen Sunflowers,Vase with Fifteen Sunflowers,Portrait of Adele Bloch-Bauer I,Massacre of the Innocents,Garcon a la pipe,Garcon a la pipe,Garcon a la pipe,Garcon a la pipe,Massacre of the Innocents,Massacre of the Innocents,Garcon a la pipe,Garcon a la pipe,Garcon a la pipe,Garcon a la pipe,Garcon a la pipe
Garcon a la pipe,The Card Players,The Card Players,The Card Players,The Card Players,The Card Players,The Card Players,The Card Players,The Card Players,Garcon a la pipe,The Card Players,The Card Players,The Card Players,The Card Players,The Card Players,The Card Players,Massacre of the Innocents,The Card Players,The Card Players,The Card Players,The Card Players,The Card Players,The Card Players,Massacre of the Innocents,Vase with Fifteen Sunflowers,Vase with Fifteen Sunflowers,Vase with Fifteen Sunflowers,Vase with Fifteen Sunflowers,Suprematist Composition,Three Studies for a Portrait of John Edwards,Eagle Standing on Pine Tree,Femme aux Bras Croises,Three Studies for a Portrait of John Edwards,Vase with Fifteen Sunflowers,Vase with Fifteen Sunflowers,Vase with Fifteen Sunflowers,Vase with Fifteen Sunflowers,Vase with Fifteen Sunflowers,Massacre of the Innocents,Massacre of the Innocents,Massacre of the Innocents,Massacre of the Innocents,Massacre of the Innocents,Massacre of the Innocents,Massacre of the Innocents,Garcon a la pipe,Garcon a la pipe,Garcon a la pipe,Garcon a la pipe,Garcon a la pipe
The Card Players,The Card Players,The Card Players,The Card Players,The Card Players,The Card Players,The Card Players,The Card Players,The Card Players,The Card Players,The Card Players,The Card Players,The Card Players,The Card Players,Garcon a la pipe,The Card Players,The Card Players,The Card Players,The Card Players,Garcon a la pipe,Massacre of the Innocents,The Card Players,The Card Players,Portrait of Adele Bloch-Bauer I,Vase with Fifteen Sunflowers,Vase with Fifteen Sunflowers,Vase with Fifteen Sunflowers,Vase with Fifteen Sunflowers,Turquoise Marilyn,Turquoise Marilyn,Turquoise Marilyn,Eagle Standing on Pine Tree,Eagle Standing on Pine Tree,Vase with Fifteen Sunflowers,Vase with Fifteen Sunflowers,Vase with Fifteen Sunflowers,Vase with Fifteen Sunflowers,Vase with Fifteen Sunflowers,Massacre of the Innocents,Massacre of the Innocents,Massacre of the Innocents,Garcon a la pipe,Massacre of the Innocents,Garcon a la pipe,Massacre of the Innocents,Garcon a la pipe,Garcon a la pipe,Garcon a la pipe,Garcon a la pipe,Garcon a la pipe
The Card Players,The Card Players,The Card Players,The Card Players,The Card Players,The Card Players,The Card Players,The Card Players,Garcon a la pipe,The Card Players,The Card Players,The Card Players,The Card Players,The Card Players,Garcon a la pipe,The Card Players,The Card Players,The Card Players,The Card Players,Garcon a la pipe,The Card Players,The Card Players,The Card Players,Three Studies of Lucian Freud,Three Studies of Lucian Freud,Vase with Fifteen Sunflowers,Vase with Fifteen Sunflowers,Vase with Fifteen Sunflowers,Vase with Fifteen Sunflowers,Vase with Fifteen Sunflowers,Vase with Fifteen Sunflowers,Vase with Fifteen Sunflowers,Vase with Fifteen Sunflowers,Vase with Fifteen Sunflowers,Vase with Fifteen Sunflowers,Vase with Fifteen Sunflowers,Vase with Fifteen Sunflowers,Vase with Fifteen Sunflowers,Portrait of Adele Bloch-Bauer I,Massacre of the Innocents,Massacre of the Innocents,Garcon a la pipe,Massacre of the Innocents,Garcon a la pipe,Massacre of the Innocents,Garcon a la pipe,Garcon a la pipe,Garcon a la pipe,Garcon a la pipe,Garcon a la pipe
The Card Players,The Card Players,The Card Players,The Card Players,The Card Players,The Card Players,The Card Players,The Card Players,Garcon a la pipe,The Card Players,The Card Players,The Card Players,The Card Players,The Card Players,Garcon a la pipe,Garcon a la pipe,Garcon a la pipe,The Card Players,Garcon a la pipe,Garcon a la pipe,Garcon a la pipe,The Card Players,Garcon a la pipe,The Scream,Acrobate et jeune arlequin,Flag,Eagle Standing on Pine Tree,Eagle Standing on Pine Tree,Eagle Standing on Pine Tree,Eagle Standing on Pine Tree,Eagle Standing on Pine Tree,Eagle Standing on Pine Tree,Three Studies of Lucian Freud,Vase with Fifteen Sunflowers,Vase with Fifteen Sunflowers,Vase with Fifteen Sunflowers,Vase with Fifteen Sunflowers,Vase with Fifteen Sunflowers,Portrait of Adele Bloch-Bauer I,Massacre of the Innocents,Massacre of the Innocents,Garcon a la pipe,Garcon a la pipe,Garcon a la pipe,Massacre of the Innocents,Garcon a la pipe,Massacre of the Innocents,Massacre of the Innocents,Garcon a la pipe,Garcon a la pipe
The Card Players,The Card Players,The Card Players,The Card Players,The Card Players,The Card Players,The Card Players,The Card Players,The Card Players,The Card Players,The Card Players,The Card Players,The Card Players,The Card Players,Garcon a la pipe,Garcon a la pipe,Garcon a la pipe,The Card Players,Garcon a la pipe,Massacre of the Innocents,The Card Players,The Card Players,The Card Players,Massacre of the Innocents,Massacre of the Innocents,Garcon a la pipe,Massacre of the Innocents,Nude Sitting on a Divan,Nude Sitting on a Divan,Nude Sitting on a Divan,Nude Sitting on a Divan,Garcon a la pipe,Diana and Actaeon,Femme assise dans un jardin,Eagle Standing on Pine Tree,Eagle Standing on Pine Tree,Eagle Standing on Pine Tree,Vase with Fifteen Sunflowers,Massacre of the Innocents,Massacre of the Innocents,Massacre of the Innocents,Massacre of the Innocents,Massacre of the Innocents,Massacre of the Innocents,Massacre of the Innocents,Massacre of the Innocents,Massacre of the Innocents,Garcon a la pipe,Garcon a la pipe,Garcon a la pipe
The Card Players,The Card Players,The Card Players,The Card Players,The Card Players,The Card Players,The Card Players,The Card Players,The Card Players,The Card Players,The Card Players,The Card Players,The Card Players,The Card Players,The Card Players,Garcon a la pipe,Garcon a la pipe,The Card Players,Garcon a la pipe,The Card Players,Massacre of the Innocents,The Card Players,The Card Players,Massacre of the Innocents,Massacre of the Innocents,Le Reve,Police Gazette,Police Gazette,Le Reve,Police Gazette,Garcon a la pipe,Nude Sitting on a Divan,Nude Sitting on a Divan,Nude Sitting on a Divan,Nude Sitting on a Divan,Nude Sitting on a Divan,Salvator Mundi,Three Studies of Lucian Freud,Massacre of the Innocents,Massacre of the Innocents,Massacre of the Innocents,Massacre of the Innocents,Massacre of the Innocents,Massacre of the Innocents,Massacre of the Innocents,Garcon a la pipe,Massacre of the Innocents,Massacre of the Innocents,Garcon a la pipe,Garcon a la pipe
The Card Players,The Card Players,The Card Players,The Card Players,The Card Players,Massacre of the Innocents,The Card Players,The Card Players,The Card Players,The Card Players,The Card Players,The Card Players,The Card Players,The Card Players,The Card Players,The Card Players,The Card Players,The Card Players,Garcon a la pipe,Garcon a la pipe,Massacre of the Innocents,The Card Players,The Card Players,Massacre of the Innocents,Massacre of the Innocents,Le Reve,Le Reve,Le Reve,Le Reve,Police Gazette,Police Gazette,Police Gazette,Police Gazette,Garcon a la pipe,Nude Sitting on a Divan,Nude Sitting on a Divan,The Card Players,Portrait of Adele Bloch-Bauer I,Massacre of the Innocents,Massacre of the Innocents,Massacre of the Innocents,Massacre of the Innocents,Massacre of the Innocents,Massacre of the Innocents,Massacre of the Innocents,Massacre of the Innocents,Massacre of the Innocents,Garcon a la pipe,Garcon a la pipe,Garcon a la pipe
The Card Players,The Card Players,Garcon a la pipe,Garcon a la pipe,The Card Players,Massacre of the Innocents,The Card Players,The Card Players,The Card Players,The Card Players,The Card Players,The Card Players,The Card Players,The Card Players,Garcon a la pipe,The Card Players,The Card Players,The Card Players,Garcon a la pipe,Garcon a la pipe,Massacre of the Innocents,The Card Players,The Card Players,Massacre of the Innocents,Police Gazette,Le Reve,Acrobate et jeune arlequin,Le Reve,Le Reve,Le Reve,Police Gazette,Police Gazette,Police Gazette,Le Reve,Massacre of the Innocents,Nude Sitting on a Divan,Massacre of the Innocents,Massacre of the Innocents,Massacre of the Innocents,Massacre of the Innocents,Massacre of the Innocents,Massacre of the Innocents,Massacre of the Innocents,Massacre of the Innocents,Massacre of the Innocents,Garcon a la pipe,Massacre of the Innocents,Garcon a la pipe,Garcon a la pipe,Massacre of the Innocents
The Card Players,The Card Players,Garcon a la pipe,The Card Players,The Card Players,Massacre of the Innocents,Massacre of the Innocents,The Card Players,The Card Players,The Card Players,The Card Players,The Card Players,The Card Players,Massacre of the Innocents,Garcon a la pipe,The Card Players,The Card Players,The Card Players,Garcon a la pipe,The Card Players,Massacre of the Innocents,The Card Players,The Card Players,The Card Players,Police Gazette,Le Reve,Le Reve,Le Reve,"White Center (Yellow, Pink and Lavender on Rose)",Le Reve,Le Reve,Le Reve,Le Reve,Le Reve,Police Gazette,Nude Sitting on a Divan,Nude Sitting on a Divan,Massacre of the Innocents,Massacre of the Innocents,Massacre of the Innocents,Massacre of the Innocents,Massacre of the Innocents,Massacre of the Innocents,Massacre of the Innocents,Massacre of the Innocents,Massacre of the Innocents,Massacre of the Innocents,Massacre of the Innocents,Garcon a la pipe,Massacre of the Innocents
The Card Players,The Card Players,Garcon a la pipe,The Card Players,The Card Players,Massacre of the Innocents,Massacre of the Innocents,Garcon a la pipe,Garcon a la pipe,The Card Players,The Card Players,The Card Players,The Card Players,The Card Players,Garcon a la pipe,The Card Players,The Card Players,The Card Players,Garcon a la pipe,The Card Players,The Card Players,The Card Players,The Card Players,Massacre of the Innocents,Police Gazette,Le Reve,Le Reve,Le Reve,Le Reve,Le Reve,Le Reve,Le Reve,Le Reve,Le Reve,Garcon a la pipe,Garcon a la pipe,Nude Sitting on a Divan,Garcon a la pipe,Massacre of the Innocents,Massacre of the Innocents,Massacre of the Innocents,Massacre of the Innocents,Massacre of the Innocents,Massacre of the Innocents,Massacre of the Innocents,Massacre of the Innocents,Garcon a la pipe,Garcon a la pipe,Massacre of the Innocents,Massacre of the Innocents
The Card Players,The Card Players,The Card Players,The Card Players,Garcon a la pipe,Massacre of the Innocents,Massacre of the Innocents,Garcon a la pipe,The Card Players,The Card Players,The Card Players,The Card Players,The Card Players,The Card Players,Garcon a la pipe,Garcon a la pipe,The Card Players,The Card Players,Garcon a la pipe,The Card Players,The Card Players,The Card Players,The Card Players,The Card Players,Police Gazette,Police Gazette,Salvator Mundi,Garcon a la pipe,Police Gazette,Garcon a la pipe,Garcon a la pipe,Le Reve,Le Reve,Police Gazette,Garcon a la pipe,Le Reve,Police Gazette,Massacre of the Innocents,Massacre of the Innocents,Massacre of the Innocents,Massacre of the Innocents,Massacre of the Innocents,Massacre of the Innocents,Massacre of the Innocents,Massacre of the Innocents,Massacre of the Innocents,Massacre of the Innocents,Massacre of the Innocents,Garcon a la pipe,Massacre of the Innocents
The Card Players,The Card Players,The Card Players,The Card Players,The Card Players,Garcon a la pipe,Massacre of the Innocents,Garcon a la pipe,The Card Players,The Card Players,The Card Players,The Card Players,The Card Players,Massacre of the Innocents,Massacre of the Innocents,Garcon a la pipe,Garcon a la pipe,The Card Players,Garcon a la pipe,Garcon a la pipe,The Card Players,The Card Players,The Card Players,The Card Players,Salvator Mundi,The Gross Clinic,The Gross Clinic,The Gross Clinic,Portrait of a Halberdier,The Gross Clinic,The Gross Clinic,Garcon a la pipe,Police Gazette,Police Gazette,Untitled,Le Reve,Massacre of the Innocents,Massacre of the Innocents,Massacre of the Innocents,Massacre of the Innocents,Massacre of the Innocents,Massacre of the Innocents,Massacre of the Innocents,Massacre of the Innocents,Massacre of the Innocents,Massacre of the Innocents,Massacre of the Innocents,Massacre of the Innocents,Garcon a la pipe,Massacre of the Innocents
The Card Players,The Card Players,The Card Players,Garcon a la pipe,The Card Players,Garcon a la pipe,Massacre of the Innocents,Garcon a la pipe,The Card Players,The Card Players,The Card Players,The Card Players,The Card Players,Massacre of the Innocents,Massacre of the Innocents,The Card Players,The Card Players,The Card Players,The Card Players,Garcon a la pipe,The Card Players,The Card Players,The Card Players,Massacre of the Innocents,Diana and Actaeon,Garcon a la pipe,Untitled,No 1 (Royal Red and Blue),No 1 (Royal Red and Blue),No. 5 1948,Portrait of a Halberdier,The Gross Clinic,No. 5 1948,Garcon a la pipe,Untitled,Three Studies of Lucian Freud,Massacre of the Innocents,Massacre of the Innocents,Massacre of the Innocents,Massacre of the Innocents,Massacre of the Innocents,Massacre of the Innocents,Massacre of the Innocents,Massacre of the Innocents,Massacre of the Innocents,Massacre of the Innocents,Massacre of the Innocents,Massacre of the Innocents,Garcon a la pipe,Massacre of the Innocents
The Card Players,Massacre of the Innocents,The Card Players,The Card Players,Massacre of the Innocents,Massacre of the Innocents,Garcon a la pipe,Garcon a la pipe,The Card Players,The Card Players,The Card Players,The Card Players,The Card Players,Garcon a la pipe,Massacre of the Innocents,Garcon a la pipe,The Card Players,The Card Players,The Card Players,The Card Players,The Card Players,The Card Players,Portrait of Adele Bloch-Bauer I,Vase with Fifteen Sunflowers,Portrait of Adele Bloch-Bauer I,Le Reve,Le Reve,Le Reve,Police Gazette,Le Reve,Police Gazette,Police Gazette,Le Reve,Police Gazette,Portrait of Adele Bloch-Bauer I,Vase with Fifteen Sunflowers,Massacre of the Innocents,Massacre of the Innocents,Massacre of the Innocents,Massacre of the Innocents,Massacre of the Innocents,Massacre of the Innocents,Massacre of the Innocents,Massacre of the Innocents,Massacre of the Innocents,Massacre of the Innocents,Garcon a la pipe,Massacre of the Innocents,Garcon a la pipe,Massacre of the Innocents
The Card Players,The Card Players,The Card Players,The Card Players,Massacre of the Innocents,Massacre of the Innocents,Massacre of the Innocents,Massacre of the Innocents,Garcon a la pipe,The Card Players,The Card Players,The Card Players,The Card Players,Garcon a la pipe,Massacre of the Innocents,Garcon a la pipe,The Card Players,The Card Players,The Card Players,The Card Players,The Card Players,The Card Players,Portrait of Adele Bloch-Bauer I,Vase with Fifteen Sunflowers,Portrait of Adele Bloch-Bauer I,Le Reve,Le Reve,Le Reve,Le Reve,Le Reve,Le Reve,Le Reve,Le Reve,Police Gazette,Portrait of Adele Bloch-Bauer I,Vase with Fifteen Sunflowers,Massacre of the Innocents,Massacre of the Innocents,Massacre of the Innocents,Massacre of the Innocents,Massacre of the Innocents,Massacre of the Innocents,Massacre of the Innocents,Massacre of the Innocents,Massacre of the Innocents,Garcon a la pipe,Garcon a la pipe,Garcon a la pipe,Garcon a la pipe,Massacre of the Innocents
The Card Players,The Card Players,The Card Players,The Card Players,The Card Players,Massacre of the Innocents,Massacre of the Innocents,Massacre of the Innocents,Garcon a la pipe,The Card Players,The Card Players,The Card Players,The Card Players,Massacre of the Innocents,Massacre of the Innocents,Garcon a la pipe,The Card Players,The Card Players,Garcon a la pipe,Garcon a la pipe,Garcon a la pipe,Garcon a la pipe,Portrait of Adele Bloch-Bauer I,Vase with Fifteen Sunflowers,Portrait of Adele Bloch-Bauer I,Three Studies of Lucian Freud,Police Gazette,Le Reve,Le Reve,Police Gazette,Police Gazette,Police Gazette,Police Gazette,Portrait of Adele Bloch-Bauer I,Vase with Fifteen Sunflowers,Portrait of Adele Bloch-Bauer I,Massacre of the Innocents,Massacre of the Innocents,Massacre of the Innocents,Massacre of the Innocents,Massacre of the Innocents,Massacre of the Innocents,Massacre of the Innocents,Garcon a la pipe,Massacre of the Innocents,Massacre of the Innocents,Garcon a la pipe,Massacre of the Innocents,Garcon a la pipe,Massacre of the Innocents
Garcon a la pipe,Garcon a la pipe,Garcon a la pipe,Garcon a la pipe,Garcon a la pipe,Garcon a la pipe,The Card Players,Garcon a la pipe,The Card Players,The Card Players,The Card Players,The Card Players,Garcon a la pipe,Massacre of the Innocents,Massacre of the Innocents,The Card Players,The Card Players,No 1 (Royal Red and Blue),Anna's Light,No 1 (Royal Red and Blue),Le Reve,Vase with Fifteen Sunflowers,Vase with Fifteen Sunflowers,Vase with Fifteen Sunflowers,Vase with Fifteen Sunflowers,Vase with Fifteen Sunflowers,Three Studies of Lucian Freud,Portrait of Adele Bloch-Bauer I,Portrait of Adele Bloch-Bauer I,Portrait of Adele Bloch-Bauer I,Portrait of Adele Bloch-Bauer I,Portrait of Adele Bloch-Bauer I,Portrait of Adele Bloch-Bauer I,Vase with Fifteen Sunflowers,Vase with Fifteen Sunflowers,Vase with Fifteen Sunflowers,Massacre of the Innocents,Massacre of the Innocents,Massacre of the Innocents,Massacre of the Innocents,Massacre of the Innocents,Massacre of the Innocents,Massacre of the Innocents,Garcon a la pipe,Garcon a la pipe,Garcon a la pipe,Massacre of the Innocents,Massacre of the Innocents,Garcon a la pipe,Massacre of the Innocents
Garcon a la pipe,Garcon a la pipe,Garcon a la pipe,Garcon a la pipe,Garcon a la pipe,Garcon a la pipe,Garcon a la pipe,Garcon a la pipe,Garcon a la pipe,Garcon a la pipe,Garcon a la pipe,The Card Players,Garcon a la pipe,Garcon a la pipe,Massacre of the Innocents,Garcon a la pipe,No 1 (Royal Red and Blue),No 1 (Royal Red and Blue),Portrait of Adele Bloch-Bauer I,Vase with Fifteen Sunflowers,Vase with Fifteen Sunflowers,Vase with Fifteen Sunflowers,Vase with Fifteen Sunflowers,Vase with Fifteen Sunflowers,Vase with Fifteen Sunflowers,Vase with Fifteen Sunflowers,Vase with Fifteen Sunflowers,Portrait of Adele Bloch-Bauer I,Portrait of Adele Bloch-Bauer I,Portrait of Adele Bloch-Bauer I,Portrait of Adele Bloch-Bauer I,Vase with Fifteen Sunflowers,Vase with Fifteen Sunflowers,Vase with Fifteen Sunflowers,Vase with Fifteen Sunflowers,Vase with Fifteen Sunflowers,Vase with Fifteen Sunflowers,Portrait of Adele Bloch-Bauer I,Massacre of the Innocents,Garcon a la pipe,Garcon a la pipe,Garcon a la pipe,Garcon a la pipe,Garcon a la pipe,Garcon a la pipe,Garcon a la pipe,Garcon a la pipe,Garcon a la pipe,Garcon a la pipe,Garcon a la pipe
Garcon a la pipe,Garcon a la pipe,Garcon a la pipe,Garcon a la pipe,Garcon a la pipe,Garcon a la pipe,Garcon a la pipe,Garcon a la pipe,Garcon a la pipe,Garcon a la pipe,Garcon a la pipe,Garcon a la pipe,The Card Players,Garcon a la pipe,No 1 (Royal Red and Blue),No 1 (Royal Red and Blue),No 1 (Royal Red and Blue),Vase with Fifteen Sunflowers,Vase with Fifteen Sunflowers,Vase with Fifteen Sunflowers,Vase with Fifteen Sunflowers,Vase with Fifteen Sunflowers,Vase with Fifteen Sunflowers,Vase with Fifteen Sunflowers,Vase with Fifteen Sunflowers,Vase with Fifteen Sunflowers,Vase with Fifteen Sunflowers,Vase with Fifteen Sunflowers,Vase with Fifteen Sunflowers,Vase with Fifteen Sunflowers,Vase with Fifteen Sunflowers,Vase with Fifteen Sunflowers,Vase with Fifteen Sunflowers,Vase with Fifteen Sunflowers,Vase with Fifteen Sunflowers,Vase with Fifteen Sunflowers,Vase with Fifteen Sunflowers,Vase with Fifteen Sunflowers,Vase with Fifteen Sunflowers,No 1 (Royal Red and Blue),Untitled,Garcon a la pipe,Garcon a la pipe,Garcon a la pipe,Garcon a la pipe,Garcon a la pipe,Garcon a la pipe,Garcon a la pipe,Garcon a la pipe,Garcon a la pipe
Salvator Mundi,Nude Sitting on a Divan,Salvator Mundi,Salvator Mundi,Salvator Mundi,Nude Sitting on a Divan,The Card Players,Nude Sitting on a Divan,Nude Sitting on a Divan,The Card Players,Nude Sitting on a Divan,The Card Players,Nude Sitting on a Divan,No 1 (Royal Red and Blue),No 1 (Royal Red and Blue),No 1 (Royal Red and Blue),No 1 (Royal Red and Blue),Vase with Fifteen Sunflowers,Vase with Fifteen Sunflowers,Vase with Fifteen Sunflowers,Vase with Fifteen Sunflowers,Vase with Fifteen Sunflowers,Vase with Fifteen Sunflowers,Vase with Fifteen Sunflowers,Vase with Fifteen Sunflowers,Vase with Fifteen Sunflowers,Vase with Fifteen Sunflowers,Vase with Fifteen Sunflowers,Vase with Fifteen Sunflowers,Vase with Fifteen Sunflowers,Vase with Fifteen Sunflowers,Vase with Fifteen Sunflowers,Vase with Fifteen Sunflowers,Vase with Fifteen Sunflowers,Vase with Fifteen Sunflowers,Vase with Fifteen Sunflowers,Vase with Fifteen Sunflowers,Vase with Fifteen Sunflowers,"White Center (Yellow, Pink and Lavender on Rose)",No 1 (Royal Red and Blue),No 1 (Royal Red and Blue),No 1 (Royal Red and Blue),Untitled,Diana and Actaeon,Diana and Actaeon,Diana and Actaeon,Diana and Actaeon,Diana and Actaeon,Diana and Actaeon,Diana and Actaeon
Salvator Mundi,The Card Players,The Card Players,The Card Players,The Card Players,The Card Players,The Card Players,The Card Players,The Card Players,Garcon a la pipe,Garcon a la pipe,The Card Players,No 1 (Royal Red and Blue),No 1 (Royal Red and Blue),No 1 (Royal Red and Blue),No 1 (Royal Red and Blue),"White Center (Yellow, Pink and Lavender on Rose)",Vase with Fifteen Sunflowers,Vase with Fifteen Sunflowers,Vase with Fifteen Sunflowers,Vase with Fifteen Sunflowers,Vase with Fifteen Sunflowers,Vase with Fifteen Sunflowers,Vase with Fifteen Sunflowers,Vase with Fifteen Sunflowers,Vase with Fifteen Sunflowers,Vase with Fifteen Sunflowers,Vase with Fifteen Sunflowers,Vase with Fifteen Sunflowers,Vase with Fifteen Sunflowers,Vase with Fifteen Sunflowers,Vase with Fifteen Sunflowers,Vase with Fifteen Sunflowers,Vase with Fifteen Sunflowers,Vase with Fifteen Sunflowers,Vase with Fifteen Sunflowers,Portrait of Adele Bloch-Bauer I,No 1 (Royal Red and Blue),No 1 (Royal Red and Blue),No 1 (Royal Red and Blue),No 1 (Royal Red and Blue),No 1 (Royal Red and Blue),No 1 (Royal Red and Blue),Nude Sitting on a Divan,Nude Sitting on a Divan,Nude Sitting on a Divan,The Card Players,Nude Sitting on a Divan,The Card Players,The Card Players
The Card Players,The Card Players,The Card Players,The Card Players,The Card Players,The Card Players,The Card Players,The Card Players,Garcon a la pipe,Garcon a la pipe,Garcon a la pipe,Massacre of the Innocents,No 1 (Royal Red and Blue),No 1 (Royal Red and Blue),No 1 (Royal Red and Blue),No 1 (Royal Red and Blue),Three Studies of Lucian Freud,Vase with Fifteen Sunflowers,Vase with Fifteen Sunflowers,Vase with Fifteen Sunflowers,Vase with Fifteen Sunflowers,Vase with Fifteen Sunflowers,Vase with Fifteen Sunflowers,Vase with Fifteen Sunflowers,Vase with Fifteen Sunflowers,Vase with Fifteen Sunflowers,Vase with Fifteen Sunflowers,Vase with Fifteen Sunflowers,Vase with Fifteen Sunflowers,Vase with Fifteen Sunflowers,Vase with Fifteen Sunflowers,Vase with Fifteen Sunflowers,Vase with Fifteen Sunflowers,Vase with Fifteen Sunflowers,Vase with Fifteen Sunflowers,Portrait of Adele Bloch-Bauer I,No 1 (Royal Red and Blue),No 1 (Royal Red and Blue),No 1 (Royal Red and Blue),No 1 (Royal Red and Blue),No 1 (Royal Red and Blue),"White Center (Yellow, Pink and Lavender on Rose)",Vase with Fifteen Sunflowers,Vase with Fifteen Sunflowers,Portrait of Adele Bloch-Bauer I,Garcon a la pipe,Garcon a la pipe,Garcon a la pipe,Garcon a la pipe,Garcon a la pipe
The Card Players,The Card Players,The Card Players,The Card Players,The Card Players,The Card Players,Garcon a la pipe,Garcon a la pipe,Garcon a la pipe,Garcon a la pipe,Garcon a la pipe,Vase with Fifteen Sunflowers,No 1 (Royal Red and Blue),No 1 (Royal Red and Blue),No 1 (Royal Red and Blue),No 1 (Royal Red and Blue),Vase with Fifteen Sunflowers,Vase with Fifteen Sunflowers,Vase with Fifteen Sunflowers,Vase with Fifteen Sunflowers,Vase with Fifteen Sunflowers,Vase with Fifteen Sunflowers,Vase with Fifteen Sunflowers,Vase with Fifteen Sunflowers,Vase with Fifteen Sunflowers,Vase with Fifteen Sunflowers,Vase with Fifteen Sunflowers,Vase with Fifteen Sunflowers,Vase with Fifteen Sunflowers,Vase with Fifteen Sunflowers,Vase with Fifteen Sunflowers,Vase with Fifteen Sunflowers,Vase with Fifteen Sunflowers,Vase with Fifteen Sunflowers,Vase with Fifteen Sunflowers,No 1 (Royal Red and Blue),No 1 (Royal Red and Blue),No 1 (Royal Red and Blue),No 1 (Royal Red and Blue),No 1 (Royal Red and Blue),"White Center (Yellow, Pink and Lavender on Rose)",Vase with Fifteen Sunflowers,Vase with Fifteen Sunflowers,Vase with Fifteen Sunflowers,Vase with Fifteen Sunflowers,Massacre of the Innocents,Garcon a la pipe,Garcon a la pipe,Garcon a la pipe,Garcon a la pipe
Salvator Mundi,The Card Players,The Card Players,The Card Players,The Card Players,The Card Players,Garcon a la pipe,Garcon a la pipe,Garcon a la pipe,Massacre of the Innocents,Massacre of the Innocents,Vase with Fifteen Sunflowers,No 1 (Royal Red and Blue),No 1 (Royal Red and Blue),No 1 (Royal Red and Blue),No 1 (Royal Red and Blue),Vase with Fifteen Sunflowers,Vase with Fifteen Sunflowers,Vase with Fifteen Sunflowers,Vase with Fifteen Sunflowers,Vase with Fifteen Sunflowers,Vase with Fifteen Sunflowers,Vase with Fifteen Sunflowers,Vase with Fifteen Sunflowers,Vase with Fifteen Sunflowers,Vase with Fifteen Sunflowers,Vase with Fifteen Sunflowers,Vase with Fifteen Sunflowers,Vase with Fifteen Sunflowers,Vase with Fifteen Sunflowers,Vase with Fifteen Sunflowers,Vase with Fifteen Sunflowers,Vase with Fifteen Sunflowers,Vase with Fifteen Sunflowers,No 1 (Royal Red and Blue),No 1 (Royal Red and Blue),No 1 (Royal Red and Blue),No 1 (Royal Red and Blue),No 1 (Royal Red and Blue),No 1 (Royal Red and Blue),Vase with Fifteen Sunflowers,Vase with Fifteen Sunflowers,Vase with Fifteen Sunflowers,Vase with Fifteen Sunflowers,Vase with Fifteen Sunflowers,Vase with Fifteen Sunflowers,Garcon a la pipe,Garcon a la pipe,Garcon a la pipe,Garcon a la pipe
Salvator Mundi,Salvator Mundi,The Card Players,The Card Players,The Card Players,The Card Players,The Card Players,The Card Players,The Card Players,The Card Players,Massacre of the Innocents,Vase with Fifteen Sunflowers,No 1 (Royal Red and Blue),No 1 (Royal Red and Blue),No 1 (Royal Red and Blue),No 1 (Royal Red and Blue),Vase with Fifteen Sunflowers,Vase with Fifteen Sunflowers,Vase with Fifteen Sunflowers,Vase with Fifteen Sunflowers,Vase with Fifteen Sunflowers,Vase with Fifteen Sunflowers,Vase with Fifteen Sunflowers,Vase with Fifteen Sunflowers,Vase with Fifteen Sunflowers,Vase with Fifteen Sunflowers,Vase with Fifteen Sunflowers,Vase with Fifteen Sunflowers,Vase with Fifteen Sunflowers,Vase with Fifteen Sunflowers,Vase with Fifteen Sunflowers,Vase with Fifteen Sunflowers,Vase with Fifteen Sunflowers,"White Center (Yellow, Pink and Lavender on Rose)",No 1 (Royal Red and Blue),No 1 (Royal Red and Blue),No 1 (Royal Red and Blue),No 1 (Royal Red and Blue),No 1 (Royal Red and Blue),Vase with Fifteen Sunflowers,Vase with Fifteen Sunflowers,Vase with Fifteen Sunflowers,Vase with Fifteen Sunflowers,Vase with Fifteen Sunflowers,Vase with Fifteen Sunflowers,Vase with Fifteen Sunflowers,Massacre of the Innocents,Garcon a la pipe,Garcon a la pipe,Garcon a la pipe
Nude Sitting on a Divan,Salvator Mundi,Salvator Mundi,The Card Players,The Card Players,The Card Players,The Card Players,The Card Players,The Card Players,The Card Players,Portrait of Adele Bloch-Bauer I,Vase with Fifteen Sunflowers,No 1 (Royal Red and Blue),No 1 (Royal Red and Blue),No 1 (Royal Red and Blue),No 1 (Royal Red and Blue),Vase with Fifteen Sunflowers,Vase with Fifteen Sunflowers,Vase with Fifteen Sunflowers,Vase with Fifteen Sunflowers,Vase with Fifteen Sunflowers,Vase with Fifteen Sunflowers,Vase with Fifteen Sunflowers,Vase with Fifteen Sunflowers,Vase with Fifteen Sunflowers,Vase with Fifteen Sunflowers,Vase with Fifteen Sunflowers,Vase with Fifteen Sunflowers,Vase with Fifteen Sunflowers,Vase with Fifteen Sunflowers,Vase with Fifteen Sunflowers,Vase with Fifteen Sunflowers,Three Studies of Lucian Freud,No 1 (Royal Red and Blue),No 1 (Royal Red and Blue),No 1 (Royal Red and Blue),No 1 (Royal Red and Blue),No 1 (Royal Red and Blue),Vase with Fifteen Sunflowers,Vase with Fifteen Sunflowers,Vase with Fifteen Sunflowers,Vase with Fifteen Sunflowers,Vase with Fifteen Sunflowers,Vase with Fifteen Sunflowers,Vase with Fifteen Sunflowers,Vase with Fifteen Sunflowers,Portrait of Adele Bloch-Bauer I,Garcon a la pipe,Garcon a la pipe,Garcon a la pipe
Nude Sitting on a Divan,Nude Sitting on a Divan,Salvator Mundi,The Card Players,The Card Players,The Card Players,The Card Players,The Card Players,The Card Players,The Card Players,Vase with Fifteen Sunflowers,Vase with Fifteen Sunflowers,No 1 (Royal Red and Blue),No 1 (Royal Red and Blue),No 1 (Royal Red and Blue),No 1 (Royal Red and Blue),Vase with Fifteen Sunflowers,Vase with Fifteen Sunflowers,Vase with Fifteen Sunflowers,Vase with Fifteen Sunflowers,Vase with Fifteen Sunflowers,Vase with Fifteen Sunflowers,Vase with Fifteen Sunflowers,Vase with Fifteen Sunflowers,Vase with Fifteen Sunflowers,Vase with Fifteen Sunflowers,Vase with Fifteen Sunflowers,Vase with Fifteen Sunflowers,Vase with Fifteen Sunflowers,Vase with Fifteen Sunflowers,Vase with Fifteen Sunflowers,Vase with Fifteen Sunflowers,No 1 (Royal Red and Blue),No 1 (Royal Red and Blue),No 1 (Royal Red and Blue),No 1 (Royal Red and Blue),No 1 (Royal Red and Blue),"White Center (Yellow, Pink and Lavender on Rose)",Vase with Fifteen Sunflowers,Vase with Fifteen Sunflowers,Vase with Fifteen Sunflowers,Vase with Fifteen Sunflowers,Vase with Fifteen Sunflowers,Vase with Fifteen Sunflowers,Vase with Fifteen Sunflowers,Vase with Fifteen Sunflowers,Three Studies of Lucian Freud,Garcon a la pipe,Garcon a la pipe,Garcon a la pipe
Salvator Mundi,Salvator Mundi,Salvator Mundi,The Card Players,The Card Players,The Card Players,The Card Players,The Card Players,The Card Players,Au Lapin Agile,Vase with Fifteen Sunflowers,Vase with Fifteen Sunflowers,No 1 (Royal Red and Blue),No 1 (Royal Red and Blue),No 1 (Royal Red and Blue),No 1 (Royal Red and Blue),Vase with Fifteen Sunflowers,Vase with Fifteen Sunflowers,Vase with Fifteen Sunflowers,Vase with Fifteen Sunflowers,Vase with Fifteen Sunflowers,Vase with Fifteen Sunflowers,Vase with Fifteen Sunflowers,Vase with Fifteen Sunflowers,Vase with Fifteen Sunflowers,Vase with Fifteen Sunflowers,Vase with Fifteen Sunflowers,Vase with Fifteen Sunflowers,Vase with Fifteen Sunflowers,Vase with Fifteen Sunflowers,Vase with Fifteen Sunflowers,No 1 (Royal Red and Blue),No 1 (Royal Red and Blue),No 1 (Royal Red and Blue),No 1 (Royal Red and Blue),No 1 (Royal Red and Blue),No 1 (Royal Red and Blue),Vase with Fifteen Sunflowers,Vase with Fifteen Sunflowers,Vase with Fifteen Sunflowers,Vase with Fifteen Sunflowers,Vase with Fifteen Sunflowers,Vase with Fifteen Sunflowers,Vase with Fifteen Sunflowers,Vase with Fifteen Sunflowers,Vase with Fifteen Sunflowers,Vase with Fifteen Sunflowers,Garcon a la pipe,Garcon a la pipe,Garcon a la pipe
Salvator Mundi,Nude Sitting on a Divan,The Card Players,The Card Players,The Card Players,Garcon a la pipe,The Card Players,The Card Players,Massacre of the Innocents,Vase with Fifteen Sunflowers,Vase with Fifteen Sunflowers,Vase with Fifteen Sunflowers,No 1 (Royal Red and Blue),No 1 (Royal Red and Blue),No 1 (Royal Red and Blue),No 1 (Royal Red and Blue),Vase with Fifteen Sunflowers,Vase with Fifteen Sunflowers,Vase with Fifteen Sunflowers,Vase with Fifteen Sunflowers,Vase with Fifteen Sunflowers,Vase with Fifteen Sunflowers,Vase with Fifteen Sunflowers,Vase with Fifteen Sunflowers,Vase with Fifteen Sunflowers,Vase with Fifteen Sunflowers,Vase with Fifteen Sunflowers,Vase with Fifteen Sunflowers,Vase with Fifteen Sunflowers,Vase with Fifteen Sunflowers,No 1 (Royal Red and Blue),No 1 (Royal Red and Blue),No 1 (Royal Red and Blue),No 1 (Royal Red and Blue),No 1 (Royal Red and Blue),No 1 (Royal Red and Blue),Vase with Fifteen Sunflowers,Vase with Fifteen Sunflowers,Vase with Fifteen Sunflowers,Vase with Fifteen Sunflowers,Vase with Fifteen Sunflowers,Vase with Fifteen Sunflowers,Vase with Fifteen Sunflowers,Vase with Fifteen Sunflowers,Vase with Fifteen Sunflowers,Vase with Fifteen Sunflowers,Vase with Fifteen Sunflowers,Garcon a la pipe,Garcon a la pipe,Garcon a la pipe
Salvator Mundi,Nude Sitting on a Divan,Nude Sitting on a Divan,The Card Players,The Card Players,The Card Players,The Card Players,The Card Players,Three Studies of Lucian Freud,Vase with Fifteen Sunflowers,Vase with Fifteen Sunflowers,Vase with Fifteen Sunflowers,"White Center (Yellow, Pink and Lavender on Rose)",Flag,No 1 (Royal Red and Blue),No 1 (Royal Red and Blue),Three Studies of Lucian Freud,Vase with Fifteen Sunflowers,Vase with Fifteen Sunflowers,Vase with Fifteen Sunflowers,Vase with Fifteen Sunflowers,Vase with Fifteen Sunflowers,Vase with Fifteen Sunflowers,Vase with Fifteen Sunflowers,Vase with Fifteen Sunflowers,Vase with Fifteen Sunflowers,Vase with Fifteen Sunflowers,Vase with Fifteen Sunflowers,Vase with Fifteen Sunflowers,No 1 (Royal Red and Blue),No 1 (Royal Red and Blue),No 1 (Royal Red and Blue),No 1 (Royal Red and Blue),No 1 (Royal Red and Blue),No 1 (Royal Red and Blue),Vase with Fifteen Sunflowers,Vase with Fifteen Sunflowers,Vase with Fifteen Sunflowers,Vase with Fifteen Sunflowers,Vase with Fifteen Sunflowers,Vase with Fifteen Sunflowers,Vase with Fifteen Sunflowers,Vase with Fifteen Sunflowers,Vase with Fifteen Sunflowers,Vase with Fifteen Sunflowers,Vase with Fifteen Sunflowers,Vase with Fifteen Sunflowers,Garcon a la pipe,Garcon a la pipe,Garcon a la pipe
Salvator Mundi,Salvator Mundi,The Card Players,The Card Players,The Card Players,The Card Players,The Card Players,The Card Players,Vase with Fifteen Sunflowers,Vase with Fifteen Sunflowers,Vase with Fifteen Sunflowers,Vase with Fifteen Sunflowers,Three Studies of Lucian Freud,Suprematist Composition,No 1 (Royal Red and Blue),No 1 (Royal Red and Blue),No 1 (Royal Red and Blue),No 1 (Royal Red and Blue),No 1 (Royal Red and Blue),No 1 (Royal Red and Blue),No 1 (Royal Red and Blue),"White Center (Yellow, Pink and Lavender on Rose)",Three Studies of Lucian Freud,Vase with Fifteen Sunflowers,Vase with Fifteen Sunflowers,Vase with Fifteen Sunflowers,Vase with Fifteen Sunflowers,Vase with Fifteen Sunflowers,"White Center (Yellow, Pink and Lavender on Rose)",No 1 (Royal Red and Blue),No 1 (Royal Red and Blue),No 1 (Royal Red and Blue),No 1 (Royal Red and Blue),No 1 (Royal Red and Blue),Portrait of Adele Bloch-Bauer I,Vase with Fifteen Sunflowers,Vase with Fifteen Sunflowers,Vase with Fifteen Sunflowers,Vase with Fifteen Sunflowers,Vase with Fifteen Sunflowers,Vase with Fifteen Sunflowers,Vase with Fifteen Sunflowers,Vase with Fifteen Sunflowers,Vase with Fifteen Sunflowers,Vase with Fifteen Sunflowers,Vase with Fifteen Sunflowers,Vase with Fifteen Sunflowers,The Gross Clinic,The Gross Clinic,The Gross Clinic
Salvator Mundi,Nude Sitting on a Divan,The Card Players,The Card Players,The Card Players,The Card Players,The Card Players,Massacre of the Innocents,Vase with Fifteen Sunflowers,Vase with Fifteen Sunflowers,Vase with Fifteen Sunflowers,Vase with Fifteen Sunflowers,Three Studies of Lucian Freud,Suprematist Composition,No 1 (Royal Red and Blue),No 1 (Royal Red and Blue),No 1 (Royal Red and Blue),No 1 (Royal Red and Blue),No 1 (Royal Red and Blue),No 1 (Royal Red and Blue),No 1 (Royal Red and Blue),No 1 (Royal Red and Blue),No 1 (Royal Red and Blue),No 1 (Royal Red and Blue),No 1 (Royal Red and Blue),No 1 (Royal Red and Blue),No 1 (Royal Red and Blue),No 1 (Royal Red and Blue),Flag,Suprematist Composition,No 1 (Royal Red and Blue),No 1 (Royal Red and Blue),No 1 (Royal Red and Blue),"White Center (Yellow, Pink and Lavender on Rose)",Vase with Fifteen Sunflowers,Vase with Fifteen Sunflowers,Vase with Fifteen Sunflowers,Vase with Fifteen Sunflowers,Vase with Fifteen Sunflowers,Vase with Fifteen Sunflowers,Vase with Fifteen Sunflowers,Vase with Fifteen Sunflowers,Vase with Fifteen Sunflowers,Vase with Fifteen Sunflowers,Vase with Fifteen Sunflowers,Vase with Fifteen Sunflowers,Vase with Fifteen Sunflowers,No. 5 1948,The Gross Clinic,The Gross Clinic
Salvator Mundi,Nude Sitting on a Divan,Nude Sitting on a Divan,The Card Players,The Card Players,The Card Players,The Card Players,Massacre of the Innocents,Vase with Fifteen Sunflowers,Vase with Fifteen Sunflowers,Vase with Fifteen Sunflowers,Vase with Fifteen Sunflowers,Vase with Fifteen Sunflowers,Untitled,No 1 (Royal Red and Blue),No 1 (Royal Red and Blue),No 1 (Royal Red and Blue),No 1 (Royal Red and Blue),No 1 (Royal Red and Blue),No 1 (Royal Red and Blue),No 1 (Royal Red and Blue),No 1 (Royal Red and Blue),No 1 (Royal Red and Blue),No 1 (Royal Red and Blue),No 1 (Royal Red and Blue),No 1 (Royal Red and Blue),No 1 (Royal Red and Blue),No 1 (Royal Red and Blue),Suprematist Composition,Suprematist Composition,Suprematist Composition,No 1 (Royal Red and Blue),No 1 (Royal Red and Blue),Vase with Fifteen Sunflowers,Vase with Fifteen Sunflowers,Vase with Fifteen Sunflowers,Vase with Fifteen Sunflowers,Vase with Fifteen Sunflowers,Vase with Fifteen Sunflowers,Vase with Fifteen Sunflowers,Vase with Fifteen Sunflowers,Vase with Fifteen Sunflowers,Vase with Fifteen Sunflowers,Vase with Fifteen Sunflowers,Vase with Fifteen Sunflowers,Vase with Fifteen Sunflowers,Vase with Fifteen Sunflowers,Salvator Mundi,The Gross Clinic,The Gross Clinic
Salvator Mundi,Salvator Mundi,Nude Sitting on a Divan,The Card Players,Garcon a la pipe,The Card Players,The Card Players,Vase with Fifteen Sunflowers,Vase with Fifteen Sunflowers,Vase with Fifteen Sunflowers,Vase with Fifteen Sunflowers,Vase with Fifteen Sunflowers,Vase with Fifteen Sunflowers,No 1 (Royal Red and Blue),No 1 (Royal Red and Blue),No 1 (Royal Red and Blue),No 1 (Royal Red and Blue),No 1 (Royal Red and Blue),No 1 (Royal Red and Blue),No 1 (Royal Red and Blue),No 1 (Royal Red and Blue),No 1 (Royal Red and Blue),No 1 (Royal Red and Blue),No 1 (Royal Red and Blue),No 1 (Royal Red and Blue),No 1 (Royal Red and Blue),No 1 (Royal Red and Blue),No 1 (Royal Red and Blue),Suprematist Composition,Suprematist Composition,Suprematist Composition,No 1 (Royal Red and Blue),Vase with Fifteen Sunflowers,Vase with Fifteen Sunflowers,Vase with Fifteen Sunflowers,Vase with Fifteen Sunflowers,Vase with Fifteen Sunflowers,Vase with Fifteen Sunflowers,Vase with Fifteen Sunflowers,Vase with Fifteen Sunflowers,Vase with Fifteen Sunflowers,Vase with Fifteen Sunflowers,Vase with Fifteen Sunflowers,Vase with Fifteen Sunflowers,Vase with Fifteen Sunflowers,Vase with Fifteen Sunflowers,Vase with Fifteen Sunflowers,Salvator Mundi,The Gross Clinic,The Gross Clinic
Nude Sitting on a Divan,Nude Sitting on a Divan,Nude Sitting on a Divan,The Card Players,Garcon a la pipe,The Card Players,Massacre of the Innocents,Vase with Fifteen Sunflowers,Vase with Fifteen Sunflowers,Vase with Fifteen Sunflowers,Vase with Fifteen Sunflowers,Vase with Fifteen Sunflowers,Portrait of Adele Bloch-Bauer I,No 1 (Royal Red and Blue),No 1 (Royal Red and Blue),No 1 (Royal Red and Blue),No 1 (Royal Red and Blue),No 1 (Royal Red and Blue),No 1 (Royal Red and Blue),No 1 (Royal Red and Blue),No 1 (Royal Red and Blue),No 1 (Royal Red and Blue),No 1 (Royal Red and Blue),No 1 (Royal Red and Blue),No 1 (Royal Red and Blue),No 1 (Royal Red and Blue),No 1 (Royal Red and Blue),No 1 (Royal Red and Blue),No 1 (Royal Red and Blue),Untitled,No 1 (Royal Red and Blue),No 1 (Royal Red and Blue),Portrait of Adele Bloch-Bauer I,Vase with Fifteen Sunflowers,Vase with Fifteen Sunflowers,Vase with Fifteen Sunflowers,Vase with Fifteen Sunflowers,Vase with Fifteen Sunflowers,Vase with Fifteen Sunflowers,Vase with Fifteen Sunflowers,Vase with Fifteen Sunflowers,Vase with Fifteen Sunflowers,Vase with Fifteen Sunflowers,Vase with Fifteen Sunflowers,Vase with Fifteen Sunflowers,Vase with Fifteen Sunflowers,Vase with Fifteen Sunflowers,The Card Players,The Gross Clinic,The Gross Clinic
Nude Sitting on a Divan,Nude Sitting on a Divan,Nude Sitting on a Divan,The Card Players,Nude Sitting on a Divan,The Card Players,Three Studies of Lucian Freud,Vase with Fifteen Sunflowers,Vase with Fifteen Sunflowers,Vase with Fifteen Sunflowers,Vase with Fifteen Sunflowers,Vase with Fifteen Sunflowers,"White Center (Yellow, Pink and Lavender on Rose)",No 1 (Royal Red and Blue),No 1 (Royal Red and Blue),No 1 (Royal Red and Blue),No 1 (Royal Red and Blue),No 1 (Royal Red and Blue),No 1 (Royal Red and Blue),No 1 (Royal Red and Blue),No 1 (Royal Red and Blue),No 1 (Royal Red and Blue),No 1 (Royal Red and Blue),No 1 (Royal Red and Blue),No 1 (Royal Red and Blue),No 1 (Royal Red and Blue),No 1 (Royal Red and Blue),No 1 (Royal Red and Blue),No 1 (Royal Red and Blue),No 1 (Royal Red and Blue),No 1 (Royal Red and Blue),No 1 (Royal Red and Blue),False Start,Vase with Fifteen Sunflowers,Vase with Fifteen Sunflowers,Vase with Fifteen Sunflowers,Vase with Fifteen Sunflowers,Vase with Fifteen Sunflowers,Vase with Fifteen Sunflowers,Vase with Fifteen Sunflowers,Vase with Fifteen Sunflowers,Vase with Fifteen Sunflowers,Vase with Fifteen Sunflowers,Vase with Fifteen Sunflowers,Vase with Fifteen Sunflowers,Vase with Fifteen Sunflowers,Vase with Fifteen Sunflowers,The Card Players,The Gross Clinic,The Gross Clinic
Nude Sitting on a Divan,Nude Sitting on a Divan,Nude Sitting on a Divan,Nude Sitting on a Divan,The Card Players,Massacre of the Innocents,Vase with Fifteen Sunflowers,Vase with Fifteen Sunflowers,Vase with Fifteen Sunflowers,Vase with Fifteen Sunflowers,Vase with Fifteen Sunflowers,Vase with Fifteen Sunflowers,No 1 (Royal Red and Blue),No 1 (Royal Red and Blue),No 1 (Royal Red and Blue),No 1 (Royal Red and Blue),No 1 (Royal Red and Blue),No 1 (Royal Red and Blue),No 1 (Royal Red and Blue),No 1 (Royal Red and Blue),No 1 (Royal Red and Blue),No 1 (Royal Red and Blue),No 1 (Royal Red and Blue),No 1 (Royal Red and Blue),No 1 (Royal Red and Blue),No 1 (Royal Red and Blue),No 1 (Royal Red and Blue),No 1 (Royal Red and Blue),No 1 (Royal Red and Blue),No 1 (Royal Red and Blue),No 1 (Royal Red and Blue),No 1 (Royal Red and Blue),No 1 (Royal Red and Blue),Portrait of Adele Bloch-Bauer I,Vase with Fifteen Sunflowers,Vase with Fifteen Sunflowers,Vase with Fifteen Sunflowers,Vase with Fifteen Sunflowers,Vase with Fifteen Sunflowers,Vase with Fifteen Sunflowers,Vase with Fifteen Sunflowers,Vase with Fifteen Sunflowers,Vase with Fifteen Sunflowers,Vase with Fifteen Sunflowers,Vase with Fifteen Sunflowers,Vase with Fifteen Sunflowers,Vase with Fifteen Sunflowers,Massacre of the Innocents,The Gross Clinic,The Gross Clinic
Nude Sitting on a Divan,Nude Sitting on a Divan,Nude Sitting on a Divan,The Card Players,The Card Players,Vase with Fifteen Sunflowers,Vase with Fifteen Sunflowers,Vase with Fifteen Sunflowers,Vase with Fifteen Sunflowers,Vase with Fifteen Sunflowers,Vase with Fifteen Sunflowers,Portrait of Adele Bloch-Bauer I,No 1 (Royal Red and Blue),No 1 (Royal Red and Blue),No 1 (Royal Red and Blue),No 1 (Royal Red and Blue),No 1 (Royal Red and Blue),No 1 (Royal Red and Blue),No 1 (Royal Red and Blue),No 1 (Royal Red and Blue),No 1 (Royal Red and Blue),No 1 (Royal Red and Blue),No 1 (Royal Red and Blue),No 1 (Royal Red and Blue),No 1 (Royal Red and Blue),No 1 (Royal Red and Blue),No 1 (Royal Red and Blue),No 1 (Royal Red and Blue),No 1 (Royal Red and Blue),No 1 (Royal Red and Blue),No 1 (Royal Red and Blue),No 1 (Royal Red and Blue),No 1 (Royal Red and Blue),No 1 (Royal Red and Blue),Vase with Fifteen Sunflowers,Vase with Fifteen Sunflowers,Portrait of Adele Bloch-Bauer I,Vase with Fifteen Sunflowers,Vase with Fifteen Sunflowers,Vase with Fifteen Sunflowers,Vase with Fifteen Sunflowers,Vase with Fifteen Sunflowers,Vase with Fifteen Sunflowers,Vase with Fifteen Sunflowers,Vase with Fifteen Sunflowers,Vase with Fifteen Sunflowers,Vase with Fifteen Sunflowers,The Card Players,The Gross Clinic,The Gross Clinic
Nude Sitting on a Divan,Nude Sitting on a Divan,Nude Sitting on a Divan,The Card Players,Massacre of the Innocents,Vase with Fifteen Sunflowers,Vase with Fifteen Sunflowers,Vase with Fifteen Sunflowers,Vase with Fifteen Sunflowers,Vase with Fifteen Sunflowers,Vase with Fifteen Sunflowers,Portrait of Adele Bloch-Bauer I,No 1 (Royal Red and Blue),No 1 (Royal Red and Blue),No 1 (Royal Red and Blue),No 1 (Royal Red and Blue),No 1 (Royal Red and Blue),No 1 (Royal Red and Blue),No 1 (Royal Red and Blue),No 1 (Royal Red and Blue),No 1 (Royal Red and Blue),No 1 (Royal Red and Blue),No 1 (Royal Red and Blue),No 1 (Royal Red and Blue),No 1 (Royal Red and Blue),No 1 (Royal Red and Blue),No 1 (Royal Red and Blue),No 1 (Royal Red and Blue),No 1 (Royal Red and Blue),No 1 (Royal Red and Blue),No 1 (Royal Red and Blue),No 1 (Royal Red and Blue),No 1 (Royal Red and Blue),No 1 (Royal Red and Blue),No 1 (Royal Red and Blue),Vase with Fifteen Sunflowers,Vase with Fifteen Sunflowers,Vase with Fifteen Sunflowers,Vase with Fifteen Sunflowers,Vase with Fifteen Sunflowers,Vase with Fifteen Sunflowers,Vase with Fifteen Sunflowers,Vase with Fifteen Sunflowers,Vase with Fifteen Sunflowers,Vase with Fifteen Sunflowers,Vase with Fifteen Sunflowers,Vase with Fifteen Sunflowers,The Card Players,The Gross Clinic,The Gross Clinic
Nude Sitting on a Divan,Nude Sitting on a Divan,Nude Sitting on a Divan,The Card Players,Vase with Fifteen Sunflowers,Vase with Fifteen Sunflowers,Vase with Fifteen Sunflowers,Vase with Fifteen Sunflowers,Vase with Fifteen Sunflowers,Vase with Fifteen Sunflowers,Vase with Fifteen Sunflowers,No 1 (Royal Red and Blue),No 1 (Royal Red and Blue),No 1 (Royal Red and Blue),No 1 (Royal Red and Blue),No 1 (Royal Red and Blue),No 1 (Royal Red and Blue),No 1 (Royal Red and Blue),No 1 (Royal Red and Blue),No 1 (Royal Red and Blue),No 1 (Royal Red and Blue),No 1 (Royal Red and Blue),No 1 (Royal Red and Blue),No 1 (Royal Red and Blue),No 1 (Royal Red and Blue),No 1 (Royal Red and Blue),No 1 (Royal Red and Blue),No 1 (Royal Red and Blue),No 1 (Royal Red and Blue),No 1 (Royal Red and Blue),No 1 (Royal Red and Blue),No 1 (Royal Red and Blue),No 1 (Royal Red and Blue),No 1 (Royal Red and Blue),No 1 (Royal Red and Blue),No 1 (Royal Red and Blue),Portrait of Adele Bloch-Bauer I,Portrait of Adele Bloch-Bauer I,Vase with Fifteen Sunflowers,Vase with Fifteen Sunflowers,Vase with Fifteen Sunflowers,Vase with Fifteen Sunflowers,Vase with Fifteen Sunflowers,Vase with Fifteen Sunflowers,Vase with Fifteen Sunflowers,Vase with Fifteen Sunflowers,Vase with Fifteen Sunflowers,Salvator Mundi,The Gross Clinic,The Gross Clinic
Garcon a la pipe,Garcon a la pipe,Garcon a la pipe,Police Gazette,Three Studies of Lucian Freud,Vase with Fifteen Sunflowers,Vase with Fifteen Sunflowers,Vase with Fifteen Sunflowers,Vase with Fifteen Sunflowers,Vase with Fifteen Sunflowers,Portrait of Adele Bloch-Bauer I,No 1 (Royal Red and Blue),No 1 (Royal Red and Blue),No 1 (Royal Red and Blue),No 1 (Royal Red and Blue),No 1 (Royal Red and Blue),No 1 (Royal Red and Blue),No 1 (Royal Red and Blue),No 1 (Royal Red and Blue),No 1 (Royal Red and Blue),No 1 (Royal Red and Blue),No 1 (Royal Red and Blue),No 1 (Royal Red and Blue),No 1 (Royal Red and Blue),No 1 (Royal Red and Blue),No 1 (Royal Red and Blue),No 1 (Royal Red and Blue),No 1 (Royal Red and Blue),No 1 (Royal Red and Blue),No 1 (Royal Red and Blue),No 1 (Royal Red and Blue),No 1 (Royal Red and Blue),No 1 (Royal Red and Blue),No 1 (Royal Red and Blue),No 1 (Royal Red and Blue),No 1 (Royal Red and Blue),No 1 (Royal Red and Blue),Portrait of Adele Bloch-Bauer I,Vase with Fifteen Sunflowers,Vase with Fifteen Sunflowers,Vase with Fifteen Sunflowers,Vase with Fifteen Sunflowers,Vase with Fifteen Sunflowers,Vase with Fifteen Sunflowers,Vase with Fifteen Sunflowers,Vase with Fifteen Sunflowers,Vase with Fifteen Sunflowers,Salvator Mundi,The Gross Clinic,The Gross Clinic
Massacre of the Innocents,Garcon a la pipe,Garcon a la pipe,Garcon a la pipe,Garcon a la pipe,Garcon a la pipe,Garcon a la pipe,Femme assise dans un jardin,Eagle Standing on Pine Tree,Eagle Standing on Pine Tree,Eagle Standing on Pine Tree,Eagle Standing on Pine Tree,Eagle Standing on Pine Tree,Eagle Standing on Pine Tree,Eagle Standing on Pine Tree,Eagle Standing on Pine Tree,Eagle Standing on Pine Tree,Eagle Standing on Pine Tree,Eagle Standing on Pine Tree,Eagle Standing on Pine Tree,Eagle Standing on Pine Tree,Flag,Flag,Flag,Flag,Flag,Flag,Flag,Flag,Flag,Flag,Flag,Flag,No 1 (Royal Red and Blue),No 1 (Royal Red and Blue),No 1 (Royal Red and Blue),No 1 (Royal Red and Blue),Portrait of Adele Bloch-Bauer I,Vase with Fifteen Sunflowers,Vase with Fifteen Sunflowers,Vase with Fifteen Sunflowers,Vase with Fifteen Sunflowers,Vase with Fifteen Sunflowers,Vase with Fifteen Sunflowers,Vase with Fifteen Sunflowers,Vase with Fifteen Sunflowers,Vase with Fifteen Sunflowers,Salvator Mundi,The Gross Clinic,The Gross Clinic
Garcon a la pipe,Massacre of the Innocents,Massacre of the Innocents,Massacre of the Innocents,Massacre of the Innocents,Massacre of the Innocents,Massacre of the Innocents,Massacre of the Innocents,Garcon a la pipe,Garcon a la pipe,Nude Sitting on a Divan,Garcon a la pipe,Garcon a la pipe,Garcon a la pipe,Garcon a la pipe,Garcon a la pipe,Garcon a la pipe,Garcon a la pipe,Garcon a la pipe,Garcon a la pipe,Garcon a la pipe,Garcon a la pipe,Garcon a la pipe,Garcon a la pipe,Garcon a la pipe,Garcon a la pipe,Garcon a la pipe,Garcon a la pipe,Garcon a la pipe,Garcon a la pipe,Diana and Actaeon,Untitled,Garcon a la pipe,Police Gazette,Police Gazette,Police Gazette,Police Gazette,Police Gazette,Police Gazette,Three Studies of Lucian Freud,Three Studies of Lucian Freud,Three Studies of Lucian Freud,Portrait of Adele Bloch-Bauer I,Portrait of Adele Bloch-Bauer I,Three Studies of Lucian Freud,Portrait of Adele Bloch-Bauer I,Three Studies of Lucian Freud,Police Gazette,Police Gazette,Diana and Actaeon