Eagle Standing on Pine Tree,Eagle Standing on Pine Tree,Eagle Standing on Pine Tree,Eagle Standing on Pine Tree,Eagle Standing on Pine Tree,Eagle Standing on Pine Tree,Eagle Standing on Pine Tree,Eagle Standing on Pine Tree,Eagle Standing on Pine Tree,Eagle Standing on Pine Tree,Eagle Standing on Pine Tree,Eagle Standing on Pine Tree,Eagle Standing on Pine Tree,Eagle Standing on Pine Tree,Eagle Standing on Pine Tree,Eagle Standing on Pine Tree,Eagle Standing on Pine Tree,Eagle Standing on Pine Tree,Eagle Standing on Pine Tree,Eagle Standing on Pine Tree,Eagle Standing on Pine Tree,Eagle Standing on Pine Tree,Eagle Standing on Pine Tree,Eagle Standing on Pine Tree,Eagle Standing on Pine Tree,Eagle Standing on Pine Tree,Eagle Standing on Pine Tree,Eagle Standing on Pine Tree,Eagle Standing on Pine Tree,Eagle Standing on Pine Tree,Eagle Standing on Pine Tree,Eagle Standing on Pine Tree,Eagle Standing on Pine Tree,Eagle Standing on Pine Tree,Eagle Standing on Pine Tree,Eagle Standing on Pine Tree,Eagle Standing on Pine Tree,Eagle Standing on Pine Tree,Eagle Standing on Pine Tree,Eagle Standing on Pine Tree,Eagle Standing on Pine Tree,Eagle Standing on Pine Tree,Eagle Standing on Pine Tree,Eagle Standing on Pine Tree,Eagle Standing on Pine Tree,Portrait de l'artiste sans barbe,Portrait de l'artiste sans barbe,Portrait de l'artiste sans barbe,"Triptych, 1976","Triptych, 1976"
Eagle Standing on Pine Tree,Eagle Standing on Pine Tree,Eagle Standing on Pine Tree,Eagle Standing on Pine Tree,Eagle Standing on Pine Tree,Eagle Standing on Pine Tree,Eagle Standing on Pine Tree,Eagle Standing on Pine Tree,Eagle Standing on Pine Tree,Eagle Standing on Pine Tree,Eagle Standing on Pine Tree,Eagle Standing on Pine Tree,Eagle Standing on Pine Tree,Eagle Standing on Pine Tree,Eagle Standing on Pine Tree,Eagle Standing on Pine Tree,Eagle Standing on Pine Tree,Eagle Standing on Pine Tree,Eagle Standing on Pine Tree,Eagle Standing on Pine Tree,Eagle Standing on Pine Tree,Eagle Standing on Pine Tree,Eagle Standing on Pine Tree,Eagle Standing on Pine Tree,Eagle Standing on Pine Tree,Eagle Standing on Pine Tree,Eagle Standing on Pine Tree,Eagle Standing on Pine Tree,Eagle Standing on Pine Tree,Eagle Standing on Pine Tree,Eagle Standing on Pine Tree,Eagle Standing on Pine Tree,Eagle Standing on Pine Tree,Eagle Standing on Pine Tree,Eagle Standing on Pine Tree,Eagle Standing on Pine Tree,Eagle Standing on Pine Tree,Eagle Standing on Pine Tree,Eagle Standing on Pine Tree,Eagle Standing on Pine Tree,Eagle Standing on Pine Tree,Eagle Standing on Pine Tree,Eagle Standing on Pine Tree,Eagle Standing on Pine Tree,Eagle Standing on Pine Tree,Portrait de l'artiste sans barbe,Portrait de l'artiste sans barbe,Portrait de l'artiste sans barbe,Portrait de l'artiste sans barbe,Portrait de l'artiste sans barbe
Eagle Standing on Pine Tree,Eagle Standing on Pine Tree,Eagle Standing on Pine Tree,Eagle Standing on Pine Tree,Eagle Standing on Pine Tree,Eagle Standing on Pine Tree,Eagle Standing on Pine Tree,Eagle Standing on Pine Tree,Eagle Standing on Pine Tree,Eagle Standing on Pine Tree,Eagle Standing on Pine Tree,Eagle Standing on Pine Tree,Eagle Standing on Pine Tree,Eagle Standing on Pine Tree,Eagle Standing on Pine Tree,Eagle Standing on Pine Tree,Eagle Standing on Pine Tree,Eagle Standing on Pine Tree,Eagle Standing on Pine Tree,Eagle Standing on Pine Tree,Eagle Standing on Pine Tree,Eagle Standing on Pine Tree,Eagle Standing on Pine Tree,Eagle Standing on Pine Tree,Eagle Standing on Pine Tree,Eagle Standing on Pine Tree,Eagle Standing on Pine Tree,Eagle Standing on Pine Tree,Eagle Standing on Pine Tree,Eagle Standing on Pine Tree,Eagle Standing on Pine Tree,Eagle Standing on Pine Tree,Eagle Standing on Pine Tree,Eagle Standing on Pine Tree,Eagle Standing on Pine Tree,Eagle Standing on Pine Tree,Eagle Standing on Pine Tree,Eagle Standing on Pine Tree,Eagle Standing on Pine Tree,Eagle Standing on Pine Tree,Eagle Standing on Pine Tree,Eagle Standing on Pine Tree,Eagle Standing on Pine Tree,Eagle Standing on Pine Tree,Eagle Standing on Pine Tree,Eagle Standing on Pine Tree,Eagle Standing on Pine Tree,Portrait de l'artiste sans barbe,Portrait de l'artiste sans barbe,Portrait de l'artiste sans barbe
Portrait de l'artiste sans barbe,Eagle Standing on Pine Tree,Eagle Standing on Pine Tree,Eagle Standing on Pine Tree,Eagle Standing on Pine Tree,Eagle Standing on Pine Tree,Eagle Standing on Pine Tree,Eagle Standing on Pine Tree,Eagle Standing on Pine Tree,Eagle Standing on Pine Tree,Eagle Standing on Pine Tree,Eagle Standing on Pine Tree,Eagle Standing on Pine Tree,Eagle Standing on Pine Tree,Eagle Standing on Pine Tree,Eagle Standing on Pine Tree,Eagle Standing on Pine Tree,Eagle Standing on Pine Tree,Eagle Standing on Pine Tree,Eagle Standing on Pine Tree,Eagle Standing on Pine Tree,Eagle Standing on Pine Tree,Eagle Standing on Pine Tree,Eagle Standing on Pine Tree,Eagle Standing on Pine Tree,Eagle Standing on Pine Tree,Eagle Standing on Pine Tree,Eagle Standing on Pine Tree,Eagle Standing on Pine Tree,Eagle Standing on Pine Tree,Eagle Standing on Pine Tree,Eagle Standing on Pine Tree,Eagle Standing on Pine Tree,Eagle Standing on Pine Tree,Eagle Standing on Pine Tree,Eagle Standing on Pine Tree,Eagle Standing on Pine Tree,Eagle Standing on Pine Tree,Eagle Standing on Pine Tree,Eagle Standing on Pine Tree,Eagle Standing on Pine Tree,Eagle Standing on Pine Tree,Eagle Standing on Pine Tree,Eagle Standing on Pine Tree,Eagle Standing on Pine Tree,Eagle Standing on Pine Tree,Eagle Standing on Pine Tree,Eagle Standing on Pine Tree,Eagle Standing on Pine Tree,Portrait de l'artiste sans barbe
Eagle Standing on Pine Tree,Eagle Standing on Pine Tree,Eagle Standing on Pine Tree,Eagle Standing on Pine Tree,Eagle Standing on Pine Tree,Eagle Standing on Pine Tree,Eagle Standing on Pine Tree,Eagle Standing on Pine Tree,Eagle Standing on Pine Tree,Eagle Standing on Pine Tree,Eagle Standing on Pine Tree,Eagle Standing on Pine Tree,Eagle Standing on Pine Tree,Eagle Standing on Pine Tree,Eagle Standing on Pine Tree,Eagle Standing on Pine Tree,Eagle Standing on Pine Tree,Eagle Standing on Pine Tree,Eagle Standing on Pine Tree,Eagle Standing on Pine Tree,Eagle Standing on Pine Tree,Eagle Standing on Pine Tree,Eagle Standing on Pine Tree,Eagle Standing on Pine Tree,Eagle Standing on Pine Tree,Eagle Standing on Pine Tree,Eagle Standing on Pine Tree,Eagle Standing on Pine Tree,Eagle Standing on Pine Tree,Eagle Standing on Pine Tree,Eagle Standing on Pine Tree,Eagle Standing on Pine Tree,Eagle Standing on Pine Tree,Eagle Standing on Pine Tree,Eagle Standing on Pine Tree,Eagle Standing on Pine Tree,Eagle Standing on Pine Tree,Eagle Standing on Pine Tree,Eagle Standing on Pine Tree,Eagle Standing on Pine Tree,Eagle Standing on Pine Tree,Eagle Standing on Pine Tree,Eagle Standing on Pine Tree,Eagle Standing on Pine Tree,Eagle Standing on Pine Tree,Eagle Standing on Pine Tree,Eagle Standing on Pine Tree,Eagle Standing on Pine Tree,Eagle Standing on Pine Tree,Portrait de l'artiste sans barbe
Eagle Standing on Pine Tree,Eagle Standing on Pine Tree,Eagle Standing on Pine Tree,Eagle Standing on Pine Tree,Eagle Standing on Pine Tree,Eagle Standing on Pine Tree,Eagle Standing on Pine Tree,Eagle Standing on Pine Tree,Eagle Standing on Pine Tree,Eagle Standing on Pine Tree,Eagle Standing on Pine Tree,Eagle Standing on Pine Tree,Eagle Standing on Pine Tree,Eagle Standing on Pine Tree,Eagle Standing on Pine Tree,Eagle Standing on Pine Tree,Eagle Standing on Pine Tree,Eagle Standing on Pine Tree,Eagle Standing on Pine Tree,Eagle Standing on Pine Tree,Eagle Standing on Pine Tree,Eagle Standing on Pine Tree,Eagle Standing on Pine Tree,Portrait de l'artiste sans barbe,Darmstadt Madonna,Eagle Standing on Pine Tree,Eagle Standing on Pine Tree,Eagle Standing on Pine Tree,Eagle Standing on Pine Tree,Eagle Standing on Pine Tree,Eagle Standing on Pine Tree,Eagle Standing on Pine Tree,Eagle Standing on Pine Tree,Eagle Standing on Pine Tree,Eagle Standing on Pine Tree,Eagle Standing on Pine Tree,Eagle Standing on Pine Tree,Eagle Standing on Pine Tree,Eagle Standing on Pine Tree,Eagle Standing on Pine Tree,Eagle Standing on Pine Tree,Eagle Standing on Pine Tree,Eagle Standing on Pine Tree,Eagle Standing on Pine Tree,Eagle Standing on Pine Tree,Eagle Standing on Pine Tree,Eagle Standing on Pine Tree,Eagle Standing on Pine Tree,Eagle Standing on Pine Tree,Eagle Standing on Pine Tree
Eagle Standing on Pine Tree,Eagle Standing on Pine Tree,Eagle Standing on Pine Tree,Eagle Standing on Pine Tree,Eagle Standing on Pine Tree,Eagle Standing on Pine Tree,Eagle Standing on Pine Tree,Eagle Standing on Pine Tree,Eagle Standing on Pine Tree,Eagle Standing on Pine Tree,Eagle Standing on Pine Tree,Eagle Standing on Pine Tree,Eagle Standing on Pine Tree,Eagle Standing on Pine Tree,Eagle Standing on Pine Tree,Eagle Standing on Pine Tree,Eagle Standing on Pine Tree,Eagle Standing on Pine Tree,Eagle Standing on Pine Tree,Eagle Standing on Pine Tree,Adele Bloch-Bauer II,Portrait of a Halberdier,The Gross Clinic,The Gross Clinic,The Gross Clinic,The Gross Clinic,The Gross Clinic,The Gross Clinic,The Gross Clinic,Dora Maar au Chat,Eagle Standing on Pine Tree,Eagle Standing on Pine Tree,Eagle Standing on Pine Tree,Eagle Standing on Pine Tree,Eagle Standing on Pine Tree,Eagle Standing on Pine Tree,Eagle Standing on Pine Tree,Eagle Standing on Pine Tree,Eagle Standing on Pine Tree,Eagle Standing on Pine Tree,Eagle Standing on Pine Tree,Eagle Standing on Pine Tree,Eagle Standing on Pine Tree,Eagle Standing on Pine Tree,Eagle Standing on Pine Tree,Eagle Standing on Pine Tree,Eagle Standing on Pine Tree,Eagle Standing on Pine Tree,Eagle Standing on Pine Tree,Eagle Standing on Pine Tree
Eagle Standing on Pine Tree,Eagle Standing on Pine Tree,Eagle Standing on Pine Tree,Eagle Standing on Pine Tree,Eagle Standing on Pine Tree,Eagle Standing on Pine Tree,Eagle Standing on Pine Tree,Eagle Standing on Pine Tree,Eagle Standing on Pine Tree,Eagle Standing on Pine Tree,Eagle Standing on Pine Tree,Eagle Standing on Pine Tree,Eagle Standing on Pine Tree,Eagle Standing on Pine Tree,Eagle Standing on Pine Tree,Eagle Standing on Pine Tree,Eagle Standing on Pine Tree,Eagle Standing on Pine Tree,Eagle Standing on Pine Tree,Portrait of a Halberdier,The Gross Clinic,The Gross Clinic,The Gross Clinic,The Gross Clinic,The Gross Clinic,The Gross Clinic,The Gross Clinic,The Gross Clinic,The Gross Clinic,The Gross Clinic,The Gross Clinic,Adele Bloch-Bauer II,Eagle Standing on Pine Tree,Eagle Standing on Pine Tree,Eagle Standing on Pine Tree,Eagle Standing on Pine Tree,Eagle Standing on Pine Tree,Eagle Standing on Pine Tree,Eagle Standing on Pine Tree,Eagle Standing on Pine Tree,Eagle Standing on Pine Tree,Eagle Standing on Pine Tree,Eagle Standing on Pine Tree,Eagle Standing on Pine Tree,Eagle Standing on Pine Tree,Eagle Standing on Pine Tree,Eagle Standing on Pine Tree,Eagle Standing on Pine Tree,Eagle Standing on Pine Tree,Eagle Standing on Pine Tree
Eagle Standing on Pine Tree,Eagle Standing on Pine Tree,Eagle Standing on Pine Tree,Eagle Standing on Pine Tree,Eagle Standing on Pine Tree,Eagle Standing on Pine Tree,Eagle Standing on Pine Tree,Eagle Standing on Pine Tree,Eagle Standing on Pine Tree,Eagle Standing on Pine Tree,Eagle Standing on Pine Tree,Eagle Standing on Pine Tree,Eagle Standing on Pine Tree,Eagle Standing on Pine Tree,Eagle Standing on Pine Tree,Eagle Standing on Pine Tree,Eagle Standing on Pine Tree,Eagle Standing on Pine Tree,No. 5 1948,The Gross Clinic,The Gross Clinic,The Gross Clinic,The Gross Clinic,The Gross Clinic,The Gross Clinic,The Gross Clinic,The Gross Clinic,The Gross Clinic,The Gross Clinic,The Gross Clinic,The Gross Clinic,The Gross Clinic,"Triptych, 1976",Eagle Standing on Pine Tree,Eagle Standing on Pine Tree,Eagle Standing on Pine Tree,Eagle Standing on Pine Tree,Eagle Standing on Pine Tree,Eagle Standing on Pine Tree,Eagle Standing on Pine Tree,Eagle Standing on Pine Tree,Eagle Standing on Pine Tree,Eagle Standing on Pine Tree,Eagle Standing on Pine Tree,Eagle Standing on Pine Tree,Eagle Standing on Pine Tree,Eagle Standing on Pine Tree,Eagle Standing on Pine Tree,Eagle Standing on Pine Tree,Eagle Standing on Pine Tree
Eagle Standing on Pine Tree,Eagle Standing on Pine Tree,Eagle Standing on Pine Tree,Eagle Standing on Pine Tree,Eagle Standing on Pine Tree,Eagle Standing on Pine Tree,Eagle Standing on Pine Tree,Eagle Standing on Pine Tree,Eagle Standing on Pine Tree,Eagle Standing on Pine Tree,Eagle Standing on Pine Tree,Eagle Standing on Pine Tree,Eagle Standing on Pine Tree,Eagle Standing on Pine Tree,Eagle Standing on Pine Tree,Eagle Standing on Pine Tree,Eagle Standing on Pine Tree,Portrait de l'artiste sans barbe,No. 5 1948,The Gross Clinic,The Gross Clinic,The Gross Clinic,The Gross Clinic,No. 5 1948,No. 5 1948,Acrobate et jeune arlequin,Diana and Actaeon,No. 5 1948,No. 5 1948,The Gross Clinic,The Gross Clinic,The Gross Clinic,The Gross Clinic,Portrait de l'artiste sans barbe,Eagle Standing on Pine Tree,Eagle Standing on Pine Tree,Eagle Standing on Pine Tree,Eagle Standing on Pine Tree,Eagle Standing on Pine Tree,Eagle Standing on Pine Tree,Eagle Standing on Pine Tree,Eagle Standing on Pine Tree,Eagle Standing on Pine Tree,Eagle Standing on Pine Tree,Eagle Standing on Pine Tree,Eagle Standing on Pine Tree,Eagle Standing on Pine Tree,Eagle Standing on Pine Tree,Eagle Standing on Pine Tree,Eagle Standing on Pine Tree
Eagle Standing on Pine Tree,Eagle Standing on Pine Tree,Eagle Standing on Pine Tree,Eagle Standing on Pine Tree,Eagle Standing on Pine Tree,Eagle Standing on Pine Tree,Eagle Standing on Pine Tree,Eagle Standing on Pine Tree,Eagle Standing on Pine Tree,Eagle Standing on Pine Tree,Eagle Standing on Pine Tree,Eagle Standing on Pine Tree,Eagle Standing on Pine Tree,Eagle Standing on Pine Tree,Eagle Standing on Pine Tree,Eagle Standing on Pine Tree,Eagle Standing on Pine Tree,Portrait de l'artiste sans barbe,The Gross Clinic,No. 5 1948,Diana and Actaeon,Police Gazette,Police Gazette,Le Reve,Le Reve,Le Reve,Le Reve,Le Reve,Le Reve,Police Gazette,The Gross Clinic,The Gross Clinic,The Gross Clinic,The Gross Clinic,Eagle Standing on Pine Tree,Eagle Standing on Pine Tree,Eagle Standing on Pine Tree,Eagle Standing on Pine Tree,Eagle Standing on Pine Tree,Eagle Standing on Pine Tree,Eagle Standing on Pine Tree,Eagle Standing on Pine Tree,Eagle Standing on Pine Tree,Eagle Standing on Pine Tree,Eagle Standing on Pine Tree,Eagle Standing on Pine Tree,Eagle Standing on Pine Tree,Eagle Standing on Pine Tree,Eagle Standing on Pine Tree,Eagle Standing on Pine Tree
Eagle Standing on Pine Tree,Eagle Standing on Pine Tree,Eagle Standing on Pine Tree,Eagle Standing on Pine Tree,Eagle Standing on Pine Tree,Eagle Standing on Pine Tree,Eagle Standing on Pine Tree,Eagle Standing on Pine Tree,Eagle Standing on Pine Tree,Eagle Standing on Pine Tree,Eagle Standing on Pine Tree,Eagle Standing on Pine Tree,Eagle Standing on Pine Tree,Eagle Standing on Pine Tree,Eagle Standing on Pine Tree,Eagle Standing on Pine Tree,Eagle Standing on Pine Tree,The Scream,Dora Maar au Chat,Eagle Standing on Pine Tree,Police Gazette,Le Reve,Le Reve,Le Reve,Le Reve,Le Reve,Le Reve,Le Reve,Le Reve,Le Reve,No. 5 1948,The Gross Clinic,The Gross Clinic,The Gross Clinic,Eagle Standing on Pine Tree,Eagle Standing on Pine Tree,Eagle Standing on Pine Tree,Eagle Standing on Pine Tree,Eagle Standing on Pine Tree,Eagle Standing on Pine Tree,Eagle Standing on Pine Tree,Eagle Standing on Pine Tree,Eagle Standing on Pine Tree,Eagle Standing on Pine Tree,Eagle Standing on Pine Tree,Eagle Standing on Pine Tree,Eagle Standing on Pine Tree,Eagle Standing on Pine Tree,Eagle Standing on Pine Tree,Eagle Standing on Pine Tree
Eagle Standing on Pine Tree,Eagle Standing on Pine Tree,Eagle Standing on Pine Tree,Eagle Standing on Pine Tree,Eagle Standing on Pine Tree,Eagle Standing on Pine Tree,Eagle Standing on Pine Tree,Eagle Standing on Pine Tree,Eagle Standing on Pine Tree,Eagle Standing on Pine Tree,Eagle Standing on Pine Tree,Eagle Standing on Pine Tree,Eagle Standing on Pine Tree,Eagle Standing on Pine Tree,Eagle Standing on Pine Tree,Eagle Standing on Pine Tree,Eagle Standing on Pine Tree,Portrait de l'artiste sans barbe,Suprematist Composition,Eagle Standing on Pine Tree,Police Gazette,Le Reve,Le Reve,Le Reve,Le Reve,Le Reve,Le Reve,Le Reve,Le Reve,Le Reve,The Scream,The Gross Clinic,The Gross Clinic,Bal du moulin de la Galette,Eagle Standing on Pine Tree,Eagle Standing on Pine Tree,Eagle Standing on Pine Tree,Eagle Standing on Pine Tree,Eagle Standing on Pine Tree,Eagle Standing on Pine Tree,Eagle Standing on Pine Tree,Eagle Standing on Pine Tree,Eagle Standing on Pine Tree,Eagle Standing on Pine Tree,Eagle Standing on Pine Tree,Eagle Standing on Pine Tree,Eagle Standing on Pine Tree,Eagle Standing on Pine Tree,Eagle Standing on Pine Tree,Eagle Standing on Pine Tree
Eagle Standing on Pine Tree,Eagle Standing on Pine Tree,Eagle Standing on Pine Tree,Eagle Standing on Pine Tree,Eagle Standing on Pine Tree,Eagle Standing on Pine Tree,Eagle Standing on Pine Tree,Eagle Standing on Pine Tree,Eagle Standing on Pine Tree,Eagle Standing on Pine Tree,Eagle Standing on Pine Tree,Eagle Standing on Pine Tree,Eagle Standing on Pine Tree,Eagle Standing on Pine Tree,Eagle Standing on Pine Tree,Eagle Standing on Pine Tree,Eagle Standing on Pine Tree,Eagle Standing on Pine Tree,Suprematist Composition,Adele Bloch-Bauer II,Acrobate et jeune arlequin,Femme assise dans un jardin,Femme assise dans un jardin,Femme assise dans un jardin,Flag,Flag,Flag,The Scream,The Scream,Le Reve,Le Reve,No. 5 1948,The Gross Clinic,"Triptych, 1976",Eagle Standing on Pine Tree,Eagle Standing on Pine Tree,Eagle Standing on Pine Tree,Eagle Standing on Pine Tree,Eagle Standing on Pine Tree,Eagle Standing on Pine Tree,Eagle Standing on Pine Tree,Eagle Standing on Pine Tree,Eagle Standing on Pine Tree,Eagle Standing on Pine Tree,Eagle Standing on Pine Tree,Eagle Standing on Pine Tree,Eagle Standing on Pine Tree,Eagle Standing on Pine Tree,Eagle Standing on Pine Tree,Eagle Standing on Pine Tree
Eagle Standing on Pine Tree,Eagle Standing on Pine Tree,Eagle Standing on Pine Tree,Eagle Standing on Pine Tree,Eagle Standing on Pine Tree,Eagle Standing on Pine Tree,Eagle Standing on Pine Tree,Eagle Standing on Pine Tree,Eagle Standing on Pine Tree,Eagle Standing on Pine Tree,Eagle Standing on Pine Tree,Eagle Standing on Pine Tree,Eagle Standing on Pine Tree,Eagle Standing on Pine Tree,Eagle Standing on Pine Tree,Eagle Standing on Pine Tree,Eagle Standing on Pine Tree,Eagle Standing on Pine Tree,Adele Bloch-Bauer II,Portrait of a Halberdier,Portrait of a Halberdier,Portrait of a Halberdier,Acrobate et jeune arlequin,Femme assise dans un jardin,The Scream,Acrobate et jeune arlequin,Portrait of a Halberdier,Acrobate et jeune arlequin,The Scream,Femme assise dans un jardin,Le Reve,The Scream,The Gross Clinic,Eagle Standing on Pine Tree,Eagle Standing on Pine Tree,Eagle Standing on Pine Tree,Eagle Standing on Pine Tree,Eagle Standing on Pine Tree,Eagle Standing on Pine Tree,Eagle Standing on Pine Tree,Eagle Standing on Pine Tree,Eagle Standing on Pine Tree,Eagle Standing on Pine Tree,Eagle Standing on Pine Tree,Eagle Standing on Pine Tree,Eagle Standing on Pine Tree,Eagle Standing on Pine Tree,Eagle Standing on Pine Tree,Eagle Standing on Pine Tree,Eagle Standing on Pine Tree
Eagle Standing on Pine Tree,Eagle Standing on Pine Tree,Eagle Standing on Pine Tree,Eagle Standing on Pine Tree,Eagle Standing on Pine Tree,Eagle Standing on Pine Tree,Eagle Standing on Pine Tree,Eagle Standing on Pine Tree,Eagle Standing on Pine Tree,Eagle Standing on Pine Tree,Eagle Standing on Pine Tree,Eagle Standing on Pine Tree,Eagle Standing on Pine Tree,Eagle Standing on Pine Tree,Eagle Standing on Pine Tree,Eagle Standing on Pine Tree,Eagle Standing on Pine Tree,Eagle Standing on Pine Tree,The Scream,Diana and Actaeon,Portrait of a Halberdier,Acrobate et jeune arlequin,Police Gazette,Femme assise dans un jardin,Femme assise dans un jardin,Police Gazette,Portrait of a Halberdier,Portrait of a Halberdier,Police Gazette,Le Reve,Le Reve,Diana and Actaeon,Acrobate et jeune arlequin,Flag,Eagle Standing on Pine Tree,Eagle Standing on Pine Tree,Eagle Standing on Pine Tree,Eagle Standing on Pine Tree,Eagle Standing on Pine Tree,Eagle Standing on Pine Tree,Eagle Standing on Pine Tree,Eagle Standing on Pine Tree,Eagle Standing on Pine Tree,Eagle Standing on Pine Tree,Eagle Standing on Pine Tree,Eagle Standing on Pine Tree,Eagle Standing on Pine Tree,Eagle Standing on Pine Tree,Eagle Standing on Pine Tree,Eagle Standing on Pine Tree
Eagle Standing on Pine Tree,Eagle Standing on Pine Tree,Eagle Standing on Pine Tree,Eagle Standing on Pine Tree,Eagle Standing on Pine Tree,Eagle Standing on Pine Tree,Eagle Standing on Pine Tree,Eagle Standing on Pine Tree,Eagle Standing on Pine Tree,Eagle Standing on Pine Tree,Eagle Standing on Pine Tree,Eagle Standing on Pine Tree,Eagle Standing on Pine Tree,Eagle Standing on Pine Tree,Eagle Standing on Pine Tree,Eagle Standing on Pine Tree,Eagle Standing on Pine Tree,Eagle Standing on Pine Tree,Femme assise dans un jardin,Le Reve,Le Reve,Le Reve,Police Gazette,Le Reve,Le Reve,Femme assise dans un jardin,The Scream,Femme assise dans un jardin,Le Reve,Le Reve,Le Reve,Police Gazette,Le Reve,Le Reve,Eagle Standing on Pine Tree,Eagle Standing on Pine Tree,Eagle Standing on Pine Tree,Eagle Standing on Pine Tree,Eagle Standing on Pine Tree,Eagle Standing on Pine Tree,Eagle Standing on Pine Tree,Eagle Standing on Pine Tree,Eagle Standing on Pine Tree,Eagle Standing on Pine Tree,Eagle Standing on Pine Tree,Eagle Standing on Pine Tree,Eagle Standing on Pine Tree,Eagle Standing on Pine Tree,Eagle Standing on Pine Tree,Eagle Standing on Pine Tree
Eagle Standing on Pine Tree,Eagle Standing on Pine Tree,Eagle Standing on Pine Tree,Eagle Standing on Pine Tree,Eagle Standing on Pine Tree,Eagle Standing on Pine Tree,Eagle Standing on Pine Tree,Eagle Standing on Pine Tree,Eagle Standing on Pine Tree,Eagle Standing on Pine Tree,Eagle Standing on Pine Tree,Eagle Standing on Pine Tree,Eagle Standing on Pine Tree,Eagle Standing on Pine Tree,Eagle Standing on Pine Tree,Eagle Standing on Pine Tree,Eagle Standing on Pine Tree,Flag,Femme assise dans un jardin,Le Reve,Le Reve,Le Reve,The Scream,Le Reve,Le Reve,Le Reve,Flag,Flag,Flag,Le Reve,Le Reve,Police Gazette,Le Reve,Flag,Eagle Standing on Pine Tree,Eagle Standing on Pine Tree,Eagle Standing on Pine Tree,Eagle Standing on Pine Tree,Eagle Standing on Pine Tree,Eagle Standing on Pine Tree,Eagle Standing on Pine Tree,Eagle Standing on Pine Tree,Eagle Standing on Pine Tree,Eagle Standing on Pine Tree,Eagle Standing on Pine Tree,Eagle Standing on Pine Tree,Eagle Standing on Pine Tree,Eagle Standing on Pine Tree,Eagle Standing on Pine Tree,Eagle Standing on Pine Tree
Eagle Standing on Pine Tree,Eagle Standing on Pine Tree,Eagle Standing on Pine Tree,Eagle Standing on Pine Tree,Eagle Standing on Pine Tree,Eagle Standing on Pine Tree,Eagle Standing on Pine Tree,Eagle Standing on Pine Tree,Eagle Standing on Pine Tree,Eagle Standing on Pine Tree,Eagle Standing on Pine Tree,Eagle Standing on Pine Tree,Eagle Standing on Pine Tree,Eagle Standing on Pine Tree,Eagle Standing on Pine Tree,Eagle Standing on Pine Tree,Eagle Standing on Pine Tree,Flag,The Scream,Le Reve,Le Reve,Police Gazette,Untitled,Flag,Le Reve,Le Reve,Le Reve,Flag,Flag,Le Reve,Police Gazette,Police Gazette,Le Reve,Flag,Eagle Standing on Pine Tree,Eagle Standing on Pine Tree,Eagle Standing on Pine Tree,Eagle Standing on Pine Tree,Eagle Standing on Pine Tree,Eagle Standing on Pine Tree,Eagle Standing on Pine Tree,Eagle Standing on Pine Tree,Eagle Standing on Pine Tree,Eagle Standing on Pine Tree,Eagle Standing on Pine Tree,Eagle Standing on Pine Tree,Eagle Standing on Pine Tree,Eagle Standing on Pine Tree,Eagle Standing on Pine Tree,Eagle Standing on Pine Tree
Eagle Standing on Pine Tree,Eagle Standing on Pine Tree,Eagle Standing on Pine Tree,Eagle Standing on Pine Tree,Eagle Standing on Pine Tree,Eagle Standing on Pine Tree,Eagle Standing on Pine Tree,Eagle Standing on Pine Tree,Eagle Standing on Pine Tree,Eagle Standing on Pine Tree,Eagle Standing on Pine Tree,Eagle Standing on Pine Tree,Eagle Standing on Pine Tree,Eagle Standing on Pine Tree,Eagle Standing on Pine Tree,Eagle Standing on Pine Tree,Eagle Standing on Pine Tree,Eagle Standing on Pine Tree,Acrobate et jeune arlequin,Police Gazette,Police Gazette,Diana and Actaeon,Garcon a la pipe,Police Gazette,Acrobate et jeune arlequin,Untitled,Femme assise dans un jardin,Police Gazette,Police Gazette,The Scream,Police Gazette,Femme assise dans un jardin,Flag,Eagle Standing on Pine Tree,Eagle Standing on Pine Tree,Eagle Standing on Pine Tree,Eagle Standing on Pine Tree,Eagle Standing on Pine Tree,Eagle Standing on Pine Tree,Eagle Standing on Pine Tree,Eagle Standing on Pine Tree,Eagle Standing on Pine Tree,Eagle Standing on Pine Tree,Eagle Standing on Pine Tree,Eagle Standing on Pine Tree,Eagle Standing on Pine Tree,Eagle Standing on Pine Tree,Eagle Standing on Pine Tree,Eagle Standing on Pine Tree,Eagle Standing on Pine Tree
Eagle Standing on Pine Tree,Eagle Standing on Pine Tree,Eagle Standing on Pine Tree,Eagle Standing on Pine Tree,Eagle Standing on Pine Tree,Eagle Standing on Pine Tree,Eagle Standing on Pine Tree,Eagle Standing on Pine Tree,Eagle Standing on Pine Tree,Eagle Standing on Pine Tree,Eagle Standing on Pine Tree,Eagle Standing on Pine Tree,Eagle Standing on Pine Tree,Eagle Standing on Pine Tree,Eagle Standing on Pine Tree,Eagle Standing on Pine Tree,Eagle Standing on Pine Tree,Eagle Standing on Pine Tree,The Scream,Police Gazette,Acrobate et jeune arlequin,Acrobate et jeune arlequin,Police Gazette,Untitled,Untitled,Untitled,The Scream,The Scream,Le Reve,Police Gazette,The Scream,Eagle Standing on Pine Tree,Eagle Standing on Pine Tree,Eagle Standing on Pine Tree,Eagle Standing on Pine Tree,Eagle Standing on Pine Tree,Eagle Standing on Pine Tree,Eagle Standing on Pine Tree,Eagle Standing on Pine Tree,Eagle Standing on Pine Tree,Eagle Standing on Pine Tree,Eagle Standing on Pine Tree,Eagle Standing on Pine Tree,Eagle Standing on Pine Tree,Eagle Standing on Pine Tree,Eagle Standing on Pine Tree,Eagle Standing on Pine Tree,Eagle Standing on Pine Tree,Eagle Standing on Pine Tree,Eagle Standing on Pine Tree
Eagle Standing on Pine Tree,Eagle Standing on Pine Tree,Eagle Standing on Pine Tree,Eagle Standing on Pine Tree,Eagle Standing on Pine Tree,Eagle Standing on Pine Tree,Eagle Standing on Pine Tree,Eagle Standing on Pine Tree,Eagle Standing on Pine Tree,Eagle Standing on Pine Tree,Eagle Standing on Pine Tree,Eagle Standing on Pine Tree,Eagle Standing on Pine Tree,Eagle Standing on Pine Tree,Eagle Standing on Pine Tree,Eagle Standing on Pine Tree,Eagle Standing on Pine Tree,Eagle Standing on Pine Tree,Flag,Acrobate et jeune arlequin,The Scream,Garcon a la pipe,Acrobate et jeune arlequin,Acrobate et jeune arlequin,Femme assise dans un jardin,The Scream,Acrobate et jeune arlequin,Le Reve,Le Reve,Police Gazette,The Scream,Eagle Standing on Pine Tree,Eagle Standing on Pine Tree,Eagle Standing on Pine Tree,Eagle Standing on Pine Tree,Eagle Standing on Pine Tree,Eagle Standing on Pine Tree,Eagle Standing on Pine Tree,Eagle Standing on Pine Tree,Eagle Standing on Pine Tree,Eagle Standing on Pine Tree,Eagle Standing on Pine Tree,Eagle Standing on Pine Tree,Eagle Standing on Pine Tree,Eagle Standing on Pine Tree,Eagle Standing on Pine Tree,Eagle Standing on Pine Tree,Eagle Standing on Pine Tree,Eagle Standing on Pine Tree,Eagle Standing on Pine Tree
Eagle Standing on Pine Tree,Eagle Standing on Pine Tree,Eagle Standing on Pine Tree,Eagle Standing on Pine Tree,Eagle Standing on Pine Tree,Eagle Standing on Pine Tree,Eagle Standing on Pine Tree,Eagle Standing on Pine Tree,Eagle Standing on Pine Tree,Eagle Standing on Pine Tree,Eagle Standing on Pine Tree,Eagle Standing on Pine Tree,Eagle Standing on Pine Tree,Eagle Standing on Pine Tree,Eagle Standing on Pine Tree,Eagle Standing on Pine Tree,Eagle Standing on Pine Tree,Eagle Standing on Pine Tree,Eagle Standing on Pine Tree,Acrobate et jeune arlequin,The Scream,The Scream,Untitled,No 1 (Royal Red and Blue),Le Reve,Le Reve,Le Reve,Le Reve,Police Gazette,Police Gazette,Femme assise dans un jardin,Eagle Standing on Pine Tree,Eagle Standing on Pine Tree,Eagle Standing on Pine Tree,Eagle Standing on Pine Tree,Eagle Standing on Pine Tree,Eagle Standing on Pine Tree,Eagle Standing on Pine Tree,Eagle Standing on Pine Tree,Eagle Standing on Pine Tree,Eagle Standing on Pine Tree,Eagle Standing on Pine Tree,Eagle Standing on Pine Tree,Eagle Standing on Pine Tree,Eagle Standing on Pine Tree,Eagle Standing on Pine Tree,Eagle Standing on Pine Tree,Eagle Standing on Pine Tree,Eagle Standing on Pine Tree,Eagle Standing on Pine Tree
Eagle Standing on Pine Tree,Eagle Standing on Pine Tree,Eagle Standing on Pine Tree,Eagle Standing on Pine Tree,Eagle Standing on Pine Tree,Eagle Standing on Pine Tree,Eagle Standing on Pine Tree,Eagle Standing on Pine Tree,Eagle Standing on Pine Tree,Eagle Standing on Pine Tree,Eagle Standing on Pine Tree,Eagle Standing on Pine Tree,Eagle Standing on Pine Tree,Eagle Standing on Pine Tree,Eagle Standing on Pine Tree,Eagle Standing on Pine Tree,Eagle Standing on Pine Tree,Eagle Standing on Pine Tree,Eagle Standing on Pine Tree,Eagle Standing on Pine Tree,The Scream,Police Gazette,Le Reve,Police Gazette,Untitled,Le Reve,Le Reve,Police Gazette,Police Gazette,Police Gazette,Femme assise dans un jardin,Eagle Standing on Pine Tree,Eagle Standing on Pine Tree,Eagle Standing on Pine Tree,Eagle Standing on Pine Tree,Eagle Standing on Pine Tree,Eagle Standing on Pine Tree,Eagle Standing on Pine Tree,Eagle Standing on Pine Tree,Eagle Standing on Pine Tree,Eagle Standing on Pine Tree,Eagle Standing on Pine Tree,Eagle Standing on Pine Tree,Eagle Standing on Pine Tree,Eagle Standing on Pine Tree,Eagle Standing on Pine Tree,Eagle Standing on Pine Tree,Eagle Standing on Pine Tree,Eagle Standing on Pine Tree,Eagle Standing on Pine Tree
Eagle Standing on Pine Tree,Eagle Standing on Pine Tree,Eagle Standing on Pine Tree,Eagle Standing on Pine Tree,Eagle Standing on Pine Tree,Eagle Standing on Pine Tree,Eagle Standing on Pine Tree,Eagle Standing on Pine Tree,Eagle Standing on Pine Tree,Eagle Standing on Pine Tree,Eagle Standing on Pine Tree,Eagle Standing on Pine Tree,Eagle Standing on Pine Tree,Eagle Standing on Pine Tree,Eagle Standing on Pine Tree,Eagle Standing on Pine Tree,Eagle Standing on Pine Tree,Eagle Standing on Pine Tree,Eagle Standing on Pine Tree,Eagle Standing on Pine Tree,Eagle Standing on Pine Tree,The Scream,The Scream,The Scream,Femme assise dans un jardin,Femme assise dans un jardin,Femme assise dans un jardin,Police Gazette,Police Gazette,Le Reve,Eagle Standing on Pine Tree,Suprematist Composition,Silver Car Crash (Double Disaster),Eagle Standing on Pine Tree,Eagle Standing on Pine Tree,Eagle Standing on Pine Tree,Eagle Standing on Pine Tree,Eagle Standing on Pine Tree,Eagle Standing on Pine Tree,Eagle Standing on Pine Tree,Eagle Standing on Pine Tree,Eagle Standing on Pine Tree,Eagle Standing on Pine Tree,Eagle Standing on Pine Tree,Eagle Standing on Pine Tree,Eagle Standing on Pine Tree,Eagle Standing on Pine Tree,Eagle Standing on Pine Tree,Eagle Standing on Pine Tree,Eagle Standing on Pine Tree
Eagle Standing on Pine Tree,Eagle Standing on Pine Tree,Eagle Standing on Pine Tree,Eagle Standing on Pine Tree,Eagle Standing on Pine Tree,Eagle Standing on Pine Tree,Eagle Standing on Pine Tree,Eagle Standing on Pine Tree,Eagle Standing on Pine Tree,Eagle Standing on Pine Tree,Eagle Standing on Pine Tree,Eagle Standing on Pine Tree,Eagle Standing on Pine Tree,Eagle Standing on Pine Tree,Eagle Standing on Pine Tree,Eagle Standing on Pine Tree,Eagle Standing on Pine Tree,Eagle Standing on Pine Tree,Eagle Standing on Pine Tree,Eagle Standing on Pine Tree,Eagle Standing on Pine Tree,The Scream,Acrobate et jeune arlequin,Diana and Actaeon,No. 5 1948,No. 5 1948,Diana and Actaeon,Police Gazette,Femme assise dans un jardin,Eagle Standing on Pine Tree,Suprematist Composition,Suprematist Composition,Les Noces de Pierrette,Les Noces de Pierrette,Eagle Standing on Pine Tree,Eagle Standing on Pine Tree,Eagle Standing on Pine Tree,Eagle Standing on Pine Tree,Eagle Standing on Pine Tree,Eagle Standing on Pine Tree,Eagle Standing on Pine Tree,Eagle Standing on Pine Tree,Eagle Standing on Pine Tree,Eagle Standing on Pine Tree,Eagle Standing on Pine Tree,Eagle Standing on Pine Tree,Eagle Standing on Pine Tree,Eagle Standing on Pine Tree,Eagle Standing on Pine Tree,Eagle Standing on Pine Tree
Eagle Standing on Pine Tree,Eagle Standing on Pine Tree,Eagle Standing on Pine Tree,Eagle Standing on Pine Tree,Eagle Standing on Pine Tree,Eagle Standing on Pine Tree,Eagle Standing on Pine Tree,Eagle Standing on Pine Tree,Eagle Standing on Pine Tree,Eagle Standing on Pine Tree,Eagle Standing on Pine Tree,Eagle Standing on Pine Tree,Eagle Standing on Pine Tree,Eagle Standing on Pine Tree,Eagle Standing on Pine Tree,Eagle Standing on Pine Tree,Eagle Standing on Pine Tree,Eagle Standing on Pine Tree,Eagle Standing on Pine Tree,Suprematist Composition,Les Noces de Pierrette,Acrobate et jeune arlequin,The Scream,Garcon a la pipe,Garcon a la pipe,Diana and Actaeon,The Scream,Flag,Suprematist Composition,Suprematist Composition,Suprematist Composition,Silver Car Crash (Double Disaster),The Gross Clinic,The Gross Clinic,Les Noces de Pierrette,Suprematist Composition,Eagle Standing on Pine Tree,Eagle Standing on Pine Tree,Eagle Standing on Pine Tree,Eagle Standing on Pine Tree,Eagle Standing on Pine Tree,Eagle Standing on Pine Tree,Eagle Standing on Pine Tree,Eagle Standing on Pine Tree,Eagle Standing on Pine Tree,Eagle Standing on Pine Tree,Eagle Standing on Pine Tree,Eagle Standing on Pine Tree,Eagle Standing on Pine Tree,Eagle Standing on Pine Tree
Eagle Standing on Pine Tree,Eagle Standing on Pine Tree,Eagle Standing on Pine Tree,Eagle Standing on Pine Tree,Eagle Standing on Pine Tree,Eagle Standing on Pine Tree,Eagle Standing on Pine Tree,Eagle Standing on Pine Tree,Eagle Standing on Pine Tree,Eagle Standing on Pine Tree,Eagle Standing on Pine Tree,Eagle Standing on Pine Tree,Eagle Standing on Pine Tree,Eagle Standing on Pine Tree,Eagle Standing on Pine Tree,Eagle Standing on Pine Tree,Eagle Standing on Pine Tree,Suprematist Composition,Suprematist Composition,Les Noces de Pierrette,Nude Green Leaves and Bust,Suprematist Composition,Acrobate et jeune arlequin,Diana and Actaeon,Acrobate et jeune arlequin,Flag,Suprematist Composition,Suprematist Composition,Suprematist Composition,Suprematist Composition,Suprematist Composition,Les Noces de Pierrette,The Gross Clinic,The Gross Clinic,The Gross Clinic,The Gross Clinic,Les Noces de Pierrette,Les Noces de Pierrette,Suprematist Composition,Suprematist Composition,Eagle Standing on Pine Tree,Eagle Standing on Pine Tree,Eagle Standing on Pine Tree,Eagle Standing on Pine Tree,Eagle Standing on Pine Tree,Eagle Standing on Pine Tree,Eagle Standing on Pine Tree,Eagle Standing on Pine Tree,Eagle Standing on Pine Tree,Eagle Standing on Pine Tree
Eagle Standing on Pine Tree,Eagle Standing on Pine Tree,Eagle Standing on Pine Tree,Eagle Standing on Pine Tree,Eagle Standing on Pine Tree,Eagle Standing on Pine Tree,Eagle Standing on Pine Tree,Eagle Standing on Pine Tree,Eagle Standing on Pine Tree,Eagle Standing on Pine Tree,Eagle Standing on Pine Tree,Eagle Standing on Pine Tree,Eagle Standing on Pine Tree,Eagle Standing on Pine Tree,Eagle Standing on Pine Tree,Suprematist Composition,Silver Car Crash (Double Disaster),Silver Car Crash (Double Disaster),Les Noces de Pierrette,The Gross Clinic,Silver Car Crash (Double Disaster),Suprematist Composition,Suprematist Composition,Suprematist Composition,Adele Bloch-Bauer II,Suprematist Composition,Suprematist Composition,Suprematist Composition,Suprematist Composition,Suprematist Composition,Les Noces de Pierrette,The Gross Clinic,The Gross Clinic,The Gross Clinic,The Gross Clinic,The Gross Clinic,The Gross Clinic,The Gross Clinic,The Gross Clinic,The Gross Clinic,Les Noces de Pierrette,Silver Car Crash (Double Disaster),Suprematist Composition,Eagle Standing on Pine Tree,Eagle Standing on Pine Tree,Eagle Standing on Pine Tree,Eagle Standing on Pine Tree,Eagle Standing on Pine Tree,Eagle Standing on Pine Tree,Eagle Standing on Pine Tree
Eagle Standing on Pine Tree,Eagle Standing on Pine Tree,Eagle Standing on Pine Tree,Eagle Standing on Pine Tree,Eagle Standing on Pine Tree,Eagle Standing on Pine Tree,Eagle Standing on Pine Tree,Eagle Standing on Pine Tree,Eagle Standing on Pine Tree,Eagle Standing on Pine Tree,Eagle Standing on Pine Tree,Eagle Standing on Pine Tree,Suprematist Composition,Suprematist Composition,Nude Green Leaves and Bust,Les Noces de Pierrette,Les Noces de Pierrette,Les Noces de Pierrette,Les Noces de Pierrette,Silver Car Crash (Double Disaster),Suprematist Composition,Suprematist Composition,Les Noces de Pierrette,Les Noces de Pierrette,Les Noces de Pierrette,Suprematist Composition,Suprematist Composition,Suprematist Composition,Suprematist Composition,Les Noces de Pierrette,The Gross Clinic,The Gross Clinic,The Gross Clinic,The Gross Clinic,The Gross Clinic,The Gross Clinic,The Gross Clinic,The Gross Clinic,The Gross Clinic,The Gross Clinic,The Gross Clinic,The Gross Clinic,Les Noces de Pierrette,Les Noces de Pierrette,Silver Car Crash (Double Disaster),Suprematist Composition,Eagle Standing on Pine Tree,Eagle Standing on Pine Tree,Eagle Standing on Pine Tree,Eagle Standing on Pine Tree
Eagle Standing on Pine Tree,Eagle Standing on Pine Tree,Eagle Standing on Pine Tree,Eagle Standing on Pine Tree,Eagle Standing on Pine Tree,Eagle Standing on Pine Tree,Eagle Standing on Pine Tree,Eagle Standing on Pine Tree,Eagle Standing on Pine Tree,Eagle Standing on Pine Tree,Suprematist Composition,Silver Car Crash (Double Disaster),Les Noces de Pierrette,Les Noces de Pierrette,Les Noces de Pierrette,The Gross Clinic,Les Noces de Pierrette,Les Noces de Pierrette,Les Noces de Pierrette,Suprematist Composition,Suprematist Composition,Silver Car Crash (Double Disaster),Femme aux Bras Croises,Femme aux Bras Croises,Femme aux Bras Croises,Les Noces de Pierrette,Suprematist Composition,Suprematist Composition,Suprematist Composition,The Gross Clinic,The Gross Clinic,The Gross Clinic,The Gross Clinic,The Gross Clinic,The Gross Clinic,The Gross Clinic,The Gross Clinic,The Gross Clinic,The Gross Clinic,The Gross Clinic,The Gross Clinic,The Gross Clinic,The Gross Clinic,The Gross Clinic,The Gross Clinic,The Gross Clinic,Suprematist Composition,Eagle Standing on Pine Tree,Eagle Standing on Pine Tree,Eagle Standing on Pine Tree
Eagle Standing on Pine Tree,Eagle Standing on Pine Tree,Eagle Standing on Pine Tree,Eagle Standing on Pine Tree,Eagle Standing on Pine Tree,Eagle Standing on Pine Tree,Eagle Standing on Pine Tree,Eagle Standing on Pine Tree,Eagle Standing on Pine Tree,Eagle Standing on Pine Tree,Les Noces de Pierrette,Les Noces de Pierrette,Les Noces de Pierrette,Les Noces de Pierrette,Les Noces de Pierrette,Les Noces de Pierrette,Les Noces de Pierrette,Les Noces de Pierrette,Les Noces de Pierrette,Suprematist Composition,Suprematist Composition,Les Noces de Pierrette,Femme aux Bras Croises,Femme aux Bras Croises,Les Noces de Pierrette,Silver Car Crash (Double Disaster),Suprematist Composition,Suprematist Composition,Les Noces de Pierrette,The Gross Clinic,The Gross Clinic,The Gross Clinic,The Gross Clinic,The Gross Clinic,The Gross Clinic,The Gross Clinic,The Gross Clinic,The Gross Clinic,The Gross Clinic,The Gross Clinic,The Gross Clinic,The Gross Clinic,The Gross Clinic,The Gross Clinic,The Gross Clinic,The Gross Clinic,The Gross Clinic,Eagle Standing on Pine Tree,Eagle Standing on Pine Tree,Eagle Standing on Pine Tree
Eagle Standing on Pine Tree,Eagle Standing on Pine Tree,Eagle Standing on Pine Tree,Eagle Standing on Pine Tree,Eagle Standing on Pine Tree,Eagle Standing on Pine Tree,Eagle Standing on Pine Tree,Eagle Standing on Pine Tree,Eagle Standing on Pine Tree,Eagle Standing on Pine Tree,The Gross Clinic,Les Noces de Pierrette,Les Noces de Pierrette,Les Noces de Pierrette,Les Noces de Pierrette,Les Noces de Pierrette,Les Noces de Pierrette,Les Noces de Pierrette,Silver Car Crash (Double Disaster),Suprematist Composition,Suprematist Composition,Les Noces de Pierrette,Les Noces de Pierrette,Les Noces de Pierrette,Suprematist Composition,Suprematist Composition,Suprematist Composition,Silver Car Crash (Double Disaster),The Gross Clinic,The Gross Clinic,The Gross Clinic,The Gross Clinic,The Gross Clinic,The Gross Clinic,The Gross Clinic,The Gross Clinic,The Gross Clinic,The Gross Clinic,The Gross Clinic,The Gross Clinic,The Gross Clinic,The Gross Clinic,The Gross Clinic,The Gross Clinic,The Gross Clinic,The Gross Clinic,The Gross Clinic,Suprematist Composition,Eagle Standing on Pine Tree,Eagle Standing on Pine Tree
Eagle Standing on Pine Tree,Eagle Standing on Pine Tree,Eagle Standing on Pine Tree,Eagle Standing on Pine Tree,Eagle Standing on Pine Tree,Eagle Standing on Pine Tree,Eagle Standing on Pine Tree,Eagle Standing on Pine Tree,Eagle Standing on Pine Tree,Suprematist Composition,The Gross Clinic,Les Noces de Pierrette,Les Noces de Pierrette,Les Noces de Pierrette,Les Noces de Pierrette,Les Noces de Pierrette,Les Noces de Pierrette,Les Noces de Pierrette,Suprematist Composition,Suprematist Composition,Silver Car Crash (Double Disaster),Les Noces de Pierrette,Femme aux Bras Croises,Les Noces de Pierrette,Silver Car Crash (Double Disaster),Suprematist Composition,Suprematist Composition,The Gross Clinic,The Gross Clinic,The Gross Clinic,The Gross Clinic,The Gross Clinic,The Gross Clinic,The Gross Clinic,The Gross Clinic,The Gross Clinic,The Gross Clinic,The Gross Clinic,The Gross Clinic,The Gross Clinic,The Gross Clinic,The Gross Clinic,The Gross Clinic,The Gross Clinic,The Gross Clinic,The Gross Clinic,The Gross Clinic,Nude Green Leaves and Bust,Eagle Standing on Pine Tree,Eagle Standing on Pine Tree
Eagle Standing on Pine Tree,Eagle Standing on Pine Tree,Eagle Standing on Pine Tree,Eagle Standing on Pine Tree,Eagle Standing on Pine Tree,Eagle Standing on Pine Tree,Eagle Standing on Pine Tree,Eagle Standing on Pine Tree,Eagle Standing on Pine Tree,Silver Car Crash (Double Disaster),The Gross Clinic,Les Noces de Pierrette,Les Noces de Pierrette,Les Noces de Pierrette,Les Noces de Pierrette,Les Noces de Pierrette,Les Noces de Pierrette,Les Noces de Pierrette,Suprematist Composition,Suprematist Composition,Les Noces de Pierrette,Femme aux Bras Croises,Les Noces de Pierrette,Femme aux Bras Croises,Silver Car Crash (Double Disaster),Suprematist Composition,Nude Green Leaves and Bust,The Gross Clinic,The Gross Clinic,The Gross Clinic,The Gross Clinic,The Gross Clinic,The Gross Clinic,The Gross Clinic,The Gross Clinic,The Gross Clinic,The Gross Clinic,The Gross Clinic,The Gross Clinic,The Gross Clinic,The Gross Clinic,The Gross Clinic,The Gross Clinic,The Gross Clinic,The Gross Clinic,The Gross Clinic,The Gross Clinic,Les Noces de Pierrette,Eagle Standing on Pine Tree,Eagle Standing on Pine Tree
Eagle Standing on Pine Tree,Eagle Standing on Pine Tree,Eagle Standing on Pine Tree,Eagle Standing on Pine Tree,Eagle Standing on Pine Tree,Eagle Standing on Pine Tree,Eagle Standing on Pine Tree,Eagle Standing on Pine Tree,Eagle Standing on Pine Tree,Nude Green Leaves and Bust,The Gross Clinic,Les Noces de Pierrette,Les Noces de Pierrette,Les Noces de Pierrette,Les Noces de Pierrette,Les Noces de Pierrette,Les Noces de Pierrette,Les Noces de Pierrette,Suprematist Composition,Suprematist Composition,Les Noces de Pierrette,Femme aux Bras Croises,Femme aux Bras Croises,Femme aux Bras Croises,Les Noces de Pierrette,Suprematist Composition,The Gross Clinic,The Gross Clinic,The Gross Clinic,The Gross Clinic,The Gross Clinic,The Gross Clinic,The Gross Clinic,The Gross Clinic,The Gross Clinic,The Gross Clinic,The Gross Clinic,The Gross Clinic,The Gross Clinic,The Gross Clinic,The Gross Clinic,The Gross Clinic,The Gross Clinic,The Gross Clinic,The Gross Clinic,The Gross Clinic,The Gross Clinic,The Gross Clinic,Eagle Standing on Pine Tree,Eagle Standing on Pine Tree
Eagle Standing on Pine Tree,Eagle Standing on Pine Tree,Eagle Standing on Pine Tree,Eagle Standing on Pine Tree,Eagle Standing on Pine Tree,Eagle Standing on Pine Tree,Eagle Standing on Pine Tree,Eagle Standing on Pine Tree,Eagle Standing on Pine Tree,Les Noces de Pierrette,The Gross Clinic,Les Noces de Pierrette,Les Noces de Pierrette,Les Noces de Pierrette,The Gross Clinic,The Gross Clinic,The Gross Clinic,Les Noces de Pierrette,Suprematist Composition,Silver Car Crash (Double Disaster),Les Noces de Pierrette,Femme aux Bras Croises,Femme aux Bras Croises,Femme aux Bras Croises,Les Noces de Pierrette,Les Noces de Pierrette,The Gross Clinic,The Gross Clinic,The Gross Clinic,The Gross Clinic,The Gross Clinic,The Gross Clinic,The Gross Clinic,The Gross Clinic,The Gross Clinic,The Gross Clinic,The Gross Clinic,The Gross Clinic,The Gross Clinic,The Gross Clinic,The Gross Clinic,The Gross Clinic,The Gross Clinic,The Gross Clinic,The Gross Clinic,The Gross Clinic,The Gross Clinic,The Gross Clinic,Eagle Standing on Pine Tree,Eagle Standing on Pine Tree
Eagle Standing on Pine Tree,Eagle Standing on Pine Tree,Eagle Standing on Pine Tree,Eagle Standing on Pine Tree,Eagle Standing on Pine Tree,Eagle Standing on Pine Tree,Eagle Standing on Pine Tree,Eagle Standing on Pine Tree,Eagle Standing on Pine Tree,The Gross Clinic,The Gross Clinic,The Gross Clinic,Les Noces de Pierrette,The Gross Clinic,The Gross Clinic,The Gross Clinic,The Gross Clinic,The Gross Clinic,Suprematist Composition,Les Noces de Pierrette,Les Noces de Pierrette,Femme aux Bras Croises,Femme aux Bras Croises,Femme aux Bras Croises,Les Noces de Pierrette,The Gross Clinic,The Gross Clinic,The Gross Clinic,The Gross Clinic,The Gross Clinic,The Gross Clinic,The Gross Clinic,The Gross Clinic,The Gross Clinic,The Gross Clinic,The Gross Clinic,The Gross Clinic,The Gross Clinic,The Gross Clinic,The Gross Clinic,The Gross Clinic,The Gross Clinic,The Gross Clinic,The Gross Clinic,The Gross Clinic,The Gross Clinic,The Gross Clinic,The Gross Clinic,Suprematist Composition,Eagle Standing on Pine Tree
Eagle Standing on Pine Tree,Eagle Standing on Pine Tree,Eagle Standing on Pine Tree,Eagle Standing on Pine Tree,Eagle Standing on Pine Tree,Eagle Standing on Pine Tree,Eagle Standing on Pine Tree,Eagle Standing on Pine Tree,Eagle Standing on Pine Tree,The Gross Clinic,The Gross Clinic,The Gross Clinic,Les Noces de Pierrette,The Gross Clinic,The Gross Clinic,The Gross Clinic,The Gross Clinic,The Gross Clinic,Silver Car Crash (Double Disaster),Les Noces de Pierrette,Les Noces de Pierrette,Femme aux Bras Croises,Femme aux Bras Croises,Femme aux Bras Croises,Les Noces de Pierrette,The Gross Clinic,The Gross Clinic,The Gross Clinic,The Gross Clinic,The Gross Clinic,The Gross Clinic,The Gross Clinic,The Gross Clinic,The Gross Clinic,The Gross Clinic,The Gross Clinic,The Gross Clinic,The Gross Clinic,The Gross Clinic,The Gross Clinic,The Gross Clinic,The Gross Clinic,The Gross Clinic,The Gross Clinic,The Gross Clinic,The Gross Clinic,The Gross Clinic,The Gross Clinic,Men in Her Life,Eagle Standing on Pine Tree
Eagle Standing on Pine Tree,Eagle Standing on Pine Tree,Eagle Standing on Pine Tree,Eagle Standing on Pine Tree,Eagle Standing on Pine Tree,Eagle Standing on Pine Tree,Eagle Standing on Pine Tree,Eagle Standing on Pine Tree,Nude Green Leaves and Bust,The Gross Clinic,The Gross Clinic,The Gross Clinic,Les Noces de Pierrette,The Gross Clinic,The Gross Clinic,The Gross Clinic,The Gross Clinic,The Gross Clinic,Les Noces de Pierrette,The Gross Clinic,Les Noces de Pierrette,Femme aux Bras Croises,Femme aux Bras Croises,Femme aux Bras Croises,The Gross Clinic,The Gross Clinic,The Gross Clinic,The Gross Clinic,The Gross Clinic,The Gross Clinic,The Gross Clinic,The Gross Clinic,The Gross Clinic,The Gross Clinic,The Gross Clinic,The Gross Clinic,The Gross Clinic,The Gross Clinic,The Gross Clinic,The Gross Clinic,The Gross Clinic,The Gross Clinic,The Gross Clinic,The Gross Clinic,The Gross Clinic,The Gross Clinic,The Gross Clinic,The Gross Clinic,Suprematist Composition,Eagle Standing on Pine Tree
Eagle Standing on Pine Tree,Eagle Standing on Pine Tree,Eagle Standing on Pine Tree,Eagle Standing on Pine Tree,Eagle Standing on Pine Tree,Eagle Standing on Pine Tree,Eagle Standing on Pine Tree,Eagle Standing on Pine Tree,Bal du moulin de la Galette,The Gross Clinic,The Gross Clinic,The Gross Clinic,Les Noces de Pierrette,The Gross Clinic,The Gross Clinic,The Gross Clinic,The Gross Clinic,The Gross Clinic,The Gross Clinic,The Gross Clinic,Les Noces de Pierrette,Femme aux Bras Croises,Femme aux Bras Croises,Les Noces de Pierrette,The Gross Clinic,The Gross Clinic,The Gross Clinic,The Gross Clinic,The Gross Clinic,The Gross Clinic,The Gross Clinic,The Gross Clinic,The Gross Clinic,The Gross Clinic,The Gross Clinic,The Gross Clinic,The Gross Clinic,The Gross Clinic,The Gross Clinic,The Gross Clinic,The Gross Clinic,The Gross Clinic,The Gross Clinic,The Gross Clinic,The Gross Clinic,The Gross Clinic,The Gross Clinic,The Gross Clinic,Eagle Standing on Pine Tree,Eagle Standing on Pine Tree
Eagle Standing on Pine Tree,Eagle Standing on Pine Tree,Eagle Standing on Pine Tree,Eagle Standing on Pine Tree,Eagle Standing on Pine Tree,Eagle Standing on Pine Tree,Eagle Standing on Pine Tree,Eagle Standing on Pine Tree,Men in Her Life,Les Noces de Pierrette,The Gross Clinic,The Gross Clinic,Les Noces de Pierrette,The Gross Clinic,The Gross Clinic,The Gross Clinic,The Gross Clinic,The Gross Clinic,The Gross Clinic,The Gross Clinic,Les Noces de Pierrette,Les Noces de Pierrette,Femme aux Bras Croises,The Gross Clinic,The Gross Clinic,The Gross Clinic,The Gross Clinic,The Gross Clinic,The Gross Clinic,The Gross Clinic,The Gross Clinic,The Gross Clinic,The Gross Clinic,The Gross Clinic,The Gross Clinic,The Gross Clinic,The Gross Clinic,The Gross Clinic,The Gross Clinic,The Gross Clinic,The Gross Clinic,The Gross Clinic,The Gross Clinic,The Gross Clinic,The Gross Clinic,The Gross Clinic,The Gross Clinic,The Gross Clinic,Eagle Standing on Pine Tree,Eagle Standing on Pine Tree
Eagle Standing on Pine Tree,Eagle Standing on Pine Tree,Eagle Standing on Pine Tree,Eagle Standing on Pine Tree,Eagle Standing on Pine Tree,Eagle Standing on Pine Tree,Eagle Standing on Pine Tree,Eagle Standing on Pine Tree,Les Noces de Pierrette,The Gross Clinic,The Gross Clinic,The Gross Clinic,Les Noces de Pierrette,The Gross Clinic,The Gross Clinic,The Gross Clinic,The Gross Clinic,The Gross Clinic,The Gross Clinic,The Gross Clinic,Les Noces de Pierrette,Les Noces de Pierrette,Les Noces de Pierrette,The Gross Clinic,The Gross Clinic,The Gross Clinic,The Gross Clinic,The Gross Clinic,The Gross Clinic,The Gross Clinic,The Gross Clinic,The Gross Clinic,The Gross Clinic,The Gross Clinic,The Gross Clinic,The Gross Clinic,The Gross Clinic,The Gross Clinic,The Gross Clinic,The Gross Clinic,The Gross Clinic,The Gross Clinic,The Gross Clinic,The Gross Clinic,The Gross Clinic,The Gross Clinic,The Gross Clinic,The Gross Clinic,Eagle Standing on Pine Tree,Eagle Standing on Pine Tree
Zhichuan Resettlemen,Eagle Standing on Pine Tree,Eagle Standing on Pine Tree,Eagle Standing on Pine Tree,Eagle Standing on Pine Tree,Eagle Standing on Pine Tree,Eagle Standing on Pine Tree,Eagle Standing on Pine Tree,The Gross Clinic,The Gross Clinic,The Gross Clinic,The Gross Clinic,The Gross Clinic,The Gross Clinic,The Gross Clinic,The Gross Clinic,The Gross Clinic,The Gross Clinic,The Gross Clinic,The Gross Clinic,Les Noces de Pierrette,Les Noces de Pierrette,The Gross Clinic,The Gross Clinic,The Gross Clinic,The Gross Clinic,The Gross Clinic,The Gross Clinic,The Gross Clinic,The Gross Clinic,The Gross Clinic,The Gross Clinic,The Gross Clinic,The Gross Clinic,The Gross Clinic,The Gross Clinic,The Gross Clinic,The Gross Clinic,The Gross Clinic,The Gross Clinic,The Gross Clinic,The Gross Clinic,The Gross Clinic,The Gross Clinic,The Gross Clinic,The Gross Clinic,The Gross Clinic,The Gross Clinic,Eagle Standing on Pine Tree,Eagle Standing on Pine Tree
Zhichuan Resettlemen,Zhichuan Resettlemen,Eagle Standing on Pine Tree,Eagle Standing on Pine Tree,Eagle Standing on Pine Tree,Eagle Standing on Pine Tree,Eagle Standing on Pine Tree,Eagle Standing on Pine Tree,The Gross Clinic,The Gross Clinic,The Gross Clinic,The Gross Clinic,The Gross Clinic,The Gross Clinic,The Gross Clinic,The Gross Clinic,The Gross Clinic,The Gross Clinic,The Gross Clinic,The Gross Clinic,The Gross Clinic,Les Noces de Pierrette,The Gross Clinic,The Gross Clinic,The Gross Clinic,The Gross Clinic,The Gross Clinic,The Gross Clinic,The Gross Clinic,The Gross Clinic,The Gross Clinic,The Gross Clinic,The Gross Clinic,The Gross Clinic,The Gross Clinic,The Gross Clinic,The Gross Clinic,The Gross Clinic,The Gross Clinic,The Gross Clinic,The Gross Clinic,The Gross Clinic,The Gross Clinic,The Gross Clinic,The Gross Clinic,The Gross Clinic,The Gross Clinic,The Gross Clinic,Eagle Standing on Pine Tree,Eagle Standing on Pine Tree
Zhichuan Resettlemen,Zhichuan Resettlemen,Zhichuan Resettlemen,Eagle Standing on Pine Tree,Eagle Standing on Pine Tree,Eagle Standing on Pine Tree,Eagle Standing on Pine Tree,Eagle Standing on Pine Tree,The Gross Clinic,The Gross Clinic,The Gross Clinic,The Gross Clinic,The Gross Clinic,The Gross Clinic,The Gross Clinic,The Gross Clinic,The Gross Clinic,The Gross Clinic,The Gross Clinic,The Gross Clinic,The Gross Clinic,The Gross Clinic,The Gross Clinic,The Gross Clinic,The Gross Clinic,The Gross Clinic,The Gross Clinic,The Gross Clinic,The Gross Clinic,The Gross Clinic,The Gross Clinic,The Gross Clinic,The Gross Clinic,The Gross Clinic,The Gross Clinic,The Gross Clinic,The Gross Clinic,The Gross Clinic,The Gross Clinic,The Gross Clinic,The Gross Clinic,The Gross Clinic,The Gross Clinic,The Gross Clinic,The Gross Clinic,The Gross Clinic,The Gross Clinic,The Gross Clinic,Eagle Standing on Pine Tree,Eagle Standing on Pine Tree
Zhichuan Resettlemen,Zhichuan Resettlemen,Zhichuan Resettlemen,Eagle Standing on Pine Tree,Eagle Standing on Pine Tree,Eagle Standing on Pine Tree,Eagle Standing on Pine Tree,Nude Green Leaves and Bust,The Gross Clinic,The Gross Clinic,The Gross Clinic,The Gross Clinic,The Gross Clinic,The Gross Clinic,The Gross Clinic,The Gross Clinic,The Gross Clinic,The Gross Clinic,The Gross Clinic,The Gross Clinic,The Gross Clinic,The Gross Clinic,The Gross Clinic,The Gross Clinic,The Gross Clinic,The Gross Clinic,The Gross Clinic,The Gross Clinic,The Gross Clinic,The Gross Clinic,The Gross Clinic,The Gross Clinic,The Gross Clinic,The Gross Clinic,The Gross Clinic,The Gross Clinic,The Gross Clinic,The Gross Clinic,The Gross Clinic,The Gross Clinic,The Gross Clinic,The Gross Clinic,The Gross Clinic,The Gross Clinic,The Gross Clinic,The Gross Clinic,The Gross Clinic,The Gross Clinic,Eagle Standing on Pine Tree,Eagle Standing on Pine Tree
Zhichuan Resettlemen,Zhichuan Resettlemen,Zhichuan Resettlemen,Eagle Standing on Pine Tree,Eagle Standing on Pine Tree,Eagle Standing on Pine Tree,Eagle Standing on Pine Tree,The Gross Clinic,The Gross Clinic,The Gross Clinic,The Gross Clinic,The Gross Clinic,The Gross Clinic,The Gross Clinic,The Gross Clinic,The Gross Clinic,The Gross Clinic,The Gross Clinic,The Gross Clinic,The Gross Clinic,The Gross Clinic,The Gross Clinic,The Gross Clinic,The Gross Clinic,The Gross Clinic,The Gross Clinic,The Gross Clinic,The Gross Clinic,The Gross Clinic,The Gross Clinic,The Gross Clinic,The Gross Clinic,The Gross Clinic,The Gross Clinic,The Gross Clinic,The Gross Clinic,The Gross Clinic,The Gross Clinic,The Gross Clinic,The Gross Clinic,The Gross Clinic,The Gross Clinic,The Gross Clinic,The Gross Clinic,The Gross Clinic,The Gross Clinic,The Gross Clinic,The Gross Clinic,Eagle Standing on Pine Tree,Eagle Standing on Pine Tree
Peasant Woman Against a Background of Wheat,Zhichuan Resettlemen,Portrait de l'artiste sans barbe,Eagle Standing on Pine Tree,Eagle Standing on Pine Tree,Eagle Standing on Pine Tree,Eagle Standing on Pine Tree,Les Noces de Pierrette,The Gross Clinic,The Gross Clinic,The Gross Clinic,The Gross Clinic,The Gross Clinic,The Gross Clinic,The Gross Clinic,The Gross Clinic,The Gross Clinic,The Gross Clinic,The Gross Clinic,The Gross Clinic,The Gross Clinic,The Gross Clinic,The Gross Clinic,The Gross Clinic,The Gross Clinic,The Gross Clinic,The Gross Clinic,The Gross Clinic,The Gross Clinic,The Gross Clinic,The Gross Clinic,The Gross Clinic,The Gross Clinic,The Gross Clinic,The Gross Clinic,The Gross Clinic,The Gross Clinic,The Gross Clinic,The Gross Clinic,The Gross Clinic,The Gross Clinic,The Gross Clinic,The Gross Clinic,The Gross Clinic,The Gross Clinic,The Gross Clinic,The Gross Clinic,The Gross Clinic,Eagle Standing on Pine Tree,Eagle Standing on Pine Tree
Zhichuan Resettlemen,Zhichuan Resettlemen,Eagle Standing on Pine Tree,Eagle Standing on Pine Tree,Eagle Standing on Pine Tree,Eagle Standing on Pine Tree,Nude Green Leaves and Bust,The Gross Clinic,The Gross Clinic,The Gross Clinic,The Gross Clinic,The Gross Clinic,The Gross Clinic,The Gross Clinic,The Gross Clinic,The Gross Clinic,The Gross Clinic,The Gross Clinic,The Gross Clinic,The Gross Clinic,The Gross Clinic,The Gross Clinic,The Gross Clinic,The Gross Clinic,The Gross Clinic,The Gross Clinic,The Gross Clinic,The Gross Clinic,The Gross Clinic,The Gross Clinic,The Gross Clinic,The Gross Clinic,The Gross Clinic,The Gross Clinic,The Gross Clinic,The Gross Clinic,The Gross Clinic,The Gross Clinic,The Gross Clinic,The Gross Clinic,The Gross Clinic,The Gross Clinic,The Gross Clinic,The Gross Clinic,The Gross Clinic,The Gross Clinic,The Gross Clinic,The Gross Clinic,Eagle Standing on Pine Tree,Eagle Standing on Pine Tree