Woman III,Suprematist Composition,Suprematist Composition,Suprematist Composition,Suprematist Composition,Suprematist Composition,Suprematist Composition,Suprematist Composition,Suprematist Composition,Suprematist Composition,Suprematist Composition,Suprematist Composition,Suprematist Composition,Suprematist Composition,Suprematist Composition,Suprematist Composition,Suprematist Composition,Suprematist Composition,Suprematist Composition,Suprematist Composition,Suprematist Composition,Suprematist Composition,Suprematist Composition,Suprematist Composition,Suprematist Composition,Suprematist Composition,Suprematist Composition,Suprematist Composition,Suprematist Composition,Suprematist Composition,Suprematist Composition,Suprematist Composition,Suprematist Composition,Suprematist Composition,Suprematist Composition,Suprematist Composition,Suprematist Composition,Suprematist Composition,Suprematist Composition,Suprematist Composition,Suprematist Composition,Suprematist Composition,Suprematist Composition,Suprematist Composition,Suprematist Composition,Suprematist Composition,Suprematist Composition,Suprematist Composition,Suprematist Composition,Suprematist Composition
Woman III,Suprematist Composition,Suprematist Composition,Suprematist Composition,Suprematist Composition,Suprematist Composition,Suprematist Composition,Suprematist Composition,Suprematist Composition,Suprematist Composition,Suprematist Composition,Suprematist Composition,Suprematist Composition,Suprematist Composition,Suprematist Composition,Suprematist Composition,Suprematist Composition,Suprematist Composition,Suprematist Composition,Suprematist Composition,Suprematist Composition,Suprematist Composition,Suprematist Composition,Suprematist Composition,Suprematist Composition,Suprematist Composition,Suprematist Composition,Suprematist Composition,Suprematist Composition,Suprematist Composition,Suprematist Composition,Three Studies for a Portrait of John Edwards,Three Studies for a Portrait of John Edwards,Suprematist Composition,Suprematist Composition,Suprematist Composition,Suprematist Composition,Suprematist Composition,Suprematist Composition,Suprematist Composition,Suprematist Composition,Suprematist Composition,Suprematist Composition,Suprematist Composition,Suprematist Composition,Suprematist Composition,Suprematist Composition,Suprematist Composition,Suprematist Composition,Suprematist Composition
Woman III,Suprematist Composition,Suprematist Composition,Suprematist Composition,Suprematist Composition,Suprematist Composition,Suprematist Composition,Suprematist Composition,Suprematist Composition,Suprematist Composition,Suprematist Composition,Suprematist Composition,Suprematist Composition,Suprematist Composition,Suprematist Composition,Suprematist Composition,Suprematist Composition,Suprematist Composition,Suprematist Composition,Suprematist Composition,Suprematist Composition,Suprematist Composition,Suprematist Composition,Suprematist Composition,Suprematist Composition,Suprematist Composition,Suprematist Composition,Suprematist Composition,Suprematist Composition,Suprematist Composition,Three Studies for a Portrait of John Edwards,Femme aux Bras Croises,Femme aux Bras Croises,Three Studies for a Portrait of John Edwards,Suprematist Composition,Suprematist Composition,Suprematist Composition,Suprematist Composition,Suprematist Composition,Suprematist Composition,Suprematist Composition,Suprematist Composition,Suprematist Composition,Suprematist Composition,Suprematist Composition,Suprematist Composition,Suprematist Composition,Suprematist Composition,Suprematist Composition,Suprematist Composition
Woman III,Suprematist Composition,Suprematist Composition,Suprematist Composition,Suprematist Composition,Suprematist Composition,Suprematist Composition,Suprematist Composition,Suprematist Composition,Suprematist Composition,Suprematist Composition,Suprematist Composition,Suprematist Composition,Suprematist Composition,Suprematist Composition,Suprematist Composition,Suprematist Composition,Suprematist Composition,Suprematist Composition,Suprematist Composition,Suprematist Composition,Suprematist Composition,Suprematist Composition,Suprematist Composition,Suprematist Composition,Suprematist Composition,Suprematist Composition,Suprematist Composition,Suprematist Composition,Suprematist Composition,Three Studies for a Portrait of John Edwards,Femme aux Bras Croises,Femme aux Bras Croises,Three Studies for a Portrait of John Edwards,Suprematist Composition,Suprematist Composition,Suprematist Composition,Suprematist Composition,Suprematist Composition,Suprematist Composition,Suprematist Composition,Three Studies for a Portrait of John Edwards,Three Studies for a Portrait of John Edwards,Suprematist Composition,Suprematist Composition,Suprematist Composition,Suprematist Composition,Suprematist Composition,Suprematist Composition,Suprematist Composition
Woman III,Suprematist Composition,Suprematist Composition,Suprematist Composition,Suprematist Composition,Suprematist Composition,Suprematist Composition,Suprematist Composition,Suprematist Composition,Suprematist Composition,Suprematist Composition,Suprematist Composition,Suprematist Composition,Suprematist Composition,Suprematist Composition,Suprematist Composition,Suprematist Composition,Suprematist Composition,Suprematist Composition,Suprematist Composition,Suprematist Composition,Suprematist Composition,Suprematist Composition,Suprematist Composition,Suprematist Composition,Suprematist Composition,Suprematist Composition,Suprematist Composition,Suprematist Composition,Suprematist Composition,Suprematist Composition,Femme aux Bras Croises,Femme aux Bras Croises,Suprematist Composition,Suprematist Composition,Suprematist Composition,Suprematist Composition,Suprematist Composition,Suprematist Composition,Suprematist Composition,Three Studies for a Portrait of John Edwards,Three Studies for a Portrait of John Edwards,Three Studies for a Portrait of John Edwards,Suprematist Composition,Suprematist Composition,Suprematist Composition,Suprematist Composition,Suprematist Composition,Suprematist Composition,Suprematist Composition
Woman III,Suprematist Composition,Suprematist Composition,Suprematist Composition,Suprematist Composition,Suprematist Composition,Suprematist Composition,Suprematist Composition,Suprematist Composition,Suprematist Composition,Suprematist Composition,Suprematist Composition,Suprematist Composition,Suprematist Composition,Suprematist Composition,Suprematist Composition,Suprematist Composition,Suprematist Composition,Three Studies for a Portrait of John Edwards,Three Studies for a Portrait of John Edwards,Three Studies for a Portrait of John Edwards,Suprematist Composition,Suprematist Composition,Suprematist Composition,Suprematist Composition,Suprematist Composition,Suprematist Composition,Suprematist Composition,Suprematist Composition,Suprematist Composition,Suprematist Composition,Three Studies for a Portrait of John Edwards,Three Studies for a Portrait of John Edwards,Suprematist Composition,Suprematist Composition,Suprematist Composition,Suprematist Composition,Suprematist Composition,Suprematist Composition,Suprematist Composition,Three Studies for a Portrait of John Edwards,Suprematist Composition,Suprematist Composition,Suprematist Composition,Suprematist Composition,Suprematist Composition,Suprematist Composition,Suprematist Composition,Suprematist Composition,Suprematist Composition
Woman III,Suprematist Composition,Suprematist Composition,Suprematist Composition,Suprematist Composition,Suprematist Composition,Suprematist Composition,Suprematist Composition,Suprematist Composition,Suprematist Composition,Suprematist Composition,Suprematist Composition,Suprematist Composition,Suprematist Composition,Suprematist Composition,Suprematist Composition,Suprematist Composition,Three Studies for a Portrait of John Edwards,Three Studies for a Portrait of John Edwards,Three Studies for a Portrait of John Edwards,Suprematist Composition,Suprematist Composition,Suprematist Composition,Suprematist Composition,Suprematist Composition,Suprematist Composition,Suprematist Composition,Suprematist Composition,Suprematist Composition,Suprematist Composition,Suprematist Composition,Suprematist Composition,Suprematist Composition,Suprematist Composition,Suprematist Composition,Suprematist Composition,Suprematist Composition,Suprematist Composition,Suprematist Composition,Suprematist Composition,Suprematist Composition,Suprematist Composition,Suprematist Composition,Suprematist Composition,Suprematist Composition,Suprematist Composition,Suprematist Composition,Suprematist Composition,Suprematist Composition,Suprematist Composition
Woman III,Suprematist Composition,Suprematist Composition,Suprematist Composition,Suprematist Composition,Suprematist Composition,Suprematist Composition,Suprematist Composition,Suprematist Composition,Suprematist Composition,Suprematist Composition,Suprematist Composition,Suprematist Composition,Suprematist Composition,Suprematist Composition,Suprematist Composition,Suprematist Composition,Suprematist Composition,Suprematist Composition,Suprematist Composition,Suprematist Composition,Suprematist Composition,Suprematist Composition,Suprematist Composition,Suprematist Composition,Suprematist Composition,Suprematist Composition,Suprematist Composition,Suprematist Composition,Suprematist Composition,Suprematist Composition,Suprematist Composition,Suprematist Composition,Suprematist Composition,Suprematist Composition,Suprematist Composition,Suprematist Composition,Suprematist Composition,Suprematist Composition,Suprematist Composition,Suprematist Composition,Suprematist Composition,Suprematist Composition,Suprematist Composition,Suprematist Composition,Suprematist Composition,Suprematist Composition,Suprematist Composition,Suprematist Composition,Suprematist Composition
Woman III,Suprematist Composition,Suprematist Composition,Suprematist Composition,Suprematist Composition,Suprematist Composition,Suprematist Composition,Suprematist Composition,Suprematist Composition,Suprematist Composition,Suprematist Composition,Suprematist Composition,Suprematist Composition,Suprematist Composition,Suprematist Composition,Suprematist Composition,Suprematist Composition,Suprematist Composition,Suprematist Composition,Suprematist Composition,Suprematist Composition,Suprematist Composition,Suprematist Composition,Suprematist Composition,Suprematist Composition,Suprematist Composition,Suprematist Composition,Suprematist Composition,Suprematist Composition,Suprematist Composition,Suprematist Composition,Suprematist Composition,Suprematist Composition,Suprematist Composition,Suprematist Composition,Suprematist Composition,Suprematist Composition,Suprematist Composition,Suprematist Composition,Suprematist Composition,Suprematist Composition,Suprematist Composition,Suprematist Composition,Suprematist Composition,Suprematist Composition,Suprematist Composition,Suprematist Composition,Suprematist Composition,Suprematist Composition,Suprematist Composition
Woman III,Suprematist Composition,Suprematist Composition,Suprematist Composition,Suprematist Composition,Suprematist Composition,Suprematist Composition,Suprematist Composition,Suprematist Composition,Suprematist Composition,Suprematist Composition,Suprematist Composition,Suprematist Composition,Suprematist Composition,Suprematist Composition,Suprematist Composition,Suprematist Composition,Suprematist Composition,Suprematist Composition,Suprematist Composition,Suprematist Composition,Suprematist Composition,Suprematist Composition,Suprematist Composition,Suprematist Composition,Suprematist Composition,Suprematist Composition,Suprematist Composition,Suprematist Composition,Suprematist Composition,Suprematist Composition,Suprematist Composition,Suprematist Composition,Suprematist Composition,Suprematist Composition,Suprematist Composition,Suprematist Composition,Suprematist Composition,Suprematist Composition,Suprematist Composition,Suprematist Composition,Suprematist Composition,Suprematist Composition,Suprematist Composition,Suprematist Composition,Suprematist Composition,Suprematist Composition,Suprematist Composition,Suprematist Composition,Suprematist Composition
Woman III,Suprematist Composition,Suprematist Composition,Suprematist Composition,Suprematist Composition,Suprematist Composition,Suprematist Composition,Suprematist Composition,Suprematist Composition,Suprematist Composition,Suprematist Composition,Suprematist Composition,Suprematist Composition,Suprematist Composition,Suprematist Composition,Suprematist Composition,Suprematist Composition,Suprematist Composition,Suprematist Composition,Suprematist Composition,Suprematist Composition,Suprematist Composition,Suprematist Composition,Suprematist Composition,Suprematist Composition,Men in Her Life,Suprematist Composition,Suprematist Composition,Suprematist Composition,Suprematist Composition,Suprematist Composition,Suprematist Composition,Suprematist Composition,Suprematist Composition,Suprematist Composition,Suprematist Composition,Suprematist Composition,Suprematist Composition,Suprematist Composition,Suprematist Composition,Suprematist Composition,Suprematist Composition,Suprematist Composition,Suprematist Composition,Suprematist Composition,Suprematist Composition,Suprematist Composition,Suprematist Composition,Suprematist Composition,Suprematist Composition
Woman III,Suprematist Composition,Suprematist Composition,Suprematist Composition,Suprematist Composition,Suprematist Composition,Suprematist Composition,Suprematist Composition,Suprematist Composition,Suprematist Composition,Suprematist Composition,Suprematist Composition,Suprematist Composition,Suprematist Composition,Suprematist Composition,Suprematist Composition,Suprematist Composition,Suprematist Composition,Suprematist Composition,Suprematist Composition,Suprematist Composition,Suprematist Composition,Men in Her Life,Dora Maar au Chat,Dora Maar au Chat,Dora Maar au Chat,The Gross Clinic,Bal du moulin de la Galette,Suprematist Composition,Suprematist Composition,Suprematist Composition,Suprematist Composition,Suprematist Composition,Suprematist Composition,Suprematist Composition,Suprematist Composition,Suprematist Composition,Suprematist Composition,Suprematist Composition,Suprematist Composition,Suprematist Composition,Suprematist Composition,Suprematist Composition,Suprematist Composition,Suprematist Composition,Suprematist Composition,Suprematist Composition,Suprematist Composition,Suprematist Composition,Suprematist Composition
Woman III,Suprematist Composition,Suprematist Composition,Suprematist Composition,Suprematist Composition,Suprematist Composition,Suprematist Composition,Suprematist Composition,Suprematist Composition,Suprematist Composition,Suprematist Composition,Suprematist Composition,Suprematist Composition,Suprematist Composition,Suprematist Composition,Suprematist Composition,Suprematist Composition,Suprematist Composition,Suprematist Composition,Suprematist Composition,Suprematist Composition,Nude Green Leaves and Bust,Bal du moulin de la Galette,Dora Maar au Chat,Black Fire I,Black Fire I,The Gross Clinic,The Gross Clinic,The Gross Clinic,Suprematist Composition,Suprematist Composition,Suprematist Composition,Suprematist Composition,Suprematist Composition,Suprematist Composition,Suprematist Composition,Suprematist Composition,Suprematist Composition,Suprematist Composition,Suprematist Composition,Suprematist Composition,Suprematist Composition,Suprematist Composition,Suprematist Composition,Suprematist Composition,Suprematist Composition,Suprematist Composition,Suprematist Composition,Suprematist Composition,Suprematist Composition
Woman III,Suprematist Composition,Suprematist Composition,Suprematist Composition,Suprematist Composition,Suprematist Composition,Suprematist Composition,Suprematist Composition,Suprematist Composition,Suprematist Composition,Suprematist Composition,Suprematist Composition,Suprematist Composition,Suprematist Composition,Suprematist Composition,Suprematist Composition,Suprematist Composition,Suprematist Composition,Suprematist Composition,Suprematist Composition,Suprematist Composition,The Gross Clinic,The Gross Clinic,Black Fire I,Black Fire I,Black Fire I,The Gross Clinic,The Gross Clinic,The Gross Clinic,The Gross Clinic,Suprematist Composition,Suprematist Composition,Suprematist Composition,Suprematist Composition,Suprematist Composition,Suprematist Composition,Suprematist Composition,Suprematist Composition,Suprematist Composition,Suprematist Composition,Suprematist Composition,Suprematist Composition,Suprematist Composition,Suprematist Composition,Suprematist Composition,Suprematist Composition,Suprematist Composition,Suprematist Composition,Suprematist Composition,Suprematist Composition
Suprematist Composition,Suprematist Composition,Suprematist Composition,Suprematist Composition,Suprematist Composition,Suprematist Composition,Suprematist Composition,Suprematist Composition,Suprematist Composition,Suprematist Composition,Suprematist Composition,Suprematist Composition,Suprematist Composition,Suprematist Composition,Suprematist Composition,Suprematist Composition,Suprematist Composition,Suprematist Composition,Suprematist Composition,Suprematist Composition,Bal du moulin de la Galette,The Gross Clinic,The Gross Clinic,The Gross Clinic,"Portrait of Alfonso d'Avalos, Marquis of Vasto, in Armor with a Page",Black Fire I,Portrait of a Halberdier,The Gross Clinic,Salvator Mundi,No. 5 1948,Men in Her Life,Suprematist Composition,Suprematist Composition,Suprematist Composition,Suprematist Composition,Suprematist Composition,Suprematist Composition,Suprematist Composition,Suprematist Composition,Suprematist Composition,Suprematist Composition,Suprematist Composition,Suprematist Composition,Suprematist Composition,Suprematist Composition,Suprematist Composition,Suprematist Composition,Suprematist Composition,Suprematist Composition,Suprematist Composition
Suprematist Composition,Suprematist Composition,Suprematist Composition,Suprematist Composition,Suprematist Composition,Suprematist Composition,Suprematist Composition,Suprematist Composition,Suprematist Composition,Suprematist Composition,Suprematist Composition,Suprematist Composition,Suprematist Composition,Suprematist Composition,Suprematist Composition,Suprematist Composition,Suprematist Composition,Suprematist Composition,Suprematist Composition,Suprematist Composition,"Portrait of Alfonso d'Avalos, Marquis of Vasto, in Armor with a Page","Portrait of Alfonso d'Avalos, Marquis of Vasto, in Armor with a Page",The Gross Clinic,The Gross Clinic,The Gross Clinic,The Gross Clinic,Dora Maar au Chat,No. 5 1948,No. 5 1948,No. 5 1948,Dora Maar au Chat,Suprematist Composition,Suprematist Composition,Suprematist Composition,Suprematist Composition,Suprematist Composition,Suprematist Composition,Suprematist Composition,Suprematist Composition,Suprematist Composition,Suprematist Composition,Suprematist Composition,Suprematist Composition,Suprematist Composition,Suprematist Composition,Suprematist Composition,Suprematist Composition,Suprematist Composition,Suprematist Composition,Suprematist Composition
Suprematist Composition,Suprematist Composition,Suprematist Composition,Suprematist Composition,Suprematist Composition,Suprematist Composition,Suprematist Composition,Suprematist Composition,Suprematist Composition,Suprematist Composition,Suprematist Composition,Suprematist Composition,Suprematist Composition,Suprematist Composition,Suprematist Composition,Suprematist Composition,Suprematist Composition,Suprematist Composition,Suprematist Composition,Bal du moulin de la Galette,The Gross Clinic,"Portrait of Alfonso d'Avalos, Marquis of Vasto, in Armor with a Page",The Gross Clinic,The Gross Clinic,The Gross Clinic,Salvator Mundi,No. 5 1948,Dora Maar au Chat,Dora Maar au Chat,Portrait of Dr. Gachet,Dora Maar au Chat,Suprematist Composition,Suprematist Composition,Suprematist Composition,Suprematist Composition,Suprematist Composition,Suprematist Composition,Suprematist Composition,Suprematist Composition,Suprematist Composition,Suprematist Composition,Suprematist Composition,Suprematist Composition,Suprematist Composition,Suprematist Composition,Suprematist Composition,Suprematist Composition,Suprematist Composition,Suprematist Composition,Suprematist Composition
Suprematist Composition,Suprematist Composition,Suprematist Composition,Suprematist Composition,Suprematist Composition,Suprematist Composition,Suprematist Composition,Suprematist Composition,Suprematist Composition,Suprematist Composition,Suprematist Composition,Suprematist Composition,Suprematist Composition,Suprematist Composition,Suprematist Composition,Suprematist Composition,Suprematist Composition,Suprematist Composition,Suprematist Composition,The Gross Clinic,"Portrait of Alfonso d'Avalos, Marquis of Vasto, in Armor with a Page",The Gross Clinic,"Portrait of Alfonso d'Avalos, Marquis of Vasto, in Armor with a Page",Salvator Mundi,Diana and Callisto,The Card Players,The Scream,Salvator Mundi,The Scream,The Scream,The Scream,"Triptych, 1976",Suprematist Composition,Suprematist Composition,Suprematist Composition,Suprematist Composition,Suprematist Composition,Suprematist Composition,Suprematist Composition,Suprematist Composition,Suprematist Composition,Suprematist Composition,Suprematist Composition,Suprematist Composition,Suprematist Composition,Suprematist Composition,Suprematist Composition,Suprematist Composition,Suprematist Composition,Suprematist Composition
Suprematist Composition,Suprematist Composition,Suprematist Composition,Suprematist Composition,Suprematist Composition,Suprematist Composition,Suprematist Composition,Suprematist Composition,Suprematist Composition,Suprematist Composition,Suprematist Composition,Suprematist Composition,Suprematist Composition,Suprematist Composition,Suprematist Composition,Suprematist Composition,Suprematist Composition,Suprematist Composition,Suprematist Composition,The Gross Clinic,The Gross Clinic,No. 5 1948,Diana and Callisto,Peasant Woman Against a Background of Wheat,Police Gazette,Massacre of the Innocents,Police Gazette,Massacre of the Innocents,Le Reve,Le Reve,Police Gazette,No. 5 1948,Suprematist Composition,Suprematist Composition,Suprematist Composition,Suprematist Composition,Suprematist Composition,Suprematist Composition,Suprematist Composition,Suprematist Composition,Suprematist Composition,Suprematist Composition,Suprematist Composition,Suprematist Composition,Suprematist Composition,Suprematist Composition,Suprematist Composition,Suprematist Composition,Suprematist Composition,Suprematist Composition
Suprematist Composition,Suprematist Composition,Suprematist Composition,Suprematist Composition,Suprematist Composition,Suprematist Composition,Suprematist Composition,Suprematist Composition,Suprematist Composition,Suprematist Composition,Suprematist Composition,Suprematist Composition,Suprematist Composition,Suprematist Composition,Suprematist Composition,Suprematist Composition,Suprematist Composition,Suprematist Composition,Suprematist Composition,The Gross Clinic,The Gross Clinic,Portrait of Dr. Gachet,Peasant Woman Against a Background of Wheat,Police Gazette,Police Gazette,Le Reve,Police Gazette,Le Reve,Le Reve,Le Reve,Le Reve,The Card Players,Suprematist Composition,Suprematist Composition,Suprematist Composition,Suprematist Composition,Suprematist Composition,Suprematist Composition,Suprematist Composition,Suprematist Composition,Suprematist Composition,Suprematist Composition,Suprematist Composition,Suprematist Composition,Eagle Standing on Pine Tree,Suprematist Composition,Suprematist Composition,Suprematist Composition,Suprematist Composition,Suprematist Composition
Suprematist Composition,Suprematist Composition,Suprematist Composition,Suprematist Composition,Suprematist Composition,Suprematist Composition,Suprematist Composition,Suprematist Composition,Suprematist Composition,Suprematist Composition,Suprematist Composition,Suprematist Composition,Suprematist Composition,Suprematist Composition,Suprematist Composition,Suprematist Composition,Suprematist Composition,Suprematist Composition,Silver Car Crash (Double Disaster),The Gross Clinic,The Gross Clinic,Au Lapin Agile,The Scream,Police Gazette,Police Gazette,Le Reve,Police Gazette,Le Reve,Three Studies of Lucian Freud,Three Studies of Lucian Freud,Three Studies of Lucian Freud,Massacre of the Innocents,Men in Her Life,Suprematist Composition,Suprematist Composition,Suprematist Composition,Suprematist Composition,Suprematist Composition,Suprematist Composition,Suprematist Composition,Suprematist Composition,Suprematist Composition,Three Studies for a Portrait of John Edwards,Three Studies for a Portrait of John Edwards,Suprematist Composition,Suprematist Composition,Suprematist Composition,Suprematist Composition,Suprematist Composition,Suprematist Composition
Suprematist Composition,Suprematist Composition,Suprematist Composition,Suprematist Composition,Suprematist Composition,Suprematist Composition,Suprematist Composition,Suprematist Composition,Suprematist Composition,Suprematist Composition,Suprematist Composition,Suprematist Composition,Suprematist Composition,Suprematist Composition,Suprematist Composition,Suprematist Composition,Suprematist Composition,Suprematist Composition,Les Noces de Pierrette,The Gross Clinic,No. 5 1948,The Scream,Au Lapin Agile,Police Gazette,Le Reve,Le Reve,Le Reve,Le Reve,Three Studies of Lucian Freud,Three Studies of Lucian Freud,Three Studies of Lucian Freud,Police Gazette,"Triptych, 1976",Suprematist Composition,Suprematist Composition,Suprematist Composition,Suprematist Composition,Suprematist Composition,Suprematist Composition,Suprematist Composition,Suprematist Composition,Femme aux Bras Croises,Femme aux Bras Croises,Femme aux Bras Croises,Suprematist Composition,Suprematist Composition,Suprematist Composition,Suprematist Composition,Suprematist Composition,Suprematist Composition
Suprematist Composition,Suprematist Composition,Suprematist Composition,Suprematist Composition,Suprematist Composition,Suprematist Composition,Suprematist Composition,Suprematist Composition,Suprematist Composition,Suprematist Composition,Suprematist Composition,Suprematist Composition,Suprematist Composition,Suprematist Composition,Suprematist Composition,Suprematist Composition,Suprematist Composition,Silver Car Crash (Double Disaster),Les Noces de Pierrette,The Gross Clinic,No. 5 1948,The Scream,Au Lapin Agile,Au Lapin Agile,Femme assise dans un jardin,Le Reve,Eagle Standing on Pine Tree,Le Reve,Eagle Standing on Pine Tree,Eagle Standing on Pine Tree,Three Studies of Lucian Freud,Femme assise dans un jardin,Woman III,Suprematist Composition,Suprematist Composition,Suprematist Composition,Suprematist Composition,Suprematist Composition,Suprematist Composition,Suprematist Composition,Suprematist Composition,Femme aux Bras Croises,Femme aux Bras Croises,Femme aux Bras Croises,Suprematist Composition,Suprematist Composition,Suprematist Composition,Suprematist Composition,Suprematist Composition,Suprematist Composition
Suprematist Composition,Suprematist Composition,Suprematist Composition,Suprematist Composition,Suprematist Composition,Suprematist Composition,Suprematist Composition,Suprematist Composition,Suprematist Composition,Suprematist Composition,Suprematist Composition,Suprematist Composition,Suprematist Composition,Suprematist Composition,Suprematist Composition,Suprematist Composition,Suprematist Composition,Three Studies for a Portrait of John Edwards,Les Noces de Pierrette,"Portrait of Alfonso d'Avalos, Marquis of Vasto, in Armor with a Page",Black Fire I,The Scream,Au Lapin Agile,The Scream,Au Lapin Agile,Massacre of the Innocents,Le Reve,Le Reve,Police Gazette,Police Gazette,Three Studies of Lucian Freud,Femme assise dans un jardin,Suprematist Composition,Suprematist Composition,Suprematist Composition,Suprematist Composition,Suprematist Composition,Suprematist Composition,Suprematist Composition,Suprematist Composition,Suprematist Composition,Three Studies for a Portrait of John Edwards,Femme aux Bras Croises,Three Studies for a Portrait of John Edwards,Suprematist Composition,Suprematist Composition,Suprematist Composition,Suprematist Composition,Suprematist Composition,Suprematist Composition
Woman III,Suprematist Composition,Suprematist Composition,Suprematist Composition,Suprematist Composition,Suprematist Composition,Suprematist Composition,Suprematist Composition,Suprematist Composition,Suprematist Composition,Suprematist Composition,Suprematist Composition,Suprematist Composition,Suprematist Composition,Suprematist Composition,Suprematist Composition,Suprematist Composition,Suprematist Composition,Les Noces de Pierrette,"Portrait of Alfonso d'Avalos, Marquis of Vasto, in Armor with a Page",Salvator Mundi,The Scream,Au Lapin Agile,The Scream,The Scream,Police Gazette,Police Gazette,Police Gazette,Massacre of the Innocents,Femme assise dans un jardin,Three Studies of Lucian Freud,Femme assise dans un jardin,Suprematist Composition,Suprematist Composition,Suprematist Composition,Suprematist Composition,Suprematist Composition,Suprematist Composition,Suprematist Composition,Suprematist Composition,Suprematist Composition,Suprematist Composition,Suprematist Composition,Suprematist Composition,Suprematist Composition,Suprematist Composition,Suprematist Composition,Suprematist Composition,Suprematist Composition,Suprematist Composition
Suprematist Composition,Suprematist Composition,Suprematist Composition,Suprematist Composition,Suprematist Composition,Suprematist Composition,Suprematist Composition,Suprematist Composition,Suprematist Composition,Suprematist Composition,Suprematist Composition,Suprematist Composition,Suprematist Composition,Suprematist Composition,Suprematist Composition,Suprematist Composition,Suprematist Composition,Suprematist Composition,Acrobate et jeune arlequin,The Card Players,Salvator Mundi,Police Gazette,Au Lapin Agile,Diana and Actaeon,The Card Players,Garcon a la pipe,Massacre of the Innocents,Le Reve,Massacre of the Innocents,The Card Players,Le Reve,Femme assise dans un jardin,Suprematist Composition,Suprematist Composition,Suprematist Composition,Suprematist Composition,Suprematist Composition,Suprematist Composition,Suprematist Composition,Suprematist Composition,Suprematist Composition,Suprematist Composition,Suprematist Composition,Suprematist Composition,Suprematist Composition,Suprematist Composition,Suprematist Composition,Suprematist Composition,Suprematist Composition,Suprematist Composition
Suprematist Composition,Suprematist Composition,Suprematist Composition,Suprematist Composition,Suprematist Composition,Suprematist Composition,Suprematist Composition,Suprematist Composition,Suprematist Composition,Suprematist Composition,Suprematist Composition,Suprematist Composition,Suprematist Composition,Suprematist Composition,Suprematist Composition,Suprematist Composition,Suprematist Composition,Suprematist Composition,Police Gazette,Police Gazette,Diana and Callisto,Police Gazette,Police Gazette,Garcon a la pipe,Police Gazette,Police Gazette,Police Gazette,Eagle Standing on Pine Tree,Massacre of the Innocents,Police Gazette,Le Reve,Eagle Standing on Pine Tree,Suprematist Composition,Suprematist Composition,Suprematist Composition,Suprematist Composition,Suprematist Composition,Suprematist Composition,Suprematist Composition,Suprematist Composition,Suprematist Composition,Suprematist Composition,Suprematist Composition,Suprematist Composition,Suprematist Composition,Suprematist Composition,Suprematist Composition,Suprematist Composition,Suprematist Composition,Suprematist Composition
Suprematist Composition,Suprematist Composition,Suprematist Composition,Suprematist Composition,Suprematist Composition,Suprematist Composition,Suprematist Composition,Suprematist Composition,Suprematist Composition,Suprematist Composition,Suprematist Composition,Suprematist Composition,Suprematist Composition,Suprematist Composition,Suprematist Composition,Suprematist Composition,Suprematist Composition,Suprematist Composition,Femme assise dans un jardin,Garcon a la pipe,Au Lapin Agile,Police Gazette,Police Gazette,Police Gazette,Massacre of the Innocents,Le Reve,Le Reve,Eagle Standing on Pine Tree,Three Studies of Lucian Freud,Le Reve,Three Studies of Lucian Freud,Eagle Standing on Pine Tree,Suprematist Composition,Suprematist Composition,Suprematist Composition,Suprematist Composition,Suprematist Composition,Suprematist Composition,Suprematist Composition,Suprematist Composition,Suprematist Composition,Suprematist Composition,Suprematist Composition,Suprematist Composition,Suprematist Composition,Suprematist Composition,Suprematist Composition,Suprematist Composition,Suprematist Composition,Suprematist Composition
Suprematist Composition,Suprematist Composition,Suprematist Composition,Suprematist Composition,Suprematist Composition,Suprematist Composition,Suprematist Composition,Suprematist Composition,Suprematist Composition,Suprematist Composition,Suprematist Composition,Suprematist Composition,Suprematist Composition,Suprematist Composition,Suprematist Composition,Suprematist Composition,Suprematist Composition,Suprematist Composition,Flag,Police Gazette,Au Lapin Agile,Police Gazette,Police Gazette,Le Reve,Le Reve,Le Reve,Le Reve,Eagle Standing on Pine Tree,Three Studies of Lucian Freud,Le Reve,"White Center (Yellow, Pink and Lavender on Rose)",Eagle Standing on Pine Tree,Suprematist Composition,Suprematist Composition,Suprematist Composition,Suprematist Composition,Suprematist Composition,Suprematist Composition,Suprematist Composition,Suprematist Composition,Suprematist Composition,Suprematist Composition,Suprematist Composition,Suprematist Composition,Suprematist Composition,Suprematist Composition,Suprematist Composition,Suprematist Composition,Suprematist Composition,Suprematist Composition
Suprematist Composition,Suprematist Composition,Suprematist Composition,Suprematist Composition,Suprematist Composition,Suprematist Composition,Suprematist Composition,Suprematist Composition,Suprematist Composition,Suprematist Composition,Suprematist Composition,Suprematist Composition,Suprematist Composition,Suprematist Composition,Suprematist Composition,Suprematist Composition,Suprematist Composition,Suprematist Composition,Eagle Standing on Pine Tree,Au Lapin Agile,Au Lapin Agile,Police Gazette,Police Gazette,Le Reve,Le Reve,Police Gazette,Femme assise dans un jardin,Le Reve,"White Center (Yellow, Pink and Lavender on Rose)",Massacre of the Innocents,Le Reve,Eagle Standing on Pine Tree,Suprematist Composition,Suprematist Composition,Suprematist Composition,Suprematist Composition,Suprematist Composition,Suprematist Composition,Suprematist Composition,Suprematist Composition,Suprematist Composition,Suprematist Composition,Suprematist Composition,Suprematist Composition,Suprematist Composition,Suprematist Composition,Suprematist Composition,Suprematist Composition,Suprematist Composition,Suprematist Composition
Suprematist Composition,Suprematist Composition,Suprematist Composition,Suprematist Composition,Suprematist Composition,Suprematist Composition,Suprematist Composition,Suprematist Composition,Suprematist Composition,Suprematist Composition,Suprematist Composition,Suprematist Composition,Suprematist Composition,Suprematist Composition,Suprematist Composition,Suprematist Composition,Suprematist Composition,Suprematist Composition,Suprematist Composition,Portrait de l'artiste sans barbe,The Scream,Police Gazette,Police Gazette,Police Gazette,Police Gazette,Police Gazette,Garcon a la pipe,Police Gazette,Le Reve,Le Reve,Le Reve,Flag,Suprematist Composition,Suprematist Composition,Suprematist Composition,Suprematist Composition,Suprematist Composition,Suprematist Composition,Suprematist Composition,Suprematist Composition,Suprematist Composition,Suprematist Composition,Suprematist Composition,Suprematist Composition,Suprematist Composition,Suprematist Composition,Suprematist Composition,Suprematist Composition,Suprematist Composition,Suprematist Composition
Suprematist Composition,Suprematist Composition,Suprematist Composition,Suprematist Composition,Suprematist Composition,Suprematist Composition,Suprematist Composition,Suprematist Composition,Suprematist Composition,Suprematist Composition,Suprematist Composition,Suprematist Composition,Suprematist Composition,Suprematist Composition,Suprematist Composition,Suprematist Composition,Suprematist Composition,Suprematist Composition,Suprematist Composition,Eagle Standing on Pine Tree,Femme assise dans un jardin,Police Gazette,Police Gazette,Massacre of the Innocents,Police Gazette,Acrobate et jeune arlequin,Acrobate et jeune arlequin,Police Gazette,Le Reve,Le Reve,Police Gazette,Eagle Standing on Pine Tree,Suprematist Composition,Suprematist Composition,Suprematist Composition,Suprematist Composition,Suprematist Composition,Suprematist Composition,Suprematist Composition,Suprematist Composition,Suprematist Composition,Suprematist Composition,Eagle Standing on Pine Tree,Eagle Standing on Pine Tree,Eagle Standing on Pine Tree,Suprematist Composition,Suprematist Composition,Suprematist Composition,Suprematist Composition,Suprematist Composition
Suprematist Composition,Suprematist Composition,Suprematist Composition,Suprematist Composition,Suprematist Composition,Suprematist Composition,Suprematist Composition,Suprematist Composition,Suprematist Composition,Suprematist Composition,Suprematist Composition,Suprematist Composition,Suprematist Composition,Suprematist Composition,Suprematist Composition,Suprematist Composition,Suprematist Composition,Suprematist Composition,Suprematist Composition,Suprematist Composition,Eagle Standing on Pine Tree,Police Gazette,Police Gazette,Massacre of the Innocents,Garcon a la pipe,No. 5 1948,Garcon a la pipe,Untitled,Le Reve,Le Reve,Three Studies of Lucian Freud,Eagle Standing on Pine Tree,Suprematist Composition,Suprematist Composition,Suprematist Composition,Suprematist Composition,Suprematist Composition,Suprematist Composition,Suprematist Composition,Suprematist Composition,Suprematist Composition,Suprematist Composition,Suprematist Composition,Suprematist Composition,Suprematist Composition,Suprematist Composition,Suprematist Composition,Suprematist Composition,Suprematist Composition,Suprematist Composition
Suprematist Composition,Suprematist Composition,Suprematist Composition,Suprematist Composition,Suprematist Composition,Suprematist Composition,Suprematist Composition,Suprematist Composition,Suprematist Composition,Suprematist Composition,Suprematist Composition,Suprematist Composition,Suprematist Composition,Suprematist Composition,Suprematist Composition,Suprematist Composition,Suprematist Composition,Suprematist Composition,Suprematist Composition,Suprematist Composition,Eagle Standing on Pine Tree,Police Gazette,Police Gazette,Massacre of the Innocents,Diana and Actaeon,Acrobate et jeune arlequin,Acrobate et jeune arlequin,Le Reve,Le Reve,Le Reve,Three Studies of Lucian Freud,Eagle Standing on Pine Tree,Suprematist Composition,Suprematist Composition,Suprematist Composition,Suprematist Composition,Suprematist Composition,Suprematist Composition,Suprematist Composition,Suprematist Composition,Suprematist Composition,Suprematist Composition,Suprematist Composition,Suprematist Composition,Suprematist Composition,Suprematist Composition,Suprematist Composition,Suprematist Composition,Suprematist Composition,Suprematist Composition
Suprematist Composition,Suprematist Composition,Suprematist Composition,Suprematist Composition,Suprematist Composition,Suprematist Composition,Suprematist Composition,Suprematist Composition,Suprematist Composition,Suprematist Composition,Suprematist Composition,Suprematist Composition,Suprematist Composition,Suprematist Composition,Suprematist Composition,Suprematist Composition,Suprematist Composition,Suprematist Composition,Suprematist Composition,Suprematist Composition,Eagle Standing on Pine Tree,Au Lapin Agile,Police Gazette,Police Gazette,Police Gazette,Police Gazette,Le Reve,Le Reve,Eagle Standing on Pine Tree,Three Studies of Lucian Freud,Three Studies of Lucian Freud,Eagle Standing on Pine Tree,Suprematist Composition,Suprematist Composition,Suprematist Composition,Suprematist Composition,Suprematist Composition,Suprematist Composition,Suprematist Composition,Suprematist Composition,Suprematist Composition,Suprematist Composition,Suprematist Composition,Suprematist Composition,Suprematist Composition,Suprematist Composition,Suprematist Composition,Suprematist Composition,Suprematist Composition,Suprematist Composition
Suprematist Composition,Suprematist Composition,Suprematist Composition,Suprematist Composition,Suprematist Composition,Suprematist Composition,Suprematist Composition,Suprematist Composition,Suprematist Composition,Suprematist Composition,Suprematist Composition,Suprematist Composition,Suprematist Composition,Suprematist Composition,Suprematist Composition,Suprematist Composition,Suprematist Composition,Suprematist Composition,Suprematist Composition,Suprematist Composition,Suprematist Composition,The Scream,Police Gazette,Police Gazette,Police Gazette,Police Gazette,Femme assise dans un jardin,Eagle Standing on Pine Tree,Eagle Standing on Pine Tree,Three Studies of Lucian Freud,Eagle Standing on Pine Tree,Suprematist Composition,Suprematist Composition,Suprematist Composition,Suprematist Composition,Suprematist Composition,Suprematist Composition,Suprematist Composition,Suprematist Composition,Suprematist Composition,Suprematist Composition,Suprematist Composition,Suprematist Composition,Suprematist Composition,Suprematist Composition,Suprematist Composition,Suprematist Composition,Suprematist Composition,Suprematist Composition,Suprematist Composition
Suprematist Composition,Suprematist Composition,Suprematist Composition,Suprematist Composition,Suprematist Composition,Suprematist Composition,Suprematist Composition,Suprematist Composition,Suprematist Composition,Suprematist Composition,Suprematist Composition,Suprematist Composition,Suprematist Composition,Suprematist Composition,Suprematist Composition,Suprematist Composition,Suprematist Composition,Suprematist Composition,Suprematist Composition,Suprematist Composition,The Gross Clinic,Portrait of Dr. Gachet,Police Gazette,Police Gazette,Police Gazette,Police Gazette,Police Gazette,Le Reve,Le Reve,Three Studies of Lucian Freud,Eagle Standing on Pine Tree,Suprematist Composition,Suprematist Composition,Suprematist Composition,Suprematist Composition,Suprematist Composition,Suprematist Composition,Suprematist Composition,Suprematist Composition,Suprematist Composition,Suprematist Composition,Suprematist Composition,Suprematist Composition,Suprematist Composition,Suprematist Composition,Suprematist Composition,Suprematist Composition,Suprematist Composition,Suprematist Composition,Suprematist Composition
Suprematist Composition,Suprematist Composition,Suprematist Composition,Suprematist Composition,Suprematist Composition,Suprematist Composition,Suprematist Composition,Suprematist Composition,Suprematist Composition,Suprematist Composition,Suprematist Composition,Suprematist Composition,Suprematist Composition,Suprematist Composition,Suprematist Composition,Suprematist Composition,Suprematist Composition,Suprematist Composition,Suprematist Composition,Suprematist Composition,The Gross Clinic,"Triptych, 1976",Police Gazette,Au Lapin Agile,Au Lapin Agile,Police Gazette,Police Gazette,Police Gazette,Femme assise dans un jardin,Eagle Standing on Pine Tree,Suprematist Composition,Suprematist Composition,Suprematist Composition,Suprematist Composition,Suprematist Composition,Suprematist Composition,Suprematist Composition,Suprematist Composition,Suprematist Composition,Suprematist Composition,Suprematist Composition,Suprematist Composition,Suprematist Composition,Suprematist Composition,Suprematist Composition,Eagle Standing on Pine Tree,Eagle Standing on Pine Tree,Eagle Standing on Pine Tree,Suprematist Composition,Suprematist Composition
Suprematist Composition,Suprematist Composition,Suprematist Composition,Suprematist Composition,Suprematist Composition,Suprematist Composition,Suprematist Composition,Suprematist Composition,Suprematist Composition,Suprematist Composition,Suprematist Composition,Suprematist Composition,Suprematist Composition,Suprematist Composition,Suprematist Composition,Suprematist Composition,Suprematist Composition,Suprematist Composition,Suprematist Composition,The Gross Clinic,The Gross Clinic,Men in Her Life,Au Lapin Agile,Au Lapin Agile,Police Gazette,Police Gazette,Police Gazette,Police Gazette,Eagle Standing on Pine Tree,Eagle Standing on Pine Tree,Suprematist Composition,Suprematist Composition,Suprematist Composition,Eagle Standing on Pine Tree,Eagle Standing on Pine Tree,Suprematist Composition,Suprematist Composition,Suprematist Composition,Suprematist Composition,Suprematist Composition,Suprematist Composition,Suprematist Composition,Eagle Standing on Pine Tree,Eagle Standing on Pine Tree,Eagle Standing on Pine Tree,Eagle Standing on Pine Tree,Eagle Standing on Pine Tree,Eagle Standing on Pine Tree,Suprematist Composition,Suprematist Composition
Suprematist Composition,Suprematist Composition,Suprematist Composition,Suprematist Composition,Suprematist Composition,Suprematist Composition,Suprematist Composition,Suprematist Composition,Suprematist Composition,Suprematist Composition,Suprematist Composition,Suprematist Composition,Suprematist Composition,Suprematist Composition,Suprematist Composition,Suprematist Composition,Suprematist Composition,Suprematist Composition,Suprematist Composition,The Gross Clinic,The Gross Clinic,Les Noces de Pierrette,Woman III,Police Gazette,Police Gazette,Police Gazette,Police Gazette,Police Gazette,Eagle Standing on Pine Tree,Eagle Standing on Pine Tree,Suprematist Composition,Suprematist Composition,Suprematist Composition,Suprematist Composition,Eagle Standing on Pine Tree,Suprematist Composition,Suprematist Composition,Suprematist Composition,Suprematist Composition,Suprematist Composition,Suprematist Composition,Suprematist Composition,Eagle Standing on Pine Tree,Eagle Standing on Pine Tree,Eagle Standing on Pine Tree,Eagle Standing on Pine Tree,Eagle Standing on Pine Tree,Eagle Standing on Pine Tree,Suprematist Composition,Suprematist Composition
Suprematist Composition,Suprematist Composition,Suprematist Composition,Suprematist Composition,Suprematist Composition,Suprematist Composition,Suprematist Composition,Suprematist Composition,Suprematist Composition,Suprematist Composition,Suprematist Composition,Suprematist Composition,Suprematist Composition,Suprematist Composition,Suprematist Composition,Suprematist Composition,Suprematist Composition,Suprematist Composition,The Gross Clinic,The Gross Clinic,The Gross Clinic,The Gross Clinic,Suprematist Composition,Adele Bloch-Bauer II,Police Gazette,Au Lapin Agile,Police Gazette,Police Gazette,Eagle Standing on Pine Tree,Eagle Standing on Pine Tree,Suprematist Composition,Silver Car Crash (Double Disaster),Femme aux Bras Croises,Femme aux Bras Croises,Suprematist Composition,Suprematist Composition,Suprematist Composition,Suprematist Composition,Suprematist Composition,Suprematist Composition,Suprematist Composition,Suprematist Composition,Suprematist Composition,Suprematist Composition,Suprematist Composition,Suprematist Composition,Suprematist Composition,Eagle Standing on Pine Tree,Suprematist Composition,Suprematist Composition
Suprematist Composition,Suprematist Composition,Suprematist Composition,Suprematist Composition,Suprematist Composition,Suprematist Composition,Suprematist Composition,Suprematist Composition,Suprematist Composition,Suprematist Composition,Suprematist Composition,Suprematist Composition,Suprematist Composition,Suprematist Composition,Suprematist Composition,Suprematist Composition,Suprematist Composition,Les Noces de Pierrette,The Gross Clinic,The Gross Clinic,The Gross Clinic,The Gross Clinic,Three Studies for a Portrait of John Edwards,Suprematist Composition,Portrait of Dr. Gachet,Police Gazette,The Scream,Police Gazette,Eagle Standing on Pine Tree,Suprematist Composition,Suprematist Composition,Femme aux Bras Croises,Femme aux Bras Croises,Femme aux Bras Croises,Suprematist Composition,Suprematist Composition,Suprematist Composition,Suprematist Composition,Suprematist Composition,Suprematist Composition,Suprematist Composition,Suprematist Composition,Suprematist Composition,Suprematist Composition,Suprematist Composition,Suprematist Composition,Suprematist Composition,Eagle Standing on Pine Tree,Suprematist Composition,Suprematist Composition
Suprematist Composition,Suprematist Composition,Suprematist Composition,Suprematist Composition,Suprematist Composition,Suprematist Composition,Suprematist Composition,Suprematist Composition,Suprematist Composition,Suprematist Composition,Suprematist Composition,Suprematist Composition,Suprematist Composition,Suprematist Composition,Suprematist Composition,Suprematist Composition,The Gross Clinic,The Gross Clinic,The Gross Clinic,The Gross Clinic,The Gross Clinic,The Gross Clinic,Les Noces de Pierrette,Suprematist Composition,Suprematist Composition,The Scream,The Scream,Femme assise dans un jardin,Portrait of Dr. Gachet,Suprematist Composition,Suprematist Composition,Femme aux Bras Croises,Femme aux Bras Croises,Femme aux Bras Croises,Suprematist Composition,Suprematist Composition,Suprematist Composition,Suprematist Composition,Suprematist Composition,Suprematist Composition,Suprematist Composition,Suprematist Composition,Suprematist Composition,Suprematist Composition,Suprematist Composition,Suprematist Composition,Suprematist Composition,Suprematist Composition,Suprematist Composition,Suprematist Composition
Suprematist Composition,Suprematist Composition,Suprematist Composition,Suprematist Composition,Suprematist Composition,Suprematist Composition,Suprematist Composition,Suprematist Composition,Suprematist Composition,Suprematist Composition,Suprematist Composition,Suprematist Composition,Suprematist Composition,Suprematist Composition,Suprematist Composition,Les Noces de Pierrette,The Gross Clinic,The Gross Clinic,The Gross Clinic,The Gross Clinic,The Gross Clinic,The Gross Clinic,The Gross Clinic,Suprematist Composition,Suprematist Composition,Suprematist Composition,The Scream,Femme assise dans un jardin,Black Fire I,The Gross Clinic,Suprematist Composition,Suprematist Composition,Suprematist Composition,Suprematist Composition,Suprematist Composition,Suprematist Composition,Suprematist Composition,Suprematist Composition,Suprematist Composition,Suprematist Composition,Suprematist Composition,Suprematist Composition,Suprematist Composition,Suprematist Composition,Suprematist Composition,Suprematist Composition,Suprematist Composition,Suprematist Composition,Suprematist Composition,Suprematist Composition
Suprematist Composition,Suprematist Composition,Suprematist Composition,Suprematist Composition,Suprematist Composition,Suprematist Composition,Suprematist Composition,Suprematist Composition,Suprematist Composition,Suprematist Composition,Suprematist Composition,Suprematist Composition,Suprematist Composition,Suprematist Composition,Les Noces de Pierrette,The Gross Clinic,The Gross Clinic,The Gross Clinic,The Gross Clinic,The Gross Clinic,The Gross Clinic,The Gross Clinic,The Gross Clinic,Suprematist Composition,Suprematist Composition,Suprematist Composition,Eagle Standing on Pine Tree,Eagle Standing on Pine Tree,Bal du moulin de la Galette,The Gross Clinic,The Gross Clinic,Les Noces de Pierrette,Suprematist Composition,Suprematist Composition,Suprematist Composition,Suprematist Composition,Suprematist Composition,Suprematist Composition,Suprematist Composition,Suprematist Composition,Suprematist Composition,Suprematist Composition,Suprematist Composition,Suprematist Composition,Suprematist Composition,Suprematist Composition,Suprematist Composition,Suprematist Composition,Suprematist Composition,Suprematist Composition
Suprematist Composition,Suprematist Composition,Suprematist Composition,Suprematist Composition,Suprematist Composition,Suprematist Composition,Suprematist Composition,Suprematist Composition,Suprematist Composition,Suprematist Composition,Suprematist Composition,Suprematist Composition,Suprematist Composition,Les Noces de Pierrette,The Gross Clinic,The Gross Clinic,The Gross Clinic,The Gross Clinic,The Gross Clinic,The Gross Clinic,The Gross Clinic,The Gross Clinic,The Gross Clinic,Suprematist Composition,Suprematist Composition,Suprematist Composition,Suprematist Composition,Eagle Standing on Pine Tree,Silver Car Crash (Double Disaster),The Gross Clinic,The Gross Clinic,The Gross Clinic,Silver Car Crash (Double Disaster),Suprematist Composition,Suprematist Composition,Eagle Standing on Pine Tree,Suprematist Composition,Suprematist Composition,Suprematist Composition,Suprematist Composition,Suprematist Composition,Suprematist Composition,Eagle Standing on Pine Tree,Eagle Standing on Pine Tree,Eagle Standing on Pine Tree,Eagle Standing on Pine Tree,Eagle Standing on Pine Tree,Eagle Standing on Pine Tree,Suprematist Composition,Suprematist Composition
Suprematist Composition,Suprematist Composition,Suprematist Composition,Suprematist Composition,Suprematist Composition,Suprematist Composition,Suprematist Composition,Suprematist Composition,Suprematist Composition,Suprematist Composition,Suprematist Composition,Suprematist Composition,Les Noces de Pierrette,The Gross Clinic,The Gross Clinic,The Gross Clinic,The Gross Clinic,The Gross Clinic,The Gross Clinic,The Gross Clinic,The Gross Clinic,The Gross Clinic,The Gross Clinic,Silver Car Crash (Double Disaster),Suprematist Composition,Suprematist Composition,Suprematist Composition,Eagle Standing on Pine Tree,Suprematist Composition,The Gross Clinic,The Gross Clinic,The Gross Clinic,The Gross Clinic,Suprematist Composition,Suprematist Composition,Eagle Standing on Pine Tree,Suprematist Composition,Suprematist Composition,Suprematist Composition,Suprematist Composition,Suprematist Composition,Eagle Standing on Pine Tree,Eagle Standing on Pine Tree,Eagle Standing on Pine Tree,Eagle Standing on Pine Tree,Eagle Standing on Pine Tree,Eagle Standing on Pine Tree,Eagle Standing on Pine Tree,Eagle Standing on Pine Tree,Suprematist Composition
Suprematist Composition,Suprematist Composition,Suprematist Composition,Suprematist Composition,Suprematist Composition,Suprematist Composition,Suprematist Composition,Eagle Standing on Pine Tree,Suprematist Composition,Suprematist Composition,Suprematist Composition,Nude Green Leaves and Bust,The Gross Clinic,The Gross Clinic,The Gross Clinic,The Gross Clinic,The Gross Clinic,The Gross Clinic,The Gross Clinic,The Gross Clinic,The Gross Clinic,The Gross Clinic,The Gross Clinic,Les Noces de Pierrette,Suprematist Composition,Eagle Standing on Pine Tree,Eagle Standing on Pine Tree,Eagle Standing on Pine Tree,Eagle Standing on Pine Tree,The Gross Clinic,The Gross Clinic,The Gross Clinic,The Gross Clinic,The Gross Clinic,Eagle Standing on Pine Tree,Eagle Standing on Pine Tree,Suprematist Composition,Suprematist Composition,Suprematist Composition,Eagle Standing on Pine Tree,Eagle Standing on Pine Tree,Eagle Standing on Pine Tree,Eagle Standing on Pine Tree,Eagle Standing on Pine Tree,Suprematist Composition,Eagle Standing on Pine Tree,Eagle Standing on Pine Tree,Eagle Standing on Pine Tree,Eagle Standing on Pine Tree,Eagle Standing on Pine Tree
Woman III,Suprematist Composition,Suprematist Composition,Suprematist Composition,Suprematist Composition,Suprematist Composition,Suprematist Composition,Suprematist Composition,Suprematist Composition,Suprematist Composition,Silver Car Crash (Double Disaster),The Gross Clinic,The Gross Clinic,The Gross Clinic,The Gross Clinic,The Gross Clinic,The Gross Clinic,The Gross Clinic,The Gross Clinic,The Gross Clinic,The Gross Clinic,The Gross Clinic,The Gross Clinic,The Gross Clinic,Suprematist Composition,Eagle Standing on Pine Tree,Suprematist Composition,Eagle Standing on Pine Tree,Eagle Standing on Pine Tree,Black Fire I,The Gross Clinic,The Gross Clinic,The Gross Clinic,The Gross Clinic,Men in Her Life,Suprematist Composition,Suprematist Composition,Suprematist Composition,Suprematist Composition,Eagle Standing on Pine Tree,Eagle Standing on Pine Tree,Eagle Standing on Pine Tree,Eagle Standing on Pine Tree,Suprematist Composition,Eagle Standing on Pine Tree,Eagle Standing on Pine Tree,Eagle Standing on Pine Tree,Eagle Standing on Pine Tree,Eagle Standing on Pine Tree,Eagle Standing on Pine Tree
Woman III,Woman III,Suprematist Composition,Suprematist Composition,Suprematist Composition,Suprematist Composition,Suprematist Composition,Suprematist Composition,Suprematist Composition,Suprematist Composition,The Gross Clinic,The Gross Clinic,The Gross Clinic,The Gross Clinic,The Gross Clinic,The Gross Clinic,The Gross Clinic,The Gross Clinic,The Gross Clinic,The Gross Clinic,The Gross Clinic,The Gross Clinic,The Gross Clinic,The Gross Clinic,Suprematist Composition,Eagle Standing on Pine Tree,Suprematist Composition,Suprematist Composition,Eagle Standing on Pine Tree,Woman III,The Gross Clinic,The Gross Clinic,The Gross Clinic,The Gross Clinic,Bal du moulin de la Galette,Suprematist Composition,Suprematist Composition,Suprematist Composition,Suprematist Composition,Eagle Standing on Pine Tree,Eagle Standing on Pine Tree,Eagle Standing on Pine Tree,Eagle Standing on Pine Tree,Suprematist Composition,Eagle Standing on Pine Tree,Eagle Standing on Pine Tree,Eagle Standing on Pine Tree,Eagle Standing on Pine Tree,Eagle Standing on Pine Tree,Eagle Standing on Pine Tree