Femme aux Bras Croises,Femme aux Bras Croises,Femme aux Bras Croises,Femme aux Bras Croises,Femme aux Bras Croises,Femme aux Bras Croises,Femme aux Bras Croises,Femme aux Bras Croises,Femme aux Bras Croises,Femme aux Bras Croises,Femme aux Bras Croises,Femme aux Bras Croises,Femme aux Bras Croises,Femme aux Bras Croises,Femme aux Bras Croises,Femme aux Bras Croises,Femme aux Bras Croises,Femme aux Bras Croises,Femme aux Bras Croises,Femme aux Bras Croises,Femme aux Bras Croises,Three Studies for a Portrait of John Edwards,Suprematist Composition,Three Studies for a Portrait of John Edwards,Suprematist Composition,Femme aux Bras Croises,Suprematist Composition,Femme aux Bras Croises,Suprematist Composition,Suprematist Composition,Suprematist Composition,Nude Green Leaves and Bust,Les Noces de Pierrette,Femme aux Bras Croises,Femme aux Bras Croises,Femme aux Bras Croises,Femme aux Bras Croises,Femme aux Bras Croises,Femme aux Bras Croises,Femme aux Bras Croises,Femme aux Bras Croises,Femme aux Bras Croises,Femme aux Bras Croises,Bal du moulin de la Galette,Bal du moulin de la Galette,Femme aux Bras Croises,Femme aux Bras Croises,Les Noces de Pierrette,Femme aux Bras Croises,Femme aux Bras Croises
Femme aux Bras Croises,Femme aux Bras Croises,Femme aux Bras Croises,Femme aux Bras Croises,Femme aux Bras Croises,Femme aux Bras Croises,Femme aux Bras Croises,Femme aux Bras Croises,Femme aux Bras Croises,Femme aux Bras Croises,Femme aux Bras Croises,Femme aux Bras Croises,Femme aux Bras Croises,Femme aux Bras Croises,Femme aux Bras Croises,Femme aux Bras Croises,Femme aux Bras Croises,Femme aux Bras Croises,Femme aux Bras Croises,Femme aux Bras Croises,Femme aux Bras Croises,Three Studies for a Portrait of John Edwards,Suprematist Composition,Three Studies for a Portrait of John Edwards,Three Studies for a Portrait of John Edwards,Femme aux Bras Croises,Femme aux Bras Croises,Femme aux Bras Croises,Suprematist Composition,Suprematist Composition,Suprematist Composition,Les Noces de Pierrette,Les Noces de Pierrette,Femme aux Bras Croises,Femme aux Bras Croises,Femme aux Bras Croises,Femme aux Bras Croises,Femme aux Bras Croises,Femme aux Bras Croises,Femme aux Bras Croises,Femme aux Bras Croises,Femme aux Bras Croises,Femme aux Bras Croises,Bal du moulin de la Galette,Les Noces de Pierrette,Femme aux Bras Croises,Femme aux Bras Croises,Les Noces de Pierrette,Femme aux Bras Croises,Femme aux Bras Croises
Femme aux Bras Croises,Femme aux Bras Croises,Femme aux Bras Croises,Femme aux Bras Croises,Femme aux Bras Croises,Femme aux Bras Croises,Femme aux Bras Croises,Femme aux Bras Croises,Femme aux Bras Croises,Femme aux Bras Croises,Femme aux Bras Croises,Femme aux Bras Croises,Femme aux Bras Croises,Femme aux Bras Croises,Femme aux Bras Croises,Femme aux Bras Croises,Femme aux Bras Croises,Femme aux Bras Croises,Femme aux Bras Croises,Femme aux Bras Croises,Femme aux Bras Croises,Three Studies for a Portrait of John Edwards,Suprematist Composition,Three Studies for a Portrait of John Edwards,Femme aux Bras Croises,Femme aux Bras Croises,Femme aux Bras Croises,Les Noces de Pierrette,Silver Car Crash (Double Disaster),Silver Car Crash (Double Disaster),Les Noces de Pierrette,Les Noces de Pierrette,Les Noces de Pierrette,Femme aux Bras Croises,Femme aux Bras Croises,Femme aux Bras Croises,Femme aux Bras Croises,Femme aux Bras Croises,Femme aux Bras Croises,Femme aux Bras Croises,Femme aux Bras Croises,Femme aux Bras Croises,Femme aux Bras Croises,Les Noces de Pierrette,Les Noces de Pierrette,Femme aux Bras Croises,Femme aux Bras Croises,Les Noces de Pierrette,Femme aux Bras Croises,Femme aux Bras Croises
Femme aux Bras Croises,Femme aux Bras Croises,Femme aux Bras Croises,Femme aux Bras Croises,Femme aux Bras Croises,Femme aux Bras Croises,Femme aux Bras Croises,Femme aux Bras Croises,Femme aux Bras Croises,Femme aux Bras Croises,Femme aux Bras Croises,Femme aux Bras Croises,Femme aux Bras Croises,Femme aux Bras Croises,Femme aux Bras Croises,Femme aux Bras Croises,Femme aux Bras Croises,Femme aux Bras Croises,Femme aux Bras Croises,Femme aux Bras Croises,Femme aux Bras Croises,Three Studies for a Portrait of John Edwards,Suprematist Composition,Silver Car Crash (Double Disaster),Three Studies for a Portrait of John Edwards,Suprematist Composition,Suprematist Composition,Suprematist Composition,Les Noces de Pierrette,The Gross Clinic,The Gross Clinic,Les Noces de Pierrette,Les Noces de Pierrette,Femme aux Bras Croises,Femme aux Bras Croises,Femme aux Bras Croises,Femme aux Bras Croises,Femme aux Bras Croises,Femme aux Bras Croises,Femme aux Bras Croises,Femme aux Bras Croises,Femme aux Bras Croises,Femme aux Bras Croises,Les Noces de Pierrette,Les Noces de Pierrette,Femme aux Bras Croises,Femme aux Bras Croises,Femme aux Bras Croises,Les Noces de Pierrette,Femme aux Bras Croises
Femme aux Bras Croises,Femme aux Bras Croises,Femme aux Bras Croises,Femme aux Bras Croises,Femme aux Bras Croises,Femme aux Bras Croises,Femme aux Bras Croises,Femme aux Bras Croises,Femme aux Bras Croises,Femme aux Bras Croises,Femme aux Bras Croises,Femme aux Bras Croises,Femme aux Bras Croises,Femme aux Bras Croises,Femme aux Bras Croises,Femme aux Bras Croises,Femme aux Bras Croises,Femme aux Bras Croises,Femme aux Bras Croises,Femme aux Bras Croises,Femme aux Bras Croises,Suprematist Composition,Suprematist Composition,Suprematist Composition,Suprematist Composition,Three Studies for a Portrait of John Edwards,Femme aux Bras Croises,Three Studies for a Portrait of John Edwards,Men in Her Life,Les Noces de Pierrette,Silver Car Crash (Double Disaster),Les Noces de Pierrette,Les Noces de Pierrette,Femme aux Bras Croises,Femme aux Bras Croises,Femme aux Bras Croises,Femme aux Bras Croises,Femme aux Bras Croises,Femme aux Bras Croises,Femme aux Bras Croises,Femme aux Bras Croises,Femme aux Bras Croises,Femme aux Bras Croises,Les Noces de Pierrette,Les Noces de Pierrette,Femme aux Bras Croises,Femme aux Bras Croises,Femme aux Bras Croises,Les Noces de Pierrette,Femme aux Bras Croises
Femme aux Bras Croises,Femme aux Bras Croises,Femme aux Bras Croises,Femme aux Bras Croises,Femme aux Bras Croises,Femme aux Bras Croises,Femme aux Bras Croises,Femme aux Bras Croises,Femme aux Bras Croises,Femme aux Bras Croises,Femme aux Bras Croises,Femme aux Bras Croises,Femme aux Bras Croises,Femme aux Bras Croises,Femme aux Bras Croises,Femme aux Bras Croises,Femme aux Bras Croises,Femme aux Bras Croises,Femme aux Bras Croises,Femme aux Bras Croises,Femme aux Bras Croises,Suprematist Composition,Suprematist Composition,Three Studies for a Portrait of John Edwards,Femme aux Bras Croises,Femme aux Bras Croises,Femme aux Bras Croises,Femme aux Bras Croises,Nude Green Leaves and Bust,Les Noces de Pierrette,Bal du moulin de la Galette,Les Noces de Pierrette,Les Noces de Pierrette,Femme aux Bras Croises,Femme aux Bras Croises,Femme aux Bras Croises,Femme aux Bras Croises,Femme aux Bras Croises,Femme aux Bras Croises,Femme aux Bras Croises,Femme aux Bras Croises,Femme aux Bras Croises,Femme aux Bras Croises,Les Noces de Pierrette,Bal du moulin de la Galette,Femme aux Bras Croises,Femme aux Bras Croises,Femme aux Bras Croises,Les Noces de Pierrette,Femme aux Bras Croises
Femme aux Bras Croises,Femme aux Bras Croises,Femme aux Bras Croises,Femme aux Bras Croises,Femme aux Bras Croises,Femme aux Bras Croises,Femme aux Bras Croises,Femme aux Bras Croises,Femme aux Bras Croises,Femme aux Bras Croises,Femme aux Bras Croises,Femme aux Bras Croises,Femme aux Bras Croises,Femme aux Bras Croises,Femme aux Bras Croises,Femme aux Bras Croises,Femme aux Bras Croises,Femme aux Bras Croises,Femme aux Bras Croises,Femme aux Bras Croises,Femme aux Bras Croises,Suprematist Composition,Suprematist Composition,Three Studies for a Portrait of John Edwards,Three Studies for a Portrait of John Edwards,Suprematist Composition,Suprematist Composition,Femme aux Bras Croises,Suprematist Composition,Silver Car Crash (Double Disaster),Suprematist Composition,Les Noces de Pierrette,Les Noces de Pierrette,Femme aux Bras Croises,Femme aux Bras Croises,Femme aux Bras Croises,Femme aux Bras Croises,Femme aux Bras Croises,Femme aux Bras Croises,Femme aux Bras Croises,Femme aux Bras Croises,Femme aux Bras Croises,Femme aux Bras Croises,Les Noces de Pierrette,Bal du moulin de la Galette,Three Studies for a Portrait of John Edwards,Femme aux Bras Croises,Femme aux Bras Croises,Les Noces de Pierrette,Femme aux Bras Croises
Femme aux Bras Croises,Femme aux Bras Croises,Femme aux Bras Croises,Femme aux Bras Croises,Femme aux Bras Croises,Femme aux Bras Croises,Femme aux Bras Croises,Femme aux Bras Croises,Femme aux Bras Croises,Femme aux Bras Croises,Femme aux Bras Croises,Femme aux Bras Croises,Femme aux Bras Croises,Femme aux Bras Croises,Femme aux Bras Croises,Femme aux Bras Croises,Femme aux Bras Croises,Femme aux Bras Croises,Femme aux Bras Croises,Femme aux Bras Croises,Femme aux Bras Croises,Suprematist Composition,Suprematist Composition,Suprematist Composition,Suprematist Composition,Suprematist Composition,Suprematist Composition,Femme aux Bras Croises,Suprematist Composition,Suprematist Composition,Suprematist Composition,Silver Car Crash (Double Disaster),Les Noces de Pierrette,Femme aux Bras Croises,Femme aux Bras Croises,Femme aux Bras Croises,Femme aux Bras Croises,Femme aux Bras Croises,Femme aux Bras Croises,Femme aux Bras Croises,Femme aux Bras Croises,Femme aux Bras Croises,Femme aux Bras Croises,Les Noces de Pierrette,Bal du moulin de la Galette,Three Studies for a Portrait of John Edwards,Femme aux Bras Croises,Femme aux Bras Croises,Femme aux Bras Croises,Les Noces de Pierrette
Femme aux Bras Croises,Femme aux Bras Croises,Femme aux Bras Croises,Femme aux Bras Croises,Femme aux Bras Croises,Femme aux Bras Croises,Femme aux Bras Croises,Femme aux Bras Croises,Femme aux Bras Croises,Femme aux Bras Croises,Femme aux Bras Croises,Femme aux Bras Croises,Femme aux Bras Croises,Femme aux Bras Croises,Femme aux Bras Croises,Femme aux Bras Croises,Femme aux Bras Croises,Femme aux Bras Croises,Femme aux Bras Croises,Femme aux Bras Croises,Femme aux Bras Croises,Suprematist Composition,Suprematist Composition,Suprematist Composition,Femme aux Bras Croises,Femme aux Bras Croises,Femme aux Bras Croises,Femme aux Bras Croises,Suprematist Composition,Suprematist Composition,Suprematist Composition,Suprematist Composition,Suprematist Composition,Les Noces de Pierrette,Femme aux Bras Croises,Femme aux Bras Croises,Femme aux Bras Croises,Femme aux Bras Croises,Femme aux Bras Croises,Femme aux Bras Croises,Femme aux Bras Croises,Femme aux Bras Croises,Femme aux Bras Croises,Les Noces de Pierrette,Bal du moulin de la Galette,Femme aux Bras Croises,Femme aux Bras Croises,Femme aux Bras Croises,Femme aux Bras Croises,Les Noces de Pierrette
Femme aux Bras Croises,Femme aux Bras Croises,Femme aux Bras Croises,Femme aux Bras Croises,Femme aux Bras Croises,Femme aux Bras Croises,Femme aux Bras Croises,Femme aux Bras Croises,Femme aux Bras Croises,Femme aux Bras Croises,Femme aux Bras Croises,Femme aux Bras Croises,Femme aux Bras Croises,Femme aux Bras Croises,Femme aux Bras Croises,Femme aux Bras Croises,Femme aux Bras Croises,Femme aux Bras Croises,Femme aux Bras Croises,Femme aux Bras Croises,Femme aux Bras Croises,Suprematist Composition,Suprematist Composition,Femme aux Bras Croises,Femme aux Bras Croises,Femme aux Bras Croises,Three Studies for a Portrait of John Edwards,Suprematist Composition,Suprematist Composition,Suprematist Composition,Suprematist Composition,Suprematist Composition,Suprematist Composition,Silver Car Crash (Double Disaster),Femme aux Bras Croises,Femme aux Bras Croises,Femme aux Bras Croises,Femme aux Bras Croises,Femme aux Bras Croises,Femme aux Bras Croises,Femme aux Bras Croises,Femme aux Bras Croises,Femme aux Bras Croises,Les Noces de Pierrette,Les Noces de Pierrette,Les Noces de Pierrette,Femme aux Bras Croises,Femme aux Bras Croises,Femme aux Bras Croises,Les Noces de Pierrette
Femme aux Bras Croises,Femme aux Bras Croises,Femme aux Bras Croises,Femme aux Bras Croises,Femme aux Bras Croises,Femme aux Bras Croises,Femme aux Bras Croises,Femme aux Bras Croises,Femme aux Bras Croises,Femme aux Bras Croises,Femme aux Bras Croises,Femme aux Bras Croises,Femme aux Bras Croises,Femme aux Bras Croises,Femme aux Bras Croises,Femme aux Bras Croises,Femme aux Bras Croises,Femme aux Bras Croises,Femme aux Bras Croises,Femme aux Bras Croises,Three Studies for a Portrait of John Edwards,Suprematist Composition,Suprematist Composition,Suprematist Composition,Suprematist Composition,Suprematist Composition,Suprematist Composition,Three Studies for a Portrait of John Edwards,Suprematist Composition,Suprematist Composition,Suprematist Composition,Suprematist Composition,Nude Green Leaves and Bust,Silver Car Crash (Double Disaster),Femme aux Bras Croises,Femme aux Bras Croises,Femme aux Bras Croises,Femme aux Bras Croises,Femme aux Bras Croises,Femme aux Bras Croises,Femme aux Bras Croises,Femme aux Bras Croises,Femme aux Bras Croises,Les Noces de Pierrette,Bal du moulin de la Galette,Les Noces de Pierrette,Femme aux Bras Croises,Femme aux Bras Croises,Femme aux Bras Croises,Les Noces de Pierrette
Femme aux Bras Croises,Femme aux Bras Croises,Femme aux Bras Croises,Femme aux Bras Croises,Femme aux Bras Croises,Femme aux Bras Croises,Femme aux Bras Croises,Femme aux Bras Croises,Femme aux Bras Croises,Femme aux Bras Croises,Femme aux Bras Croises,Femme aux Bras Croises,Femme aux Bras Croises,Suprematist Composition,Suprematist Composition,Three Studies for a Portrait of John Edwards,Femme aux Bras Croises,Femme aux Bras Croises,Femme aux Bras Croises,Femme aux Bras Croises,Three Studies for a Portrait of John Edwards,Suprematist Composition,Suprematist Composition,Suprematist Composition,Suprematist Composition,Suprematist Composition,Suprematist Composition,Femme aux Bras Croises,Suprematist Composition,Suprematist Composition,Suprematist Composition,Suprematist Composition,Nude Green Leaves and Bust,Les Noces de Pierrette,Femme aux Bras Croises,Femme aux Bras Croises,Femme aux Bras Croises,Femme aux Bras Croises,Femme aux Bras Croises,Femme aux Bras Croises,Femme aux Bras Croises,Femme aux Bras Croises,Femme aux Bras Croises,Les Noces de Pierrette,Bal du moulin de la Galette,Les Noces de Pierrette,Femme aux Bras Croises,Femme aux Bras Croises,Femme aux Bras Croises,Femme aux Bras Croises
Femme aux Bras Croises,Femme aux Bras Croises,Femme aux Bras Croises,Femme aux Bras Croises,Femme aux Bras Croises,Femme aux Bras Croises,Femme aux Bras Croises,Femme aux Bras Croises,Femme aux Bras Croises,Femme aux Bras Croises,Femme aux Bras Croises,Femme aux Bras Croises,Flag,Flag,Eagle Standing on Pine Tree,Eagle Standing on Pine Tree,Three Studies for a Portrait of John Edwards,Femme aux Bras Croises,Femme aux Bras Croises,Femme aux Bras Croises,Three Studies for a Portrait of John Edwards,Suprematist Composition,Suprematist Composition,Suprematist Composition,Suprematist Composition,Suprematist Composition,Suprematist Composition,Femme aux Bras Croises,Suprematist Composition,Suprematist Composition,Suprematist Composition,Silver Car Crash (Double Disaster),Nude Green Leaves and Bust,Les Noces de Pierrette,Femme aux Bras Croises,Femme aux Bras Croises,Femme aux Bras Croises,Femme aux Bras Croises,Femme aux Bras Croises,Femme aux Bras Croises,Femme aux Bras Croises,Femme aux Bras Croises,Femme aux Bras Croises,Les Noces de Pierrette,Bal du moulin de la Galette,Les Noces de Pierrette,Femme aux Bras Croises,Femme aux Bras Croises,Femme aux Bras Croises,Femme aux Bras Croises
Femme aux Bras Croises,Femme aux Bras Croises,Femme aux Bras Croises,Femme aux Bras Croises,Femme aux Bras Croises,Femme aux Bras Croises,Femme aux Bras Croises,Femme aux Bras Croises,Femme aux Bras Croises,Femme aux Bras Croises,Femme aux Bras Croises,Silver Car Crash (Double Disaster),Flag,Femme assise dans un jardin,Eagle Standing on Pine Tree,Eagle Standing on Pine Tree,Suprematist Composition,Femme aux Bras Croises,Femme aux Bras Croises,Femme aux Bras Croises,Three Studies for a Portrait of John Edwards,Suprematist Composition,Suprematist Composition,Suprematist Composition,Femme aux Bras Croises,Femme aux Bras Croises,Femme aux Bras Croises,Femme aux Bras Croises,Suprematist Composition,Suprematist Composition,Suprematist Composition,Suprematist Composition,Les Noces de Pierrette,Les Noces de Pierrette,Femme aux Bras Croises,Femme aux Bras Croises,Femme aux Bras Croises,Femme aux Bras Croises,Femme aux Bras Croises,Femme aux Bras Croises,Femme aux Bras Croises,Femme aux Bras Croises,Femme aux Bras Croises,Femme aux Bras Croises,Bal du moulin de la Galette,Les Noces de Pierrette,Femme aux Bras Croises,Femme aux Bras Croises,Femme aux Bras Croises,Femme aux Bras Croises
Femme aux Bras Croises,Femme aux Bras Croises,Femme aux Bras Croises,Femme aux Bras Croises,Femme aux Bras Croises,Femme aux Bras Croises,Femme aux Bras Croises,Femme aux Bras Croises,Femme aux Bras Croises,Femme aux Bras Croises,Femme aux Bras Croises,Adele Bloch-Bauer II,Flag,Flag,Eagle Standing on Pine Tree,Eagle Standing on Pine Tree,Eagle Standing on Pine Tree,Femme aux Bras Croises,Femme aux Bras Croises,Femme aux Bras Croises,Three Studies for a Portrait of John Edwards,Eagle Standing on Pine Tree,Suprematist Composition,Femme aux Bras Croises,Femme aux Bras Croises,Femme aux Bras Croises,Femme aux Bras Croises,Femme aux Bras Croises,Suprematist Composition,Suprematist Composition,Suprematist Composition,Suprematist Composition,Silver Car Crash (Double Disaster),Les Noces de Pierrette,Three Studies for a Portrait of John Edwards,Femme aux Bras Croises,Femme aux Bras Croises,Femme aux Bras Croises,Femme aux Bras Croises,Femme aux Bras Croises,Femme aux Bras Croises,Femme aux Bras Croises,Femme aux Bras Croises,Femme aux Bras Croises,Bal du moulin de la Galette,Nude Green Leaves and Bust,Femme aux Bras Croises,Femme aux Bras Croises,Femme aux Bras Croises,Femme aux Bras Croises
Femme aux Bras Croises,Femme aux Bras Croises,Femme aux Bras Croises,Femme aux Bras Croises,Femme aux Bras Croises,Femme aux Bras Croises,Femme aux Bras Croises,Femme aux Bras Croises,Femme aux Bras Croises,Femme aux Bras Croises,Femme aux Bras Croises,Darmstadt Madonna,Adele Bloch-Bauer II,Flag,Nude Green Leaves and Bust,Les Noces de Pierrette,Eagle Standing on Pine Tree,Femme aux Bras Croises,Femme aux Bras Croises,Femme aux Bras Croises,Three Studies for a Portrait of John Edwards,Eagle Standing on Pine Tree,Suprematist Composition,Silver Car Crash (Double Disaster),Suprematist Composition,Suprematist Composition,Suprematist Composition,Suprematist Composition,Suprematist Composition,Suprematist Composition,Suprematist Composition,Suprematist Composition,Silver Car Crash (Double Disaster),Les Noces de Pierrette,Femme aux Bras Croises,Femme aux Bras Croises,Femme aux Bras Croises,Femme aux Bras Croises,Femme aux Bras Croises,Femme aux Bras Croises,Femme aux Bras Croises,Femme aux Bras Croises,Femme aux Bras Croises,Femme aux Bras Croises,Bal du moulin de la Galette,Silver Car Crash (Double Disaster),Femme aux Bras Croises,Femme aux Bras Croises,Femme aux Bras Croises,Femme aux Bras Croises
Femme aux Bras Croises,Femme aux Bras Croises,Femme aux Bras Croises,Femme aux Bras Croises,Femme aux Bras Croises,Femme aux Bras Croises,Femme aux Bras Croises,Femme aux Bras Croises,Femme aux Bras Croises,Femme aux Bras Croises,Femme aux Bras Croises,Darmstadt Madonna,Darmstadt Madonna,Darmstadt Madonna,Les Noces de Pierrette,Les Noces de Pierrette,Nude Green Leaves and Bust,Les Noces de Pierrette,Femme aux Bras Croises,Femme aux Bras Croises,Three Studies for a Portrait of John Edwards,Eagle Standing on Pine Tree,Suprematist Composition,Suprematist Composition,Suprematist Composition,Suprematist Composition,Femme aux Bras Croises,Silver Car Crash (Double Disaster),Suprematist Composition,Suprematist Composition,Suprematist Composition,Suprematist Composition,Suprematist Composition,Les Noces de Pierrette,Three Studies for a Portrait of John Edwards,Femme aux Bras Croises,Femme aux Bras Croises,Femme aux Bras Croises,Femme aux Bras Croises,Femme aux Bras Croises,Femme aux Bras Croises,Femme aux Bras Croises,Femme aux Bras Croises,Femme aux Bras Croises,Bal du moulin de la Galette,Nude Green Leaves and Bust,Femme aux Bras Croises,Femme aux Bras Croises,Femme aux Bras Croises,Femme aux Bras Croises
Femme aux Bras Croises,Femme aux Bras Croises,Femme aux Bras Croises,Femme aux Bras Croises,Femme aux Bras Croises,Femme aux Bras Croises,Femme aux Bras Croises,Femme aux Bras Croises,Femme aux Bras Croises,Femme aux Bras Croises,Les Noces de Pierrette,Darmstadt Madonna,Darmstadt Madonna,Acrobate et jeune arlequin,Dora Maar au Chat,Nude Green Leaves and Bust,Flag,Les Noces de Pierrette,Femme aux Bras Croises,Femme aux Bras Croises,Three Studies for a Portrait of John Edwards,Suprematist Composition,Suprematist Composition,Suprematist Composition,Femme aux Bras Croises,Femme aux Bras Croises,Femme aux Bras Croises,Femme aux Bras Croises,Suprematist Composition,Suprematist Composition,Suprematist Composition,Suprematist Composition,Suprematist Composition,Silver Car Crash (Double Disaster),Three Studies for a Portrait of John Edwards,Femme aux Bras Croises,Femme aux Bras Croises,Femme aux Bras Croises,Femme aux Bras Croises,Femme aux Bras Croises,Femme aux Bras Croises,Femme aux Bras Croises,Femme aux Bras Croises,Femme aux Bras Croises,Bal du moulin de la Galette,Silver Car Crash (Double Disaster),Femme aux Bras Croises,Femme aux Bras Croises,Femme aux Bras Croises,Femme aux Bras Croises
Femme aux Bras Croises,Femme aux Bras Croises,Femme aux Bras Croises,Femme aux Bras Croises,Femme aux Bras Croises,Femme aux Bras Croises,Femme aux Bras Croises,Femme aux Bras Croises,Femme aux Bras Croises,Femme aux Bras Croises,Silver Car Crash (Double Disaster),Untitled,Acrobate et jeune arlequin,Acrobate et jeune arlequin,Flag,Flag,Flag,Les Noces de Pierrette,Femme aux Bras Croises,Femme aux Bras Croises,Three Studies for a Portrait of John Edwards,Suprematist Composition,Suprematist Composition,Femme aux Bras Croises,Femme aux Bras Croises,Femme aux Bras Croises,Suprematist Composition,Femme aux Bras Croises,Suprematist Composition,Suprematist Composition,Suprematist Composition,Suprematist Composition,Suprematist Composition,Silver Car Crash (Double Disaster),Three Studies for a Portrait of John Edwards,Femme aux Bras Croises,Femme aux Bras Croises,Femme aux Bras Croises,Femme aux Bras Croises,Femme aux Bras Croises,Femme aux Bras Croises,Femme aux Bras Croises,Femme aux Bras Croises,Femme aux Bras Croises,Bal du moulin de la Galette,Nude Green Leaves and Bust,Femme aux Bras Croises,Femme aux Bras Croises,Femme aux Bras Croises,Femme aux Bras Croises
Femme aux Bras Croises,Femme aux Bras Croises,Femme aux Bras Croises,Femme aux Bras Croises,Femme aux Bras Croises,Femme aux Bras Croises,Femme aux Bras Croises,Femme aux Bras Croises,Femme aux Bras Croises,Femme aux Bras Croises,Les Noces de Pierrette,Acrobate et jeune arlequin,Acrobate et jeune arlequin,Acrobate et jeune arlequin,Flag,Flag,Untitled,Suprematist Composition,Femme aux Bras Croises,Femme aux Bras Croises,Three Studies for a Portrait of John Edwards,Suprematist Composition,Suprematist Composition,Femme aux Bras Croises,Suprematist Composition,Femme aux Bras Croises,Suprematist Composition,Femme aux Bras Croises,Suprematist Composition,Suprematist Composition,Suprematist Composition,Suprematist Composition,Suprematist Composition,Silver Car Crash (Double Disaster),Three Studies for a Portrait of John Edwards,Femme aux Bras Croises,Femme aux Bras Croises,Femme aux Bras Croises,Femme aux Bras Croises,Femme aux Bras Croises,Femme aux Bras Croises,Femme aux Bras Croises,Femme aux Bras Croises,Femme aux Bras Croises,Bal du moulin de la Galette,Les Noces de Pierrette,Femme aux Bras Croises,Femme aux Bras Croises,Femme aux Bras Croises,Femme aux Bras Croises
Femme aux Bras Croises,Femme aux Bras Croises,Femme aux Bras Croises,Femme aux Bras Croises,Femme aux Bras Croises,Femme aux Bras Croises,Femme aux Bras Croises,Femme aux Bras Croises,Femme aux Bras Croises,Femme aux Bras Croises,Silver Car Crash (Double Disaster),Untitled,Acrobate et jeune arlequin,Acrobate et jeune arlequin,Flag,Flag,Adele Bloch-Bauer II,Suprematist Composition,Femme aux Bras Croises,Femme aux Bras Croises,Three Studies for a Portrait of John Edwards,Suprematist Composition,Suprematist Composition,Femme aux Bras Croises,Femme aux Bras Croises,Femme aux Bras Croises,Femme aux Bras Croises,Femme aux Bras Croises,Suprematist Composition,Suprematist Composition,Suprematist Composition,Suprematist Composition,Suprematist Composition,Suprematist Composition,Three Studies for a Portrait of John Edwards,Femme aux Bras Croises,Femme aux Bras Croises,Femme aux Bras Croises,Femme aux Bras Croises,Femme aux Bras Croises,Femme aux Bras Croises,Femme aux Bras Croises,Femme aux Bras Croises,Femme aux Bras Croises,Bal du moulin de la Galette,Les Noces de Pierrette,Femme aux Bras Croises,Femme aux Bras Croises,Femme aux Bras Croises,Les Noces de Pierrette
Femme aux Bras Croises,Femme aux Bras Croises,Femme aux Bras Croises,Femme aux Bras Croises,Femme aux Bras Croises,Femme aux Bras Croises,Femme aux Bras Croises,Femme aux Bras Croises,Femme aux Bras Croises,Femme aux Bras Croises,Femme aux Bras Croises,Untitled,Acrobate et jeune arlequin,Acrobate et jeune arlequin,Flag,Untitled,Flag,Suprematist Composition,Femme aux Bras Croises,Femme aux Bras Croises,Three Studies for a Portrait of John Edwards,Suprematist Composition,Suprematist Composition,Femme aux Bras Croises,Femme aux Bras Croises,Femme aux Bras Croises,Femme aux Bras Croises,Femme aux Bras Croises,Suprematist Composition,Suprematist Composition,Suprematist Composition,Suprematist Composition,Suprematist Composition,Suprematist Composition,Three Studies for a Portrait of John Edwards,Femme aux Bras Croises,Femme aux Bras Croises,Femme aux Bras Croises,Femme aux Bras Croises,Femme aux Bras Croises,Femme aux Bras Croises,Femme aux Bras Croises,Femme aux Bras Croises,Femme aux Bras Croises,The Gross Clinic,Les Noces de Pierrette,Femme aux Bras Croises,Femme aux Bras Croises,Femme aux Bras Croises,Bal du moulin de la Galette
Femme aux Bras Croises,Femme aux Bras Croises,Femme aux Bras Croises,Femme aux Bras Croises,Femme aux Bras Croises,Femme aux Bras Croises,Femme aux Bras Croises,Femme aux Bras Croises,Femme aux Bras Croises,Femme aux Bras Croises,Femme aux Bras Croises,Darmstadt Madonna,Acrobate et jeune arlequin,Acrobate et jeune arlequin,Femme assise dans un jardin,Flag,Untitled,Suprematist Composition,Femme aux Bras Croises,Femme aux Bras Croises,Three Studies for a Portrait of John Edwards,Suprematist Composition,Suprematist Composition,Silver Car Crash (Double Disaster),Suprematist Composition,Suprematist Composition,Suprematist Composition,Suprematist Composition,Suprematist Composition,Suprematist Composition,Suprematist Composition,Suprematist Composition,Suprematist Composition,Suprematist Composition,Three Studies for a Portrait of John Edwards,Femme aux Bras Croises,Femme aux Bras Croises,Femme aux Bras Croises,Femme aux Bras Croises,Femme aux Bras Croises,Femme aux Bras Croises,Femme aux Bras Croises,Femme aux Bras Croises,Femme aux Bras Croises,The Gross Clinic,Les Noces de Pierrette,Femme aux Bras Croises,Femme aux Bras Croises,Les Noces de Pierrette,Les Noces de Pierrette
Femme aux Bras Croises,Femme aux Bras Croises,Femme aux Bras Croises,Femme aux Bras Croises,Femme aux Bras Croises,Femme aux Bras Croises,Femme aux Bras Croises,Femme aux Bras Croises,Femme aux Bras Croises,Femme aux Bras Croises,Femme aux Bras Croises,Darmstadt Madonna,Acrobate et jeune arlequin,Acrobate et jeune arlequin,Acrobate et jeune arlequin,Flag,Eagle Standing on Pine Tree,Three Studies for a Portrait of John Edwards,Femme aux Bras Croises,Femme aux Bras Croises,Three Studies for a Portrait of John Edwards,Suprematist Composition,Suprematist Composition,Suprematist Composition,Suprematist Composition,Suprematist Composition,Suprematist Composition,Suprematist Composition,Suprematist Composition,Suprematist Composition,Suprematist Composition,Suprematist Composition,Suprematist Composition,Suprematist Composition,Three Studies for a Portrait of John Edwards,Femme aux Bras Croises,Femme aux Bras Croises,Femme aux Bras Croises,Femme aux Bras Croises,Femme aux Bras Croises,Femme aux Bras Croises,Femme aux Bras Croises,Femme aux Bras Croises,Femme aux Bras Croises,Bal du moulin de la Galette,Les Noces de Pierrette,Femme aux Bras Croises,Femme aux Bras Croises,Bal du moulin de la Galette,Les Noces de Pierrette
Femme aux Bras Croises,Femme aux Bras Croises,Femme aux Bras Croises,Femme aux Bras Croises,Femme aux Bras Croises,Femme aux Bras Croises,Femme aux Bras Croises,Femme aux Bras Croises,Femme aux Bras Croises,Femme aux Bras Croises,Femme aux Bras Croises,Silver Car Crash (Double Disaster),Acrobate et jeune arlequin,Acrobate et jeune arlequin,Acrobate et jeune arlequin,Acrobate et jeune arlequin,Flag,Three Studies for a Portrait of John Edwards,Femme aux Bras Croises,Femme aux Bras Croises,Three Studies for a Portrait of John Edwards,Suprematist Composition,Suprematist Composition,Suprematist Composition,Suprematist Composition,Suprematist Composition,Suprematist Composition,Suprematist Composition,Suprematist Composition,Suprematist Composition,Suprematist Composition,Suprematist Composition,Suprematist Composition,Silver Car Crash (Double Disaster),Three Studies for a Portrait of John Edwards,Femme aux Bras Croises,Femme aux Bras Croises,Femme aux Bras Croises,Femme aux Bras Croises,Femme aux Bras Croises,Femme aux Bras Croises,Femme aux Bras Croises,Femme aux Bras Croises,Femme aux Bras Croises,Bal du moulin de la Galette,Les Noces de Pierrette,Femme aux Bras Croises,Femme aux Bras Croises,Bal du moulin de la Galette,Femme aux Bras Croises
Femme aux Bras Croises,Femme aux Bras Croises,Femme aux Bras Croises,Femme aux Bras Croises,Femme aux Bras Croises,Femme aux Bras Croises,Femme aux Bras Croises,Femme aux Bras Croises,Femme aux Bras Croises,Femme aux Bras Croises,Femme aux Bras Croises,Silver Car Crash (Double Disaster),Acrobate et jeune arlequin,Acrobate et jeune arlequin,Acrobate et jeune arlequin,Acrobate et jeune arlequin,Nude Green Leaves and Bust,Femme aux Bras Croises,Femme aux Bras Croises,Femme aux Bras Croises,Three Studies for a Portrait of John Edwards,Suprematist Composition,Suprematist Composition,Suprematist Composition,Suprematist Composition,Suprematist Composition,Suprematist Composition,Suprematist Composition,Suprematist Composition,Suprematist Composition,Suprematist Composition,Suprematist Composition,Suprematist Composition,Silver Car Crash (Double Disaster),Three Studies for a Portrait of John Edwards,Femme aux Bras Croises,Femme aux Bras Croises,Femme aux Bras Croises,Femme aux Bras Croises,Femme aux Bras Croises,Femme aux Bras Croises,Femme aux Bras Croises,Femme aux Bras Croises,Femme aux Bras Croises,Les Noces de Pierrette,Les Noces de Pierrette,Femme aux Bras Croises,Les Noces de Pierrette,Les Noces de Pierrette,Femme aux Bras Croises
Femme aux Bras Croises,Femme aux Bras Croises,Femme aux Bras Croises,Femme aux Bras Croises,Femme aux Bras Croises,Femme aux Bras Croises,Femme aux Bras Croises,Femme aux Bras Croises,Femme aux Bras Croises,Femme aux Bras Croises,Femme aux Bras Croises,Les Noces de Pierrette,Acrobate et jeune arlequin,Acrobate et jeune arlequin,Acrobate et jeune arlequin,Acrobate et jeune arlequin,Femme aux Bras Croises,Femme aux Bras Croises,Femme aux Bras Croises,Femme aux Bras Croises,Three Studies for a Portrait of John Edwards,Suprematist Composition,Suprematist Composition,Suprematist Composition,Suprematist Composition,Suprematist Composition,Suprematist Composition,Suprematist Composition,Suprematist Composition,Suprematist Composition,Suprematist Composition,Suprematist Composition,Suprematist Composition,Silver Car Crash (Double Disaster),Three Studies for a Portrait of John Edwards,Femme aux Bras Croises,Femme aux Bras Croises,Femme aux Bras Croises,Femme aux Bras Croises,Femme aux Bras Croises,Femme aux Bras Croises,Femme aux Bras Croises,Femme aux Bras Croises,Femme aux Bras Croises,Les Noces de Pierrette,Bal du moulin de la Galette,Les Noces de Pierrette,Bal du moulin de la Galette,Femme aux Bras Croises,Femme aux Bras Croises
Femme aux Bras Croises,Femme aux Bras Croises,Femme aux Bras Croises,Femme aux Bras Croises,Femme aux Bras Croises,Femme aux Bras Croises,Femme aux Bras Croises,Femme aux Bras Croises,Femme aux Bras Croises,Femme aux Bras Croises,Femme aux Bras Croises,The Gross Clinic,Acrobate et jeune arlequin,Acrobate et jeune arlequin,Acrobate et jeune arlequin,Darmstadt Madonna,Les Noces de Pierrette,Femme aux Bras Croises,Femme aux Bras Croises,Femme aux Bras Croises,Three Studies for a Portrait of John Edwards,Suprematist Composition,Suprematist Composition,Suprematist Composition,Suprematist Composition,Suprematist Composition,Suprematist Composition,Suprematist Composition,Suprematist Composition,Silver Car Crash (Double Disaster),Suprematist Composition,Suprematist Composition,Suprematist Composition,Silver Car Crash (Double Disaster),Three Studies for a Portrait of John Edwards,Femme aux Bras Croises,Femme aux Bras Croises,Femme aux Bras Croises,Femme aux Bras Croises,Femme aux Bras Croises,Femme aux Bras Croises,Femme aux Bras Croises,Femme aux Bras Croises,Femme aux Bras Croises,Les Noces de Pierrette,Bal du moulin de la Galette,Les Noces de Pierrette,Bal du moulin de la Galette,Les Noces de Pierrette,Les Noces de Pierrette
Femme aux Bras Croises,Femme aux Bras Croises,Femme aux Bras Croises,Femme aux Bras Croises,Femme aux Bras Croises,Femme aux Bras Croises,Femme aux Bras Croises,Femme aux Bras Croises,Femme aux Bras Croises,Femme aux Bras Croises,Femme aux Bras Croises,The Gross Clinic,Portrait of a Halberdier,Acrobate et jeune arlequin,Acrobate et jeune arlequin,Acrobate et jeune arlequin,The Gross Clinic,Les Noces de Pierrette,Femme aux Bras Croises,Femme aux Bras Croises,Three Studies for a Portrait of John Edwards,Suprematist Composition,Suprematist Composition,Suprematist Composition,Suprematist Composition,Suprematist Composition,Suprematist Composition,Suprematist Composition,Suprematist Composition,Silver Car Crash (Double Disaster),Suprematist Composition,Suprematist Composition,Silver Car Crash (Double Disaster),Silver Car Crash (Double Disaster),Suprematist Composition,Femme aux Bras Croises,Femme aux Bras Croises,Femme aux Bras Croises,Femme aux Bras Croises,Femme aux Bras Croises,Femme aux Bras Croises,Femme aux Bras Croises,Femme aux Bras Croises,Femme aux Bras Croises,Les Noces de Pierrette,Bal du moulin de la Galette,Bal du moulin de la Galette,Bal du moulin de la Galette,Bal du moulin de la Galette,The Gross Clinic
Femme aux Bras Croises,Femme aux Bras Croises,Femme aux Bras Croises,Femme aux Bras Croises,Femme aux Bras Croises,Femme aux Bras Croises,Femme aux Bras Croises,Femme aux Bras Croises,Femme aux Bras Croises,Femme aux Bras Croises,The Gross Clinic,The Gross Clinic,Portrait of a Halberdier,Acrobate et jeune arlequin,Darmstadt Madonna,Flag,Darmstadt Madonna,Bal du moulin de la Galette,The Gross Clinic,Femme aux Bras Croises,Suprematist Composition,Suprematist Composition,Suprematist Composition,Suprematist Composition,Suprematist Composition,Suprematist Composition,Suprematist Composition,Suprematist Composition,Suprematist Composition,Silver Car Crash (Double Disaster),Suprematist Composition,Silver Car Crash (Double Disaster),Silver Car Crash (Double Disaster),Silver Car Crash (Double Disaster),Suprematist Composition,Three Studies for a Portrait of John Edwards,Femme aux Bras Croises,Femme aux Bras Croises,Femme aux Bras Croises,Femme aux Bras Croises,Femme aux Bras Croises,Femme aux Bras Croises,Femme aux Bras Croises,Femme aux Bras Croises,Les Noces de Pierrette,Bal du moulin de la Galette,The Gross Clinic,Bal du moulin de la Galette,Bal du moulin de la Galette,Bal du moulin de la Galette
Femme aux Bras Croises,Femme aux Bras Croises,Femme aux Bras Croises,Femme aux Bras Croises,Femme aux Bras Croises,Femme aux Bras Croises,Femme aux Bras Croises,Femme aux Bras Croises,Femme aux Bras Croises,Femme aux Bras Croises,Les Noces de Pierrette,The Gross Clinic,Dora Maar au Chat,Darmstadt Madonna,Darmstadt Madonna,Flag,Flag,The Gross Clinic,The Gross Clinic,Femme aux Bras Croises,Suprematist Composition,Suprematist Composition,Suprematist Composition,Men in Her Life,Suprematist Composition,Suprematist Composition,Suprematist Composition,Suprematist Composition,Suprematist Composition,Silver Car Crash (Double Disaster),Suprematist Composition,Silver Car Crash (Double Disaster),Silver Car Crash (Double Disaster),Silver Car Crash (Double Disaster),Suprematist Composition,Suprematist Composition,Suprematist Composition,Three Studies for a Portrait of John Edwards,Femme aux Bras Croises,Femme aux Bras Croises,Femme aux Bras Croises,Femme aux Bras Croises,Femme aux Bras Croises,Femme aux Bras Croises,Les Noces de Pierrette,Bal du moulin de la Galette,The Gross Clinic,Bal du moulin de la Galette,Bal du moulin de la Galette,Bal du moulin de la Galette
Femme aux Bras Croises,Femme aux Bras Croises,Femme aux Bras Croises,Femme aux Bras Croises,Femme aux Bras Croises,Femme aux Bras Croises,Femme aux Bras Croises,Femme aux Bras Croises,Femme aux Bras Croises,Femme aux Bras Croises,The Gross Clinic,The Gross Clinic,Les Noces de Pierrette,Silver Car Crash (Double Disaster),Suprematist Composition,Suprematist Composition,Bal du moulin de la Galette,The Gross Clinic,Les Noces de Pierrette,Silver Car Crash (Double Disaster),Suprematist Composition,Suprematist Composition,Silver Car Crash (Double Disaster),Men in Her Life,Men in Her Life,Suprematist Composition,Suprematist Composition,Suprematist Composition,Suprematist Composition,Silver Car Crash (Double Disaster),Silver Car Crash (Double Disaster),Suprematist Composition,Nude Green Leaves and Bust,Silver Car Crash (Double Disaster),Silver Car Crash (Double Disaster),Suprematist Composition,Suprematist Composition,Suprematist Composition,Femme aux Bras Croises,Femme aux Bras Croises,Femme aux Bras Croises,Femme aux Bras Croises,Femme aux Bras Croises,Femme aux Bras Croises,Les Noces de Pierrette,Bal du moulin de la Galette,Bal du moulin de la Galette,Les Noces de Pierrette,Bal du moulin de la Galette,Bal du moulin de la Galette
Femme aux Bras Croises,Femme aux Bras Croises,Femme aux Bras Croises,Femme aux Bras Croises,Femme aux Bras Croises,Femme aux Bras Croises,Femme aux Bras Croises,Femme aux Bras Croises,Les Noces de Pierrette,The Gross Clinic,The Gross Clinic,The Gross Clinic,Les Noces de Pierrette,Three Studies for a Portrait of John Edwards,Suprematist Composition,Suprematist Composition,Les Noces de Pierrette,Les Noces de Pierrette,Les Noces de Pierrette,Nude Green Leaves and Bust,Suprematist Composition,Silver Car Crash (Double Disaster),Silver Car Crash (Double Disaster),Men in Her Life,Suprematist Composition,Suprematist Composition,Suprematist Composition,Silver Car Crash (Double Disaster),Suprematist Composition,Silver Car Crash (Double Disaster),Silver Car Crash (Double Disaster),Suprematist Composition,Silver Car Crash (Double Disaster),Silver Car Crash (Double Disaster),Suprematist Composition,Suprematist Composition,Suprematist Composition,Suprematist Composition,Femme aux Bras Croises,Femme aux Bras Croises,Femme aux Bras Croises,Femme aux Bras Croises,Femme aux Bras Croises,Femme aux Bras Croises,Les Noces de Pierrette,Bal du moulin de la Galette,Bal du moulin de la Galette,Bal du moulin de la Galette,The Gross Clinic,The Gross Clinic
Femme aux Bras Croises,Femme aux Bras Croises,Femme aux Bras Croises,Femme aux Bras Croises,Femme aux Bras Croises,Femme aux Bras Croises,Femme aux Bras Croises,The Gross Clinic,The Gross Clinic,The Gross Clinic,The Gross Clinic,The Gross Clinic,Les Noces de Pierrette,Three Studies for a Portrait of John Edwards,Suprematist Composition,Nude Green Leaves and Bust,The Gross Clinic,The Gross Clinic,Les Noces de Pierrette,Les Noces de Pierrette,Les Noces de Pierrette,Silver Car Crash (Double Disaster),Silver Car Crash (Double Disaster),Silver Car Crash (Double Disaster),Suprematist Composition,Suprematist Composition,Suprematist Composition,Silver Car Crash (Double Disaster),Men in Her Life,Silver Car Crash (Double Disaster),Silver Car Crash (Double Disaster),Suprematist Composition,Men in Her Life,Suprematist Composition,Suprematist Composition,Suprematist Composition,Suprematist Composition,Three Studies for a Portrait of John Edwards,Femme aux Bras Croises,Femme aux Bras Croises,Femme aux Bras Croises,Femme aux Bras Croises,Femme aux Bras Croises,Femme aux Bras Croises,Les Noces de Pierrette,Bal du moulin de la Galette,The Gross Clinic,The Gross Clinic,The Gross Clinic,The Gross Clinic
Femme aux Bras Croises,Femme aux Bras Croises,Femme aux Bras Croises,Femme aux Bras Croises,Femme aux Bras Croises,Femme aux Bras Croises,Les Noces de Pierrette,The Gross Clinic,The Gross Clinic,The Gross Clinic,The Gross Clinic,The Gross Clinic,The Gross Clinic,Suprematist Composition,Suprematist Composition,The Gross Clinic,The Gross Clinic,The Gross Clinic,Les Noces de Pierrette,Les Noces de Pierrette,Les Noces de Pierrette,Les Noces de Pierrette,Silver Car Crash (Double Disaster),Silver Car Crash (Double Disaster),Suprematist Composition,Suprematist Composition,Silver Car Crash (Double Disaster),Silver Car Crash (Double Disaster),Silver Car Crash (Double Disaster),Silver Car Crash (Double Disaster),Silver Car Crash (Double Disaster),Suprematist Composition,Suprematist Composition,Suprematist Composition,Eagle Standing on Pine Tree,Men in Her Life,Silver Car Crash (Double Disaster),Three Studies for a Portrait of John Edwards,Femme aux Bras Croises,Femme aux Bras Croises,Femme aux Bras Croises,Femme aux Bras Croises,Femme aux Bras Croises,Femme aux Bras Croises,Les Noces de Pierrette,Bal du moulin de la Galette,Bal du moulin de la Galette,Dora Maar au Chat,Bal du moulin de la Galette,The Gross Clinic
Femme aux Bras Croises,Femme aux Bras Croises,Femme aux Bras Croises,Femme aux Bras Croises,Femme aux Bras Croises,Femme aux Bras Croises,Les Noces de Pierrette,Les Noces de Pierrette,Les Noces de Pierrette,The Gross Clinic,Les Noces de Pierrette,The Gross Clinic,The Gross Clinic,Suprematist Composition,Suprematist Composition,The Gross Clinic,The Gross Clinic,Les Noces de Pierrette,Nude Green Leaves and Bust,Les Noces de Pierrette,Nude Green Leaves and Bust,Les Noces de Pierrette,Les Noces de Pierrette,Silver Car Crash (Double Disaster),Suprematist Composition,Suprematist Composition,Silver Car Crash (Double Disaster),Silver Car Crash (Double Disaster),Silver Car Crash (Double Disaster),Silver Car Crash (Double Disaster),Silver Car Crash (Double Disaster),Suprematist Composition,Silver Car Crash (Double Disaster),Suprematist Composition,Suprematist Composition,Dora Maar au Chat,Femme aux Bras Croises,Femme aux Bras Croises,Femme aux Bras Croises,Femme aux Bras Croises,Femme aux Bras Croises,Femme aux Bras Croises,Femme aux Bras Croises,Femme aux Bras Croises,Les Noces de Pierrette,Bal du moulin de la Galette,Les Noces de Pierrette,Les Noces de Pierrette,Bal du moulin de la Galette,Bal du moulin de la Galette
Femme aux Bras Croises,Femme aux Bras Croises,Femme aux Bras Croises,Femme aux Bras Croises,Femme aux Bras Croises,Les Noces de Pierrette,Les Noces de Pierrette,Les Noces de Pierrette,Les Noces de Pierrette,Les Noces de Pierrette,Les Noces de Pierrette,Les Noces de Pierrette,Les Noces de Pierrette,Suprematist Composition,Les Noces de Pierrette,Les Noces de Pierrette,Les Noces de Pierrette,Silver Car Crash (Double Disaster),Nude Green Leaves and Bust,Nude Green Leaves and Bust,Nude Green Leaves and Bust,Les Noces de Pierrette,Les Noces de Pierrette,Suprematist Composition,Suprematist Composition,Silver Car Crash (Double Disaster),Silver Car Crash (Double Disaster),Silver Car Crash (Double Disaster),Silver Car Crash (Double Disaster),Silver Car Crash (Double Disaster),Nude Green Leaves and Bust,Silver Car Crash (Double Disaster),Nude Green Leaves and Bust,Nude Green Leaves and Bust,Nude Green Leaves and Bust,Les Noces de Pierrette,Femme aux Bras Croises,Les Noces de Pierrette,Femme aux Bras Croises,Femme aux Bras Croises,Femme aux Bras Croises,Femme aux Bras Croises,Femme aux Bras Croises,Femme aux Bras Croises,Les Noces de Pierrette,Bal du moulin de la Galette,Bal du moulin de la Galette,Les Noces de Pierrette,Nude Green Leaves and Bust,Les Noces de Pierrette
Femme aux Bras Croises,Femme aux Bras Croises,Femme aux Bras Croises,Femme aux Bras Croises,Femme aux Bras Croises,Les Noces de Pierrette,Les Noces de Pierrette,Les Noces de Pierrette,Les Noces de Pierrette,Les Noces de Pierrette,Les Noces de Pierrette,Les Noces de Pierrette,Les Noces de Pierrette,Silver Car Crash (Double Disaster),Les Noces de Pierrette,Les Noces de Pierrette,Les Noces de Pierrette,Suprematist Composition,Suprematist Composition,Silver Car Crash (Double Disaster),Suprematist Composition,Les Noces de Pierrette,Les Noces de Pierrette,Silver Car Crash (Double Disaster),Nude Green Leaves and Bust,Nude Green Leaves and Bust,Nude Green Leaves and Bust,Les Noces de Pierrette,Les Noces de Pierrette,Nude Green Leaves and Bust,Nude Green Leaves and Bust,Silver Car Crash (Double Disaster),Silver Car Crash (Double Disaster),Nude Green Leaves and Bust,Nude Green Leaves and Bust,Three Studies for a Portrait of John Edwards,Three Studies for a Portrait of John Edwards,Femme aux Bras Croises,Femme aux Bras Croises,Femme aux Bras Croises,Femme aux Bras Croises,Femme aux Bras Croises,Femme aux Bras Croises,Femme aux Bras Croises,Les Noces de Pierrette,Bal du moulin de la Galette,Bal du moulin de la Galette,Les Noces de Pierrette,Les Noces de Pierrette,Femme aux Bras Croises
Femme aux Bras Croises,Femme aux Bras Croises,Femme aux Bras Croises,Femme aux Bras Croises,Femme aux Bras Croises,The Gross Clinic,Les Noces de Pierrette,Les Noces de Pierrette,Les Noces de Pierrette,Les Noces de Pierrette,Les Noces de Pierrette,Les Noces de Pierrette,Les Noces de Pierrette,Les Noces de Pierrette,Les Noces de Pierrette,Les Noces de Pierrette,Les Noces de Pierrette,Nude Green Leaves and Bust,Suprematist Composition,Suprematist Composition,Silver Car Crash (Double Disaster),Les Noces de Pierrette,Les Noces de Pierrette,Nude Green Leaves and Bust,Silver Car Crash (Double Disaster),Silver Car Crash (Double Disaster),Silver Car Crash (Double Disaster),Bal du moulin de la Galette,Nude Green Leaves and Bust,Nude Green Leaves and Bust,Nude Green Leaves and Bust,Silver Car Crash (Double Disaster),Suprematist Composition,Nude Green Leaves and Bust,Bal du moulin de la Galette,Femme aux Bras Croises,Three Studies for a Portrait of John Edwards,Femme aux Bras Croises,Femme aux Bras Croises,Femme aux Bras Croises,Femme aux Bras Croises,Femme aux Bras Croises,Femme aux Bras Croises,Femme aux Bras Croises,Femme aux Bras Croises,Bal du moulin de la Galette,The Gross Clinic,Les Noces de Pierrette,Les Noces de Pierrette,Femme aux Bras Croises
Femme aux Bras Croises,Femme aux Bras Croises,Femme aux Bras Croises,Femme aux Bras Croises,Femme aux Bras Croises,The Gross Clinic,Les Noces de Pierrette,Les Noces de Pierrette,Les Noces de Pierrette,Les Noces de Pierrette,Les Noces de Pierrette,Les Noces de Pierrette,Les Noces de Pierrette,The Gross Clinic,Les Noces de Pierrette,Les Noces de Pierrette,Les Noces de Pierrette,Nude Green Leaves and Bust,Silver Car Crash (Double Disaster),Suprematist Composition,Suprematist Composition,Les Noces de Pierrette,Les Noces de Pierrette,Les Noces de Pierrette,Silver Car Crash (Double Disaster),Silver Car Crash (Double Disaster),Silver Car Crash (Double Disaster),Bal du moulin de la Galette,Bal du moulin de la Galette,The Gross Clinic,Nude Green Leaves and Bust,Silver Car Crash (Double Disaster),Suprematist Composition,Nude Green Leaves and Bust,Nude Green Leaves and Bust,Les Noces de Pierrette,Femme aux Bras Croises,Femme aux Bras Croises,Femme aux Bras Croises,Femme aux Bras Croises,Femme aux Bras Croises,Femme aux Bras Croises,Femme aux Bras Croises,Femme aux Bras Croises,Femme aux Bras Croises,Bal du moulin de la Galette,The Gross Clinic,Bal du moulin de la Galette,Les Noces de Pierrette,Femme aux Bras Croises
Femme aux Bras Croises,Femme aux Bras Croises,Femme aux Bras Croises,Femme aux Bras Croises,Femme aux Bras Croises,The Gross Clinic,The Gross Clinic,Les Noces de Pierrette,Les Noces de Pierrette,Les Noces de Pierrette,Les Noces de Pierrette,Les Noces de Pierrette,Les Noces de Pierrette,The Gross Clinic,Les Noces de Pierrette,Les Noces de Pierrette,Les Noces de Pierrette,Les Noces de Pierrette,Les Noces de Pierrette,Nude Green Leaves and Bust,Nude Green Leaves and Bust,Les Noces de Pierrette,The Gross Clinic,Les Noces de Pierrette,Silver Car Crash (Double Disaster),Silver Car Crash (Double Disaster),Nude Green Leaves and Bust,Bal du moulin de la Galette,Bal du moulin de la Galette,The Gross Clinic,Nude Green Leaves and Bust,Nude Green Leaves and Bust,Silver Car Crash (Double Disaster),Nude Green Leaves and Bust,Silver Car Crash (Double Disaster),Three Studies for a Portrait of John Edwards,Three Studies for a Portrait of John Edwards,Les Noces de Pierrette,Femme aux Bras Croises,Les Noces de Pierrette,Three Studies for a Portrait of John Edwards,Femme aux Bras Croises,Femme aux Bras Croises,Femme aux Bras Croises,Femme aux Bras Croises,Bal du moulin de la Galette,Bal du moulin de la Galette,Bal du moulin de la Galette,Nude Green Leaves and Bust,Femme aux Bras Croises
Femme aux Bras Croises,Femme aux Bras Croises,Femme aux Bras Croises,Femme aux Bras Croises,Les Noces de Pierrette,Bal du moulin de la Galette,The Gross Clinic,Bal du moulin de la Galette,Bal du moulin de la Galette,Les Noces de Pierrette,Les Noces de Pierrette,Les Noces de Pierrette,Les Noces de Pierrette,The Gross Clinic,Les Noces de Pierrette,Les Noces de Pierrette,Les Noces de Pierrette,Les Noces de Pierrette,Les Noces de Pierrette,Les Noces de Pierrette,Bal du moulin de la Galette,The Gross Clinic,Les Noces de Pierrette,Les Noces de Pierrette,Nude Green Leaves and Bust,Silver Car Crash (Double Disaster),Nude Green Leaves and Bust,Bal du moulin de la Galette,Bal du moulin de la Galette,Les Noces de Pierrette,Les Noces de Pierrette,Nude Green Leaves and Bust,Nude Green Leaves and Bust,Les Noces de Pierrette,Nude Green Leaves and Bust,Femme aux Bras Croises,Les Noces de Pierrette,Les Noces de Pierrette,Les Noces de Pierrette,Femme aux Bras Croises,Femme aux Bras Croises,Femme aux Bras Croises,Femme aux Bras Croises,Femme aux Bras Croises,Femme aux Bras Croises,The Gross Clinic,Bal du moulin de la Galette,Les Noces de Pierrette,Nude Green Leaves and Bust,Femme aux Bras Croises
Femme aux Bras Croises,Three Studies for a Portrait of John Edwards,Three Studies for a Portrait of John Edwards,Femme aux Bras Croises,Les Noces de Pierrette,The Gross Clinic,The Gross Clinic,The Gross Clinic,The Gross Clinic,Les Noces de Pierrette,Les Noces de Pierrette,Les Noces de Pierrette,Les Noces de Pierrette,The Gross Clinic,Les Noces de Pierrette,Les Noces de Pierrette,Les Noces de Pierrette,Nude Green Leaves and Bust,Nude Green Leaves and Bust,Bal du moulin de la Galette,The Gross Clinic,The Gross Clinic,Bal du moulin de la Galette,Les Noces de Pierrette,Nude Green Leaves and Bust,Nude Green Leaves and Bust,Nude Green Leaves and Bust,Les Noces de Pierrette,Bal du moulin de la Galette,Bal du moulin de la Galette,Bal du moulin de la Galette,Les Noces de Pierrette,Nude Green Leaves and Bust,Nude Green Leaves and Bust,Suprematist Composition,Three Studies for a Portrait of John Edwards,Femme aux Bras Croises,Les Noces de Pierrette,Les Noces de Pierrette,Femme aux Bras Croises,Femme aux Bras Croises,Femme aux Bras Croises,Femme aux Bras Croises,Femme aux Bras Croises,Femme aux Bras Croises,The Gross Clinic,Bal du moulin de la Galette,Les Noces de Pierrette,Nude Green Leaves and Bust,Femme aux Bras Croises
Three Studies for a Portrait of John Edwards,Three Studies for a Portrait of John Edwards,Three Studies for a Portrait of John Edwards,Femme aux Bras Croises,The Gross Clinic,The Gross Clinic,The Gross Clinic,The Gross Clinic,The Gross Clinic,Les Noces de Pierrette,Les Noces de Pierrette,Les Noces de Pierrette,Les Noces de Pierrette,The Gross Clinic,The Gross Clinic,The Gross Clinic,Bal du moulin de la Galette,Les Noces de Pierrette,Bal du moulin de la Galette,Les Noces de Pierrette,The Gross Clinic,The Gross Clinic,Bal du moulin de la Galette,Les Noces de Pierrette,Nude Green Leaves and Bust,Nude Green Leaves and Bust,Les Noces de Pierrette,The Gross Clinic,Bal du moulin de la Galette,Bal du moulin de la Galette,Bal du moulin de la Galette,Bal du moulin de la Galette,Nude Green Leaves and Bust,Nude Green Leaves and Bust,Silver Car Crash (Double Disaster),Three Studies for a Portrait of John Edwards,Femme aux Bras Croises,Les Noces de Pierrette,Femme aux Bras Croises,Femme aux Bras Croises,Femme aux Bras Croises,Les Noces de Pierrette,Three Studies for a Portrait of John Edwards,Femme aux Bras Croises,Femme aux Bras Croises,The Gross Clinic,Bal du moulin de la Galette,Femme aux Bras Croises,Bal du moulin de la Galette,Three Studies for a Portrait of John Edwards
Three Studies for a Portrait of John Edwards,Three Studies for a Portrait of John Edwards,Three Studies for a Portrait of John Edwards,Femme aux Bras Croises,The Gross Clinic,The Gross Clinic,The Gross Clinic,The Gross Clinic,The Gross Clinic,The Gross Clinic,The Gross Clinic,The Gross Clinic,The Gross Clinic,The Gross Clinic,The Gross Clinic,The Gross Clinic,The Gross Clinic,Bal du moulin de la Galette,Bal du moulin de la Galette,Bal du moulin de la Galette,The Gross Clinic,The Gross Clinic,Bal du moulin de la Galette,The Gross Clinic,Les Noces de Pierrette,Nude Green Leaves and Bust,Les Noces de Pierrette,The Gross Clinic,Bal du moulin de la Galette,Bal du moulin de la Galette,Bal du moulin de la Galette,Bal du moulin de la Galette,Nude Green Leaves and Bust,Nude Green Leaves and Bust,Three Studies for a Portrait of John Edwards,Three Studies for a Portrait of John Edwards,Femme aux Bras Croises,Les Noces de Pierrette,Femme aux Bras Croises,Femme aux Bras Croises,Femme aux Bras Croises,Les Noces de Pierrette,Femme aux Bras Croises,Three Studies for a Portrait of John Edwards,Femme aux Bras Croises,The Gross Clinic,Bal du moulin de la Galette,Three Studies for a Portrait of John Edwards,Les Noces de Pierrette,Three Studies for a Portrait of John Edwards
Three Studies for a Portrait of John Edwards,Three Studies for a Portrait of John Edwards,Three Studies for a Portrait of John Edwards,Femme aux Bras Croises,The Gross Clinic,The Gross Clinic,The Gross Clinic,The Gross Clinic,The Gross Clinic,The Gross Clinic,The Gross Clinic,The Gross Clinic,The Gross Clinic,The Gross Clinic,Les Noces de Pierrette,The Gross Clinic,The Gross Clinic,The Gross Clinic,Bal du moulin de la Galette,The Gross Clinic,The Gross Clinic,The Gross Clinic,Nude Green Leaves and Bust,The Gross Clinic,Bal du moulin de la Galette,Nude Green Leaves and Bust,Nude Green Leaves and Bust,Bal du moulin de la Galette,Bal du moulin de la Galette,Bal du moulin de la Galette,Nude Green Leaves and Bust,Nude Green Leaves and Bust,Nude Green Leaves and Bust,Nude Green Leaves and Bust,Three Studies for a Portrait of John Edwards,Femme aux Bras Croises,Les Noces de Pierrette,Bal du moulin de la Galette,Femme aux Bras Croises,Femme aux Bras Croises,Les Noces de Pierrette,Les Noces de Pierrette,Femme aux Bras Croises,Three Studies for a Portrait of John Edwards,Femme aux Bras Croises,The Gross Clinic,Bal du moulin de la Galette,Femme aux Bras Croises,Les Noces de Pierrette,Nude Green Leaves and Bust
Three Studies for a Portrait of John Edwards,Three Studies for a Portrait of John Edwards,Three Studies for a Portrait of John Edwards,Les Noces de Pierrette,The Gross Clinic,The Gross Clinic,The Gross Clinic,The Gross Clinic,The Gross Clinic,The Gross Clinic,The Gross Clinic,The Gross Clinic,The Gross Clinic,Les Noces de Pierrette,Les Noces de Pierrette,Les Noces de Pierrette,The Gross Clinic,The Gross Clinic,Bal du moulin de la Galette,The Gross Clinic,The Gross Clinic,The Gross Clinic,Les Noces de Pierrette,Les Noces de Pierrette,Les Noces de Pierrette,Nude Green Leaves and Bust,Nude Green Leaves and Bust,Bal du moulin de la Galette,Bal du moulin de la Galette,Bal du moulin de la Galette,Les Noces de Pierrette,Les Noces de Pierrette,Les Noces de Pierrette,Les Noces de Pierrette,Les Noces de Pierrette,Les Noces de Pierrette,Les Noces de Pierrette,Nude Green Leaves and Bust,Les Noces de Pierrette,Femme aux Bras Croises,Les Noces de Pierrette,Bal du moulin de la Galette,Les Noces de Pierrette,Three Studies for a Portrait of John Edwards,Femme aux Bras Croises,The Gross Clinic,Bal du moulin de la Galette,Les Noces de Pierrette,Femme aux Bras Croises,Bal du moulin de la Galette
Three Studies for a Portrait of John Edwards,Three Studies for a Portrait of John Edwards,Three Studies for a Portrait of John Edwards,Les Noces de Pierrette,The Gross Clinic,The Gross Clinic,The Gross Clinic,The Gross Clinic,The Gross Clinic,The Gross Clinic,The Gross Clinic,Les Noces de Pierrette,The Gross Clinic,Les Noces de Pierrette,Les Noces de Pierrette,Les Noces de Pierrette,Les Noces de Pierrette,Les Noces de Pierrette,The Gross Clinic,The Gross Clinic,The Gross Clinic,The Gross Clinic,Bal du moulin de la Galette,Les Noces de Pierrette,Les Noces de Pierrette,Nude Green Leaves and Bust,Nude Green Leaves and Bust,Les Noces de Pierrette,Les Noces de Pierrette,Les Noces de Pierrette,Les Noces de Pierrette,Les Noces de Pierrette,Les Noces de Pierrette,Bal du moulin de la Galette,Bal du moulin de la Galette,Bal du moulin de la Galette,Bal du moulin de la Galette,Bal du moulin de la Galette,Les Noces de Pierrette,Les Noces de Pierrette,Femme aux Bras Croises,Les Noces de Pierrette,Les Noces de Pierrette,Three Studies for a Portrait of John Edwards,Femme aux Bras Croises,The Gross Clinic,Bal du moulin de la Galette,Les Noces de Pierrette,Femme aux Bras Croises,Bal du moulin de la Galette
Three Studies for a Portrait of John Edwards,Three Studies for a Portrait of John Edwards,Three Studies for a Portrait of John Edwards,The Gross Clinic,The Gross Clinic,The Gross Clinic,The Gross Clinic,The Gross Clinic,The Gross Clinic,The Gross Clinic,Les Noces de Pierrette,Les Noces de Pierrette,The Gross Clinic,Les Noces de Pierrette,Les Noces de Pierrette,Les Noces de Pierrette,Les Noces de Pierrette,Les Noces de Pierrette,The Gross Clinic,Bal du moulin de la Galette,The Gross Clinic,The Gross Clinic,Silver Car Crash (Double Disaster),Les Noces de Pierrette,Bal du moulin de la Galette,Les Noces de Pierrette,Nude Green Leaves and Bust,Bal du moulin de la Galette,Bal du moulin de la Galette,The Gross Clinic,The Gross Clinic,The Gross Clinic,The Gross Clinic,The Gross Clinic,The Gross Clinic,The Gross Clinic,The Gross Clinic,Bal du moulin de la Galette,Bal du moulin de la Galette,Les Noces de Pierrette,Femme aux Bras Croises,Bal du moulin de la Galette,Les Noces de Pierrette,Three Studies for a Portrait of John Edwards,Femme aux Bras Croises,The Gross Clinic,Bal du moulin de la Galette,Les Noces de Pierrette,Femme aux Bras Croises,The Gross Clinic
Three Studies for a Portrait of John Edwards,Three Studies for a Portrait of John Edwards,Femme aux Bras Croises,The Gross Clinic,The Gross Clinic,Les Noces de Pierrette,The Gross Clinic,The Gross Clinic,The Gross Clinic,Les Noces de Pierrette,The Gross Clinic,The Gross Clinic,The Gross Clinic,The Gross Clinic,The Gross Clinic,Les Noces de Pierrette,Les Noces de Pierrette,Les Noces de Pierrette,Les Noces de Pierrette,The Gross Clinic,The Gross Clinic,The Gross Clinic,Les Noces de Pierrette,The Gross Clinic,The Gross Clinic,The Gross Clinic,The Gross Clinic,Bal du moulin de la Galette,The Gross Clinic,The Gross Clinic,The Gross Clinic,The Gross Clinic,The Gross Clinic,The Gross Clinic,Bal du moulin de la Galette,The Gross Clinic,The Gross Clinic,Bal du moulin de la Galette,Bal du moulin de la Galette,Bal du moulin de la Galette,Femme aux Bras Croises,The Gross Clinic,Les Noces de Pierrette,Three Studies for a Portrait of John Edwards,Femme aux Bras Croises,The Gross Clinic,Bal du moulin de la Galette,Les Noces de Pierrette,Three Studies for a Portrait of John Edwards,Bal du moulin de la Galette