Suprematist Composition,Suprematist Composition,Suprematist Composition,Suprematist Composition,Suprematist Composition,Suprematist Composition,Suprematist Composition,Suprematist Composition,Suprematist Composition,Suprematist Composition,Suprematist Composition,Suprematist Composition,Suprematist Composition,Suprematist Composition,Suprematist Composition,Suprematist Composition,Suprematist Composition,Suprematist Composition,Suprematist Composition,Suprematist Composition,Suprematist Composition,Suprematist Composition,Suprematist Composition,Suprematist Composition,Suprematist Composition,Suprematist Composition,Suprematist Composition,Suprematist Composition,Suprematist Composition,Suprematist Composition,Suprematist Composition,Suprematist Composition,Suprematist Composition,Suprematist Composition,Suprematist Composition,Suprematist Composition,Suprematist Composition,Suprematist Composition,Suprematist Composition,Suprematist Composition,Suprematist Composition,Suprematist Composition,Suprematist Composition,Suprematist Composition,Suprematist Composition,Suprematist Composition,Suprematist Composition,Suprematist Composition,Suprematist Composition,Suprematist Composition
Suprematist Composition,Suprematist Composition,Suprematist Composition,Suprematist Composition,Suprematist Composition,Suprematist Composition,Suprematist Composition,Suprematist Composition,Suprematist Composition,Suprematist Composition,Suprematist Composition,Suprematist Composition,Suprematist Composition,Suprematist Composition,Suprematist Composition,Suprematist Composition,Suprematist Composition,Suprematist Composition,Suprematist Composition,Suprematist Composition,Suprematist Composition,Suprematist Composition,Suprematist Composition,Suprematist Composition,Suprematist Composition,Suprematist Composition,Suprematist Composition,Suprematist Composition,Suprematist Composition,Suprematist Composition,Suprematist Composition,Suprematist Composition,Suprematist Composition,Suprematist Composition,Suprematist Composition,Suprematist Composition,Suprematist Composition,Suprematist Composition,Suprematist Composition,Suprematist Composition,Suprematist Composition,Suprematist Composition,Suprematist Composition,Suprematist Composition,Suprematist Composition,Suprematist Composition,Suprematist Composition,Suprematist Composition,Suprematist Composition,Suprematist Composition
Suprematist Composition,Suprematist Composition,Suprematist Composition,Suprematist Composition,Suprematist Composition,Suprematist Composition,Suprematist Composition,Suprematist Composition,Suprematist Composition,Suprematist Composition,Suprematist Composition,Suprematist Composition,Suprematist Composition,Suprematist Composition,Suprematist Composition,Suprematist Composition,Suprematist Composition,Suprematist Composition,Suprematist Composition,Suprematist Composition,Suprematist Composition,Suprematist Composition,Suprematist Composition,Suprematist Composition,Suprematist Composition,Suprematist Composition,Suprematist Composition,Suprematist Composition,Suprematist Composition,Suprematist Composition,Suprematist Composition,Suprematist Composition,Suprematist Composition,Suprematist Composition,Suprematist Composition,Suprematist Composition,Suprematist Composition,Suprematist Composition,Suprematist Composition,Suprematist Composition,Suprematist Composition,Suprematist Composition,Suprematist Composition,Suprematist Composition,Suprematist Composition,Suprematist Composition,Suprematist Composition,Suprematist Composition,Suprematist Composition,Suprematist Composition
Suprematist Composition,Suprematist Composition,Suprematist Composition,Suprematist Composition,Suprematist Composition,Suprematist Composition,Suprematist Composition,Suprematist Composition,Suprematist Composition,Suprematist Composition,Suprematist Composition,Suprematist Composition,Suprematist Composition,Suprematist Composition,Suprematist Composition,Suprematist Composition,Suprematist Composition,Suprematist Composition,Suprematist Composition,Suprematist Composition,Suprematist Composition,Suprematist Composition,Suprematist Composition,Suprematist Composition,Suprematist Composition,Suprematist Composition,Suprematist Composition,Suprematist Composition,Suprematist Composition,Suprematist Composition,Suprematist Composition,Suprematist Composition,Suprematist Composition,Suprematist Composition,Suprematist Composition,Suprematist Composition,Suprematist Composition,Suprematist Composition,Suprematist Composition,Suprematist Composition,Suprematist Composition,Suprematist Composition,Suprematist Composition,Suprematist Composition,Suprematist Composition,Suprematist Composition,Suprematist Composition,Suprematist Composition,Suprematist Composition,Suprematist Composition
Suprematist Composition,Suprematist Composition,Suprematist Composition,Suprematist Composition,Suprematist Composition,Suprematist Composition,Suprematist Composition,Suprematist Composition,Suprematist Composition,Suprematist Composition,Suprematist Composition,Suprematist Composition,Suprematist Composition,Suprematist Composition,Suprematist Composition,Suprematist Composition,Suprematist Composition,Suprematist Composition,Suprematist Composition,Suprematist Composition,Suprematist Composition,Suprematist Composition,Suprematist Composition,Suprematist Composition,Suprematist Composition,Men in Her Life,Silver Car Crash (Double Disaster),Men in Her Life,Suprematist Composition,Suprematist Composition,Suprematist Composition,Suprematist Composition,Suprematist Composition,Suprematist Composition,Suprematist Composition,Suprematist Composition,Suprematist Composition,Suprematist Composition,Suprematist Composition,Suprematist Composition,Suprematist Composition,Suprematist Composition,Suprematist Composition,Suprematist Composition,Suprematist Composition,Suprematist Composition,Suprematist Composition,Suprematist Composition,Suprematist Composition,Suprematist Composition
Suprematist Composition,Suprematist Composition,Suprematist Composition,Suprematist Composition,Suprematist Composition,Suprematist Composition,Suprematist Composition,Suprematist Composition,Suprematist Composition,Suprematist Composition,Suprematist Composition,Suprematist Composition,Suprematist Composition,Suprematist Composition,Suprematist Composition,Suprematist Composition,Suprematist Composition,Suprematist Composition,Suprematist Composition,Dora Maar au Chat,Dora Maar au Chat,Dora Maar au Chat,Dora Maar au Chat,Dora Maar au Chat,Dora Maar au Chat,Portrait of a Halberdier,Dora Maar au Chat,The Gross Clinic,The Gross Clinic,Dora Maar au Chat,Suprematist Composition,Suprematist Composition,Suprematist Composition,Suprematist Composition,Suprematist Composition,Suprematist Composition,Suprematist Composition,Suprematist Composition,Suprematist Composition,Suprematist Composition,Suprematist Composition,Suprematist Composition,Suprematist Composition,Suprematist Composition,Suprematist Composition,Suprematist Composition,Suprematist Composition,Suprematist Composition,Suprematist Composition,Suprematist Composition
Suprematist Composition,Suprematist Composition,Suprematist Composition,Suprematist Composition,Suprematist Composition,Suprematist Composition,Suprematist Composition,Suprematist Composition,Suprematist Composition,Suprematist Composition,Suprematist Composition,Suprematist Composition,Suprematist Composition,Suprematist Composition,Suprematist Composition,Suprematist Composition,Suprematist Composition,Suprematist Composition,Dora Maar au Chat,No. 5 1948,The Gross Clinic,The Gross Clinic,The Gross Clinic,The Gross Clinic,The Gross Clinic,The Gross Clinic,The Gross Clinic,The Gross Clinic,The Gross Clinic,The Gross Clinic,The Gross Clinic,Men in Her Life,Suprematist Composition,Suprematist Composition,Suprematist Composition,Suprematist Composition,Suprematist Composition,Suprematist Composition,Suprematist Composition,Suprematist Composition,Suprematist Composition,Suprematist Composition,Suprematist Composition,Suprematist Composition,Suprematist Composition,Suprematist Composition,Suprematist Composition,Suprematist Composition,Suprematist Composition,Suprematist Composition
Suprematist Composition,Suprematist Composition,Suprematist Composition,Suprematist Composition,Eagle Standing on Pine Tree,Suprematist Composition,Suprematist Composition,Suprematist Composition,Suprematist Composition,Suprematist Composition,Suprematist Composition,Suprematist Composition,Suprematist Composition,Suprematist Composition,Suprematist Composition,Suprematist Composition,Suprematist Composition,Men in Her Life,The Gross Clinic,The Gross Clinic,Salvator Mundi,Salvator Mundi,Salvator Mundi,Salvator Mundi,The Gross Clinic,The Gross Clinic,The Gross Clinic,The Gross Clinic,The Gross Clinic,The Gross Clinic,The Gross Clinic,Bal du moulin de la Galette,Suprematist Composition,Suprematist Composition,Suprematist Composition,Suprematist Composition,Suprematist Composition,Suprematist Composition,Suprematist Composition,Suprematist Composition,Suprematist Composition,Suprematist Composition,Suprematist Composition,Suprematist Composition,Suprematist Composition,Suprematist Composition,Suprematist Composition,Suprematist Composition,Suprematist Composition,Suprematist Composition
Suprematist Composition,Suprematist Composition,Suprematist Composition,Suprematist Composition,Eagle Standing on Pine Tree,Eagle Standing on Pine Tree,Suprematist Composition,Suprematist Composition,Suprematist Composition,Suprematist Composition,Suprematist Composition,Suprematist Composition,Suprematist Composition,Suprematist Composition,Suprematist Composition,Suprematist Composition,Suprematist Composition,Dora Maar au Chat,No. 5 1948,Portrait of a Halberdier,Police Gazette,Garcon a la pipe,Police Gazette,Police Gazette,Police Gazette,Police Gazette,Garcon a la pipe,Garcon a la pipe,Garcon a la pipe,The Gross Clinic,The Gross Clinic,Dora Maar au Chat,Nude Green Leaves and Bust,Suprematist Composition,Suprematist Composition,Suprematist Composition,Suprematist Composition,Suprematist Composition,Suprematist Composition,Suprematist Composition,Suprematist Composition,Suprematist Composition,Suprematist Composition,Suprematist Composition,Suprematist Composition,Suprematist Composition,Suprematist Composition,Suprematist Composition,Suprematist Composition,Suprematist Composition
Suprematist Composition,Suprematist Composition,Suprematist Composition,Suprematist Composition,Suprematist Composition,Suprematist Composition,Suprematist Composition,Suprematist Composition,Suprematist Composition,Suprematist Composition,Suprematist Composition,Suprematist Composition,Suprematist Composition,Suprematist Composition,Suprematist Composition,Suprematist Composition,Suprematist Composition,Portrait of a Halberdier,Acrobate et jeune arlequin,Police Gazette,Le Reve,Le Reve,Le Reve,Le Reve,Le Reve,Le Reve,Le Reve,Le Reve,Le Reve,Police Gazette,Salvator Mundi,The Gross Clinic,Dora Maar au Chat,Suprematist Composition,Suprematist Composition,Suprematist Composition,Suprematist Composition,Suprematist Composition,Suprematist Composition,Suprematist Composition,Suprematist Composition,Suprematist Composition,Suprematist Composition,Suprematist Composition,Suprematist Composition,Suprematist Composition,Suprematist Composition,Suprematist Composition,Suprematist Composition,Suprematist Composition
Suprematist Composition,Suprematist Composition,Suprematist Composition,Suprematist Composition,Suprematist Composition,Suprematist Composition,Suprematist Composition,Suprematist Composition,Suprematist Composition,Suprematist Composition,Suprematist Composition,Suprematist Composition,Suprematist Composition,Suprematist Composition,Suprematist Composition,Suprematist Composition,Dora Maar au Chat,Garcon a la pipe,Police Gazette,Le Reve,Le Reve,Le Reve,Le Reve,Le Reve,Le Reve,Le Reve,Le Reve,Le Reve,Le Reve,Le Reve,Garcon a la pipe,The Gross Clinic,Dora Maar au Chat,Suprematist Composition,Suprematist Composition,Suprematist Composition,Suprematist Composition,Suprematist Composition,Suprematist Composition,Suprematist Composition,Suprematist Composition,Suprematist Composition,Suprematist Composition,Suprematist Composition,Suprematist Composition,Suprematist Composition,Suprematist Composition,Suprematist Composition,Suprematist Composition,Suprematist Composition
Suprematist Composition,Suprematist Composition,Suprematist Composition,Eagle Standing on Pine Tree,Eagle Standing on Pine Tree,Suprematist Composition,Eagle Standing on Pine Tree,Suprematist Composition,Suprematist Composition,Suprematist Composition,Suprematist Composition,Suprematist Composition,Suprematist Composition,Suprematist Composition,Suprematist Composition,Adele Bloch-Bauer II,Portrait of a Halberdier,Le Reve,Le Reve,Le Reve,Le Reve,Le Reve,Le Reve,Le Reve,Le Reve,Le Reve,Le Reve,Le Reve,Le Reve,Le Reve,Police Gazette,Salvator Mundi,The Gross Clinic,"Triptych, 1976",Suprematist Composition,Suprematist Composition,Suprematist Composition,Suprematist Composition,Suprematist Composition,Suprematist Composition,Suprematist Composition,Suprematist Composition,Suprematist Composition,Suprematist Composition,Suprematist Composition,Suprematist Composition,Suprematist Composition,Suprematist Composition,Suprematist Composition,Suprematist Composition
Suprematist Composition,Suprematist Composition,Suprematist Composition,Suprematist Composition,Eagle Standing on Pine Tree,Suprematist Composition,Eagle Standing on Pine Tree,Suprematist Composition,Suprematist Composition,Suprematist Composition,Suprematist Composition,Suprematist Composition,Suprematist Composition,Suprematist Composition,Suprematist Composition,Dora Maar au Chat,Acrobate et jeune arlequin,Le Reve,Le Reve,Le Reve,Le Reve,Le Reve,Le Reve,Le Reve,Le Reve,Le Reve,Le Reve,Le Reve,Le Reve,Le Reve,Le Reve,Garcon a la pipe,The Gross Clinic,Dora Maar au Chat,Suprematist Composition,Suprematist Composition,Suprematist Composition,Suprematist Composition,Suprematist Composition,Suprematist Composition,Suprematist Composition,Suprematist Composition,Suprematist Composition,Suprematist Composition,Suprematist Composition,Suprematist Composition,Suprematist Composition,Suprematist Composition,Suprematist Composition,Suprematist Composition
Suprematist Composition,Suprematist Composition,Suprematist Composition,Suprematist Composition,Suprematist Composition,Eagle Standing on Pine Tree,Suprematist Composition,Eagle Standing on Pine Tree,Suprematist Composition,Suprematist Composition,Suprematist Composition,Suprematist Composition,Suprematist Composition,Suprematist Composition,Suprematist Composition,Dora Maar au Chat,The Scream,Le Reve,Le Reve,Le Reve,Le Reve,Le Reve,Le Reve,Le Reve,Le Reve,Le Reve,Le Reve,Le Reve,Le Reve,Le Reve,Le Reve,Diana and Actaeon,Portrait of a Halberdier,Dora Maar au Chat,Suprematist Composition,Suprematist Composition,Suprematist Composition,Suprematist Composition,Suprematist Composition,Suprematist Composition,Suprematist Composition,Suprematist Composition,Suprematist Composition,Suprematist Composition,Suprematist Composition,Suprematist Composition,Suprematist Composition,Suprematist Composition,Suprematist Composition,Suprematist Composition
Suprematist Composition,Suprematist Composition,Suprematist Composition,Suprematist Composition,Eagle Standing on Pine Tree,Eagle Standing on Pine Tree,Suprematist Composition,Suprematist Composition,Suprematist Composition,Suprematist Composition,Suprematist Composition,Suprematist Composition,Suprematist Composition,Suprematist Composition,Suprematist Composition,Portrait of a Halberdier,Femme assise dans un jardin,Le Reve,Le Reve,Le Reve,Le Reve,Flag,Flag,Le Reve,Flag,Flag,Flag,Le Reve,Le Reve,Le Reve,Le Reve,Acrobate et jeune arlequin,Dora Maar au Chat,Dora Maar au Chat,Suprematist Composition,Suprematist Composition,Suprematist Composition,Suprematist Composition,Suprematist Composition,Suprematist Composition,Suprematist Composition,Suprematist Composition,Suprematist Composition,Suprematist Composition,Suprematist Composition,Suprematist Composition,Suprematist Composition,Suprematist Composition,Suprematist Composition,Suprematist Composition
Suprematist Composition,Suprematist Composition,Suprematist Composition,Suprematist Composition,Suprematist Composition,Suprematist Composition,Suprematist Composition,Suprematist Composition,Suprematist Composition,Suprematist Composition,Suprematist Composition,Suprematist Composition,Suprematist Composition,Suprematist Composition,Suprematist Composition,Acrobate et jeune arlequin,Femme assise dans un jardin,Le Reve,Le Reve,Le Reve,Le Reve,Le Reve,Flag,Flag,Le Reve,Le Reve,Le Reve,Le Reve,Le Reve,Le Reve,Le Reve,Acrobate et jeune arlequin,Portrait of a Halberdier,Dora Maar au Chat,Suprematist Composition,Suprematist Composition,Suprematist Composition,Suprematist Composition,Suprematist Composition,Suprematist Composition,Suprematist Composition,Suprematist Composition,Suprematist Composition,Suprematist Composition,Suprematist Composition,Suprematist Composition,Suprematist Composition,Suprematist Composition,Suprematist Composition,Suprematist Composition
Suprematist Composition,Suprematist Composition,Suprematist Composition,Suprematist Composition,Suprematist Composition,Suprematist Composition,Suprematist Composition,Suprematist Composition,Suprematist Composition,Suprematist Composition,Suprematist Composition,Suprematist Composition,Suprematist Composition,Suprematist Composition,Suprematist Composition,Acrobate et jeune arlequin,Femme assise dans un jardin,Le Reve,Le Reve,Le Reve,Le Reve,Le Reve,Le Reve,Le Reve,Le Reve,Le Reve,Le Reve,Le Reve,Le Reve,Le Reve,Le Reve,Le Reve,Acrobate et jeune arlequin,Dora Maar au Chat,Suprematist Composition,Suprematist Composition,Suprematist Composition,Suprematist Composition,Suprematist Composition,Suprematist Composition,Suprematist Composition,Suprematist Composition,Suprematist Composition,Suprematist Composition,Suprematist Composition,Suprematist Composition,Suprematist Composition,Suprematist Composition,Suprematist Composition,Suprematist Composition
Suprematist Composition,Suprematist Composition,Suprematist Composition,Suprematist Composition,Suprematist Composition,Suprematist Composition,Suprematist Composition,Suprematist Composition,Suprematist Composition,Suprematist Composition,Suprematist Composition,Suprematist Composition,Suprematist Composition,Suprematist Composition,Suprematist Composition,Femme assise dans un jardin,Flag,Le Reve,Le Reve,Le Reve,Le Reve,Le Reve,Le Reve,Le Reve,Le Reve,Le Reve,Le Reve,Le Reve,Le Reve,Le Reve,Le Reve,Le Reve,Acrobate et jeune arlequin,Darmstadt Madonna,Suprematist Composition,Suprematist Composition,Suprematist Composition,Suprematist Composition,Suprematist Composition,Suprematist Composition,Suprematist Composition,Suprematist Composition,Suprematist Composition,Suprematist Composition,Suprematist Composition,Suprematist Composition,Suprematist Composition,Suprematist Composition,Suprematist Composition,Suprematist Composition
Suprematist Composition,Suprematist Composition,Suprematist Composition,Suprematist Composition,Suprematist Composition,Suprematist Composition,Suprematist Composition,Suprematist Composition,Suprematist Composition,Suprematist Composition,Suprematist Composition,Suprematist Composition,Suprematist Composition,Suprematist Composition,Le Reve,Flag,Le Reve,Le Reve,Le Reve,Acrobate et jeune arlequin,Femme assise dans un jardin,Le Reve,Le Reve,Le Reve,Le Reve,Le Reve,Le Reve,Diana and Actaeon,Police Gazette,Le Reve,Le Reve,Le Reve,Acrobate et jeune arlequin,Acrobate et jeune arlequin,Flag,Suprematist Composition,Suprematist Composition,Suprematist Composition,Suprematist Composition,Suprematist Composition,Suprematist Composition,Suprematist Composition,Suprematist Composition,Suprematist Composition,Suprematist Composition,Suprematist Composition,Suprematist Composition,Suprematist Composition,Suprematist Composition,Suprematist Composition
Suprematist Composition,Suprematist Composition,Suprematist Composition,Suprematist Composition,Suprematist Composition,Suprematist Composition,Suprematist Composition,Suprematist Composition,Suprematist Composition,Suprematist Composition,Suprematist Composition,Suprematist Composition,Suprematist Composition,Suprematist Composition,Le Reve,Flag,Le Reve,Le Reve,Le Reve,Le Reve,Le Reve,Le Reve,Le Reve,Le Reve,Le Reve,Le Reve,Le Reve,Flag,Le Reve,Le Reve,Le Reve,Le Reve,Untitled,Untitled,Untitled,Suprematist Composition,Suprematist Composition,Suprematist Composition,Suprematist Composition,Suprematist Composition,Suprematist Composition,Suprematist Composition,Suprematist Composition,Suprematist Composition,Suprematist Composition,Suprematist Composition,Suprematist Composition,Suprematist Composition,Suprematist Composition,Suprematist Composition
Suprematist Composition,Suprematist Composition,Suprematist Composition,Suprematist Composition,Suprematist Composition,Suprematist Composition,Suprematist Composition,Suprematist Composition,Suprematist Composition,Suprematist Composition,Suprematist Composition,Suprematist Composition,Suprematist Composition,Suprematist Composition,Le Reve,Flag,Le Reve,Le Reve,Le Reve,Le Reve,Le Reve,Le Reve,Le Reve,Le Reve,Le Reve,Le Reve,Le Reve,Le Reve,Le Reve,Le Reve,Le Reve,Le Reve,Flag,Le Reve,Le Reve,Suprematist Composition,Suprematist Composition,Suprematist Composition,Suprematist Composition,Suprematist Composition,Suprematist Composition,Suprematist Composition,Suprematist Composition,Suprematist Composition,Suprematist Composition,Suprematist Composition,Suprematist Composition,Suprematist Composition,Suprematist Composition,Suprematist Composition
Suprematist Composition,Suprematist Composition,Suprematist Composition,Suprematist Composition,Suprematist Composition,Suprematist Composition,Suprematist Composition,Suprematist Composition,Suprematist Composition,Suprematist Composition,Suprematist Composition,Suprematist Composition,Suprematist Composition,Suprematist Composition,No 1 (Royal Red and Blue),Flag,Le Reve,Le Reve,Le Reve,Le Reve,Le Reve,Le Reve,Le Reve,Le Reve,Le Reve,Le Reve,Le Reve,Le Reve,Le Reve,Le Reve,Le Reve,Le Reve,Untitled,No 1 (Royal Red and Blue),Flag,Suprematist Composition,Suprematist Composition,Suprematist Composition,Suprematist Composition,Suprematist Composition,Suprematist Composition,Suprematist Composition,Suprematist Composition,Suprematist Composition,Suprematist Composition,Suprematist Composition,Suprematist Composition,Suprematist Composition,Suprematist Composition,Suprematist Composition
Suprematist Composition,Suprematist Composition,Suprematist Composition,Suprematist Composition,Suprematist Composition,Suprematist Composition,Suprematist Composition,Suprematist Composition,Suprematist Composition,Suprematist Composition,Suprematist Composition,Suprematist Composition,Suprematist Composition,Suprematist Composition,No 1 (Royal Red and Blue),Flag,Untitled,Le Reve,Le Reve,Le Reve,Le Reve,Le Reve,Le Reve,Le Reve,Le Reve,Le Reve,Le Reve,Le Reve,Le Reve,Le Reve,Le Reve,Le Reve,Acrobate et jeune arlequin,No 1 (Royal Red and Blue),Eagle Standing on Pine Tree,Suprematist Composition,Suprematist Composition,Suprematist Composition,Suprematist Composition,Suprematist Composition,Suprematist Composition,Suprematist Composition,Suprematist Composition,Suprematist Composition,Suprematist Composition,Suprematist Composition,Suprematist Composition,Suprematist Composition,Suprematist Composition,Suprematist Composition
Suprematist Composition,Suprematist Composition,Suprematist Composition,Suprematist Composition,Suprematist Composition,Suprematist Composition,Suprematist Composition,Suprematist Composition,Suprematist Composition,Suprematist Composition,Suprematist Composition,Suprematist Composition,Suprematist Composition,Suprematist Composition,Flag,Femme assise dans un jardin,Untitled,Le Reve,Le Reve,Le Reve,Le Reve,Le Reve,Nude Sitting on a Divan,Le Reve,Nude Sitting on a Divan,No 1 (Royal Red and Blue),Le Reve,Le Reve,Le Reve,Le Reve,Le Reve,Untitled,Police Gazette,Le Reve,Suprematist Composition,Suprematist Composition,Suprematist Composition,Suprematist Composition,Suprematist Composition,Suprematist Composition,Suprematist Composition,Suprematist Composition,Suprematist Composition,Suprematist Composition,Suprematist Composition,Suprematist Composition,Suprematist Composition,Suprematist Composition,Suprematist Composition,Suprematist Composition
Suprematist Composition,Suprematist Composition,Suprematist Composition,Suprematist Composition,Suprematist Composition,Suprematist Composition,Suprematist Composition,Suprematist Composition,Suprematist Composition,Suprematist Composition,Suprematist Composition,Suprematist Composition,Suprematist Composition,Suprematist Composition,Flag,Le Reve,Untitled,Le Reve,Le Reve,Le Reve,Le Reve,Le Reve,Le Reve,Le Reve,Le Reve,Le Reve,Le Reve,Le Reve,Le Reve,Le Reve,Untitled,Untitled,Le Reve,Le Reve,Suprematist Composition,Suprematist Composition,Suprematist Composition,Suprematist Composition,Suprematist Composition,Suprematist Composition,Suprematist Composition,Suprematist Composition,Suprematist Composition,Suprematist Composition,Suprematist Composition,Suprematist Composition,Suprematist Composition,Suprematist Composition,Suprematist Composition,Suprematist Composition
Suprematist Composition,Suprematist Composition,Suprematist Composition,Suprematist Composition,Suprematist Composition,Suprematist Composition,Suprematist Composition,Suprematist Composition,Suprematist Composition,Suprematist Composition,Suprematist Composition,Suprematist Composition,Suprematist Composition,Suprematist Composition,Eagle Standing on Pine Tree,Le Reve,Untitled,Le Reve,Le Reve,Le Reve,Le Reve,Police Gazette,Police Gazette,Le Reve,Police Gazette,Garcon a la pipe,Le Reve,Le Reve,Le Reve,Le Reve,Untitled,Untitled,Le Reve,Le Reve,Suprematist Composition,Suprematist Composition,Suprematist Composition,Suprematist Composition,Suprematist Composition,Suprematist Composition,Suprematist Composition,Suprematist Composition,Suprematist Composition,Suprematist Composition,Suprematist Composition,Suprematist Composition,Suprematist Composition,Suprematist Composition,Suprematist Composition,Suprematist Composition
Suprematist Composition,Suprematist Composition,Suprematist Composition,Suprematist Composition,Suprematist Composition,Suprematist Composition,Suprematist Composition,Suprematist Composition,Suprematist Composition,Suprematist Composition,Suprematist Composition,Suprematist Composition,Suprematist Composition,Suprematist Composition,Suprematist Composition,Suprematist Composition,Adele Bloch-Bauer II,Le Reve,Le Reve,Le Reve,Garcon a la pipe,Garcon a la pipe,Garcon a la pipe,Untitled,Police Gazette,Police Gazette,Police Gazette,Garcon a la pipe,Le Reve,Le Reve,Untitled,Adele Bloch-Bauer II,Suprematist Composition,Suprematist Composition,Suprematist Composition,Suprematist Composition,Suprematist Composition,Suprematist Composition,Suprematist Composition,Suprematist Composition,Suprematist Composition,Suprematist Composition,Suprematist Composition,Suprematist Composition,Suprematist Composition,Suprematist Composition,Suprematist Composition,Suprematist Composition,Suprematist Composition,Suprematist Composition
Suprematist Composition,Suprematist Composition,Suprematist Composition,Suprematist Composition,Suprematist Composition,Suprematist Composition,Suprematist Composition,Suprematist Composition,Suprematist Composition,Suprematist Composition,Suprematist Composition,Suprematist Composition,Suprematist Composition,Suprematist Composition,Suprematist Composition,Suprematist Composition,Suprematist Composition,Untitled,Le Reve,Police Gazette,Garcon a la pipe,No 1 (Royal Red and Blue),No 1 (Royal Red and Blue),No 1 (Royal Red and Blue),No 1 (Royal Red and Blue),No 1 (Royal Red and Blue),No 1 (Royal Red and Blue),Police Gazette,Le Reve,Le Reve,Untitled,Adele Bloch-Bauer II,Suprematist Composition,Suprematist Composition,Suprematist Composition,Suprematist Composition,Suprematist Composition,Suprematist Composition,Suprematist Composition,Suprematist Composition,Suprematist Composition,Suprematist Composition,Suprematist Composition,Suprematist Composition,Suprematist Composition,Suprematist Composition,Suprematist Composition,Suprematist Composition,Suprematist Composition,Suprematist Composition
Suprematist Composition,Suprematist Composition,Suprematist Composition,Suprematist Composition,Suprematist Composition,Suprematist Composition,Suprematist Composition,Suprematist Composition,Suprematist Composition,Suprematist Composition,Suprematist Composition,Suprematist Composition,Suprematist Composition,Suprematist Composition,Suprematist Composition,Suprematist Composition,Suprematist Composition,Untitled,Le Reve,Le Reve,Le Reve,No 1 (Royal Red and Blue),Le Reve,Le Reve,Le Reve,Le Reve,Le Reve,Le Reve,Le Reve,Le Reve,Acrobate et jeune arlequin,Flag,Suprematist Composition,Suprematist Composition,Suprematist Composition,Suprematist Composition,Suprematist Composition,Suprematist Composition,Suprematist Composition,Suprematist Composition,Suprematist Composition,Suprematist Composition,Suprematist Composition,Suprematist Composition,Suprematist Composition,Suprematist Composition,Suprematist Composition,Suprematist Composition,Suprematist Composition,Suprematist Composition
Suprematist Composition,Suprematist Composition,Suprematist Composition,Suprematist Composition,Suprematist Composition,Suprematist Composition,Suprematist Composition,Suprematist Composition,Suprematist Composition,Suprematist Composition,Suprematist Composition,Suprematist Composition,Suprematist Composition,Suprematist Composition,Suprematist Composition,Suprematist Composition,Suprematist Composition,Acrobate et jeune arlequin,Le Reve,Le Reve,Le Reve,Le Reve,Le Reve,Le Reve,Le Reve,Le Reve,Le Reve,Le Reve,Le Reve,Le Reve,Acrobate et jeune arlequin,Untitled,Suprematist Composition,Suprematist Composition,Suprematist Composition,Suprematist Composition,Suprematist Composition,Suprematist Composition,Suprematist Composition,Suprematist Composition,Suprematist Composition,Suprematist Composition,Suprematist Composition,Suprematist Composition,Suprematist Composition,Suprematist Composition,Suprematist Composition,Suprematist Composition,Suprematist Composition,Suprematist Composition
Suprematist Composition,Suprematist Composition,Suprematist Composition,Suprematist Composition,Suprematist Composition,Suprematist Composition,Suprematist Composition,Suprematist Composition,Suprematist Composition,Suprematist Composition,Suprematist Composition,Suprematist Composition,Suprematist Composition,Suprematist Composition,Suprematist Composition,Suprematist Composition,Suprematist Composition,Flag,Untitled,Le Reve,Le Reve,Le Reve,Police Gazette,Nude Sitting on a Divan,Nude Sitting on a Divan,Le Reve,Le Reve,Le Reve,Le Reve,Police Gazette,Police Gazette,Untitled,Suprematist Composition,Suprematist Composition,Suprematist Composition,Suprematist Composition,Suprematist Composition,Suprematist Composition,Suprematist Composition,Suprematist Composition,Suprematist Composition,Suprematist Composition,Suprematist Composition,Suprematist Composition,Suprematist Composition,Suprematist Composition,Suprematist Composition,Suprematist Composition,Suprematist Composition,Suprematist Composition
Suprematist Composition,Suprematist Composition,Suprematist Composition,Suprematist Composition,Suprematist Composition,Suprematist Composition,Suprematist Composition,Suprematist Composition,Suprematist Composition,Suprematist Composition,Suprematist Composition,Suprematist Composition,Suprematist Composition,Suprematist Composition,Suprematist Composition,Suprematist Composition,Suprematist Composition,Eagle Standing on Pine Tree,Garcon a la pipe,Acrobate et jeune arlequin,Le Reve,Le Reve,Le Reve,No 1 (Royal Red and Blue),Le Reve,Le Reve,Le Reve,Le Reve,Acrobate et jeune arlequin,Police Gazette,Police Gazette,Le Reve,Nude Green Leaves and Bust,Suprematist Composition,Suprematist Composition,Suprematist Composition,Suprematist Composition,Suprematist Composition,Suprematist Composition,Suprematist Composition,Suprematist Composition,Suprematist Composition,Suprematist Composition,Suprematist Composition,Suprematist Composition,Suprematist Composition,Suprematist Composition,Suprematist Composition,Suprematist Composition,Suprematist Composition
Suprematist Composition,Suprematist Composition,Suprematist Composition,Suprematist Composition,Suprematist Composition,Suprematist Composition,Suprematist Composition,Suprematist Composition,Suprematist Composition,Suprematist Composition,Suprematist Composition,Suprematist Composition,Suprematist Composition,Suprematist Composition,Suprematist Composition,Suprematist Composition,Suprematist Composition,Suprematist Composition,Police Gazette,Garcon a la pipe,No. 5 1948,Police Gazette,Le Reve,Le Reve,Le Reve,Le Reve,Le Reve,Diana and Actaeon,Garcon a la pipe,Police Gazette,Le Reve,Le Reve,Silver Car Crash (Double Disaster),Nude Green Leaves and Bust,Suprematist Composition,Suprematist Composition,Suprematist Composition,Suprematist Composition,Suprematist Composition,Suprematist Composition,Suprematist Composition,Suprematist Composition,Suprematist Composition,Suprematist Composition,Suprematist Composition,Suprematist Composition,Suprematist Composition,Suprematist Composition,Suprematist Composition,Suprematist Composition
Suprematist Composition,Suprematist Composition,Suprematist Composition,Suprematist Composition,Suprematist Composition,Suprematist Composition,Suprematist Composition,Suprematist Composition,Suprematist Composition,Suprematist Composition,Suprematist Composition,Suprematist Composition,Suprematist Composition,Suprematist Composition,Suprematist Composition,Suprematist Composition,Suprematist Composition,Suprematist Composition,Le Reve,Police Gazette,Garcon a la pipe,Diana and Actaeon,Garcon a la pipe,Garcon a la pipe,Garcon a la pipe,Garcon a la pipe,Garcon a la pipe,Garcon a la pipe,Police Gazette,Le Reve,Le Reve,Flag,Suprematist Composition,The Gross Clinic,Bal du moulin de la Galette,Silver Car Crash (Double Disaster),Suprematist Composition,Suprematist Composition,Suprematist Composition,Suprematist Composition,Suprematist Composition,Suprematist Composition,Suprematist Composition,Suprematist Composition,Suprematist Composition,Suprematist Composition,Suprematist Composition,Suprematist Composition,Suprematist Composition,Suprematist Composition
Suprematist Composition,Suprematist Composition,Suprematist Composition,Suprematist Composition,Suprematist Composition,Suprematist Composition,Suprematist Composition,Suprematist Composition,Suprematist Composition,Suprematist Composition,Suprematist Composition,Suprematist Composition,Suprematist Composition,Suprematist Composition,Suprematist Composition,Suprematist Composition,Silver Car Crash (Double Disaster),Silver Car Crash (Double Disaster),Femme assise dans un jardin,Le Reve,Police Gazette,Garcon a la pipe,Garcon a la pipe,Garcon a la pipe,The Card Players,Garcon a la pipe,Garcon a la pipe,Police Gazette,Le Reve,Le Reve,Le Reve,Suprematist Composition,Suprematist Composition,The Gross Clinic,The Gross Clinic,The Gross Clinic,The Gross Clinic,Les Noces de Pierrette,Nude Green Leaves and Bust,Suprematist Composition,Suprematist Composition,Suprematist Composition,Suprematist Composition,Suprematist Composition,Suprematist Composition,Suprematist Composition,Suprematist Composition,Suprematist Composition,Suprematist Composition,Suprematist Composition
Suprematist Composition,Suprematist Composition,Suprematist Composition,Suprematist Composition,Suprematist Composition,Suprematist Composition,Suprematist Composition,Suprematist Composition,Suprematist Composition,Suprematist Composition,Suprematist Composition,Suprematist Composition,Suprematist Composition,Suprematist Composition,Suprematist Composition,Nude Green Leaves and Bust,The Gross Clinic,Nude Green Leaves and Bust,Flag,Le Reve,Le Reve,Le Reve,Nude Sitting on a Divan,Nude Sitting on a Divan,Nude Sitting on a Divan,Police Gazette,Police Gazette,Le Reve,Le Reve,Le Reve,Eagle Standing on Pine Tree,Suprematist Composition,Suprematist Composition,The Gross Clinic,The Gross Clinic,The Gross Clinic,The Gross Clinic,The Gross Clinic,The Gross Clinic,The Gross Clinic,Bal du moulin de la Galette,Nude Green Leaves and Bust,Silver Car Crash (Double Disaster),Suprematist Composition,Suprematist Composition,Suprematist Composition,Suprematist Composition,Suprematist Composition,Suprematist Composition,Suprematist Composition
Suprematist Composition,Suprematist Composition,Suprematist Composition,Suprematist Composition,Suprematist Composition,Suprematist Composition,Suprematist Composition,Suprematist Composition,Suprematist Composition,Suprematist Composition,Suprematist Composition,Suprematist Composition,Suprematist Composition,Silver Car Crash (Double Disaster),Bal du moulin de la Galette,The Gross Clinic,The Gross Clinic,Les Noces de Pierrette,Suprematist Composition,Le Reve,Le Reve,Le Reve,Le Reve,Le Reve,Nude Sitting on a Divan,Police Gazette,Le Reve,Le Reve,Le Reve,Eagle Standing on Pine Tree,Suprematist Composition,Suprematist Composition,Suprematist Composition,The Gross Clinic,The Gross Clinic,The Gross Clinic,The Gross Clinic,The Gross Clinic,The Gross Clinic,The Gross Clinic,The Gross Clinic,The Gross Clinic,The Gross Clinic,The Gross Clinic,Les Noces de Pierrette,Nude Green Leaves and Bust,Suprematist Composition,Suprematist Composition,Suprematist Composition,Suprematist Composition
Suprematist Composition,Suprematist Composition,Suprematist Composition,Suprematist Composition,Suprematist Composition,Suprematist Composition,Suprematist Composition,Suprematist Composition,Suprematist Composition,Suprematist Composition,Suprematist Composition,Silver Car Crash (Double Disaster),Bal du moulin de la Galette,The Gross Clinic,The Gross Clinic,The Gross Clinic,The Gross Clinic,Bal du moulin de la Galette,Suprematist Composition,Eagle Standing on Pine Tree,Le Reve,Le Reve,Le Reve,Le Reve,Le Reve,False Start,Le Reve,Le Reve,Flag,Suprematist Composition,Suprematist Composition,Suprematist Composition,Suprematist Composition,The Gross Clinic,The Gross Clinic,The Gross Clinic,The Gross Clinic,The Gross Clinic,The Gross Clinic,The Gross Clinic,The Gross Clinic,The Gross Clinic,The Gross Clinic,The Gross Clinic,The Gross Clinic,The Gross Clinic,The Gross Clinic,The Gross Clinic,Les Noces de Pierrette,Silver Car Crash (Double Disaster)
Suprematist Composition,Suprematist Composition,Suprematist Composition,Suprematist Composition,Suprematist Composition,Suprematist Composition,Suprematist Composition,Suprematist Composition,Suprematist Composition,Silver Car Crash (Double Disaster),The Gross Clinic,The Gross Clinic,The Gross Clinic,The Gross Clinic,The Gross Clinic,The Gross Clinic,The Gross Clinic,The Gross Clinic,Suprematist Composition,Suprematist Composition,Suprematist Composition,Flag,Le Reve,Le Reve,Le Reve,Le Reve,Le Reve,Flag,Suprematist Composition,Suprematist Composition,Suprematist Composition,Suprematist Composition,Suprematist Composition,The Gross Clinic,The Gross Clinic,The Gross Clinic,The Gross Clinic,The Gross Clinic,The Gross Clinic,The Gross Clinic,The Gross Clinic,The Gross Clinic,The Gross Clinic,The Gross Clinic,The Gross Clinic,The Gross Clinic,The Gross Clinic,The Gross Clinic,The Gross Clinic,The Gross Clinic
Suprematist Composition,Suprematist Composition,Suprematist Composition,Suprematist Composition,Suprematist Composition,Suprematist Composition,Suprematist Composition,Nude Green Leaves and Bust,The Gross Clinic,The Gross Clinic,The Gross Clinic,The Gross Clinic,The Gross Clinic,The Gross Clinic,The Gross Clinic,The Gross Clinic,The Gross Clinic,Bal du moulin de la Galette,Suprematist Composition,Suprematist Composition,Suprematist Composition,Suprematist Composition,Eagle Standing on Pine Tree,Le Reve,"White Center (Yellow, Pink and Lavender on Rose)","White Center (Yellow, Pink and Lavender on Rose)",Le Reve,Suprematist Composition,Suprematist Composition,Suprematist Composition,Suprematist Composition,Suprematist Composition,Suprematist Composition,The Gross Clinic,The Gross Clinic,The Gross Clinic,The Gross Clinic,The Gross Clinic,The Gross Clinic,The Gross Clinic,The Gross Clinic,The Gross Clinic,The Gross Clinic,The Gross Clinic,The Gross Clinic,The Gross Clinic,The Gross Clinic,The Gross Clinic,The Gross Clinic,The Gross Clinic
Suprematist Composition,Suprematist Composition,Suprematist Composition,Suprematist Composition,Suprematist Composition,Les Noces de Pierrette,The Gross Clinic,The Gross Clinic,The Gross Clinic,The Gross Clinic,The Gross Clinic,The Gross Clinic,The Gross Clinic,The Gross Clinic,The Gross Clinic,The Gross Clinic,The Gross Clinic,Les Noces de Pierrette,Suprematist Composition,Suprematist Composition,Suprematist Composition,Suprematist Composition,Suprematist Composition,Suprematist Composition,Eagle Standing on Pine Tree,Flag,Suprematist Composition,Suprematist Composition,Suprematist Composition,Suprematist Composition,Suprematist Composition,Suprematist Composition,Suprematist Composition,Bal du moulin de la Galette,The Gross Clinic,The Gross Clinic,The Gross Clinic,The Gross Clinic,The Gross Clinic,The Gross Clinic,The Gross Clinic,The Gross Clinic,The Gross Clinic,The Gross Clinic,The Gross Clinic,The Gross Clinic,The Gross Clinic,The Gross Clinic,The Gross Clinic,The Gross Clinic
Suprematist Composition,Suprematist Composition,Suprematist Composition,Bal du moulin de la Galette,The Gross Clinic,The Gross Clinic,The Gross Clinic,The Gross Clinic,The Gross Clinic,The Gross Clinic,The Gross Clinic,The Gross Clinic,The Gross Clinic,The Gross Clinic,The Gross Clinic,The Gross Clinic,The Gross Clinic,Les Noces de Pierrette,Suprematist Composition,Suprematist Composition,Suprematist Composition,Suprematist Composition,Suprematist Composition,Silver Car Crash (Double Disaster),Les Noces de Pierrette,Les Noces de Pierrette,Nude Green Leaves and Bust,Suprematist Composition,Suprematist Composition,Suprematist Composition,Suprematist Composition,Suprematist Composition,Suprematist Composition,Bal du moulin de la Galette,The Gross Clinic,The Gross Clinic,The Gross Clinic,The Gross Clinic,The Gross Clinic,The Gross Clinic,The Gross Clinic,The Gross Clinic,The Gross Clinic,The Gross Clinic,The Gross Clinic,The Gross Clinic,The Gross Clinic,The Gross Clinic,The Gross Clinic,The Gross Clinic
Suprematist Composition,Bal du moulin de la Galette,The Gross Clinic,The Gross Clinic,The Gross Clinic,The Gross Clinic,The Gross Clinic,The Gross Clinic,The Gross Clinic,The Gross Clinic,The Gross Clinic,The Gross Clinic,The Gross Clinic,The Gross Clinic,The Gross Clinic,The Gross Clinic,The Gross Clinic,Nude Green Leaves and Bust,Suprematist Composition,Suprematist Composition,Suprematist Composition,Suprematist Composition,Suprematist Composition,Les Noces de Pierrette,Les Noces de Pierrette,Les Noces de Pierrette,Les Noces de Pierrette,Les Noces de Pierrette,Suprematist Composition,Suprematist Composition,Suprematist Composition,Suprematist Composition,Suprematist Composition,Les Noces de Pierrette,The Gross Clinic,The Gross Clinic,The Gross Clinic,The Gross Clinic,The Gross Clinic,The Gross Clinic,The Gross Clinic,The Gross Clinic,The Gross Clinic,The Gross Clinic,The Gross Clinic,The Gross Clinic,The Gross Clinic,The Gross Clinic,The Gross Clinic,The Gross Clinic
The Gross Clinic,The Gross Clinic,The Gross Clinic,The Gross Clinic,The Gross Clinic,The Gross Clinic,The Gross Clinic,The Gross Clinic,The Gross Clinic,The Gross Clinic,The Gross Clinic,The Gross Clinic,The Gross Clinic,The Gross Clinic,The Gross Clinic,The Gross Clinic,The Gross Clinic,Nude Green Leaves and Bust,Suprematist Composition,Suprematist Composition,Suprematist Composition,Suprematist Composition,Les Noces de Pierrette,Les Noces de Pierrette,Les Noces de Pierrette,Les Noces de Pierrette,Bal du moulin de la Galette,Les Noces de Pierrette,Les Noces de Pierrette,Suprematist Composition,Suprematist Composition,Suprematist Composition,Suprematist Composition,Les Noces de Pierrette,The Gross Clinic,The Gross Clinic,The Gross Clinic,The Gross Clinic,The Gross Clinic,The Gross Clinic,The Gross Clinic,The Gross Clinic,The Gross Clinic,The Gross Clinic,The Gross Clinic,The Gross Clinic,The Gross Clinic,The Gross Clinic,The Gross Clinic,The Gross Clinic
The Gross Clinic,The Gross Clinic,The Gross Clinic,The Gross Clinic,The Gross Clinic,The Gross Clinic,The Gross Clinic,The Gross Clinic,The Gross Clinic,The Gross Clinic,The Gross Clinic,The Gross Clinic,The Gross Clinic,The Gross Clinic,The Gross Clinic,The Gross Clinic,The Gross Clinic,Nude Green Leaves and Bust,Suprematist Composition,Suprematist Composition,Suprematist Composition,Suprematist Composition,Suprematist Composition,Les Noces de Pierrette,Les Noces de Pierrette,Les Noces de Pierrette,Les Noces de Pierrette,Les Noces de Pierrette,Suprematist Composition,Suprematist Composition,Suprematist Composition,Suprematist Composition,Suprematist Composition,Les Noces de Pierrette,The Gross Clinic,The Gross Clinic,The Gross Clinic,The Gross Clinic,The Gross Clinic,The Gross Clinic,The Gross Clinic,The Gross Clinic,The Gross Clinic,The Gross Clinic,The Gross Clinic,The Gross Clinic,The Gross Clinic,The Gross Clinic,The Gross Clinic,The Gross Clinic
The Gross Clinic,The Gross Clinic,The Gross Clinic,The Gross Clinic,The Gross Clinic,The Gross Clinic,The Gross Clinic,The Gross Clinic,The Gross Clinic,The Gross Clinic,The Gross Clinic,The Gross Clinic,The Gross Clinic,The Gross Clinic,The Gross Clinic,The Gross Clinic,The Gross Clinic,Nude Green Leaves and Bust,Suprematist Composition,Suprematist Composition,Suprematist Composition,Suprematist Composition,Suprematist Composition,Silver Car Crash (Double Disaster),Les Noces de Pierrette,The Gross Clinic,Les Noces de Pierrette,Suprematist Composition,Suprematist Composition,Suprematist Composition,Suprematist Composition,Suprematist Composition,Suprematist Composition,Nude Green Leaves and Bust,The Gross Clinic,The Gross Clinic,The Gross Clinic,The Gross Clinic,The Gross Clinic,The Gross Clinic,The Gross Clinic,The Gross Clinic,The Gross Clinic,The Gross Clinic,The Gross Clinic,The Gross Clinic,The Gross Clinic,The Gross Clinic,The Gross Clinic,The Gross Clinic
The Gross Clinic,The Gross Clinic,The Gross Clinic,The Gross Clinic,The Gross Clinic,The Gross Clinic,The Gross Clinic,The Gross Clinic,The Gross Clinic,The Gross Clinic,The Gross Clinic,The Gross Clinic,The Gross Clinic,The Gross Clinic,The Gross Clinic,The Gross Clinic,The Gross Clinic,Silver Car Crash (Double Disaster),Suprematist Composition,Suprematist Composition,Suprematist Composition,Suprematist Composition,Suprematist Composition,Nude Green Leaves and Bust,Les Noces de Pierrette,The Gross Clinic,Les Noces de Pierrette,Silver Car Crash (Double Disaster),Suprematist Composition,Suprematist Composition,Suprematist Composition,Suprematist Composition,Suprematist Composition,Silver Car Crash (Double Disaster),The Gross Clinic,The Gross Clinic,The Gross Clinic,The Gross Clinic,The Gross Clinic,The Gross Clinic,The Gross Clinic,The Gross Clinic,The Gross Clinic,The Gross Clinic,The Gross Clinic,The Gross Clinic,The Gross Clinic,The Gross Clinic,The Gross Clinic,The Gross Clinic
The Gross Clinic,The Gross Clinic,The Gross Clinic,The Gross Clinic,The Gross Clinic,The Gross Clinic,The Gross Clinic,The Gross Clinic,The Gross Clinic,The Gross Clinic,The Gross Clinic,The Gross Clinic,The Gross Clinic,The Gross Clinic,The Gross Clinic,The Gross Clinic,The Gross Clinic,Silver Car Crash (Double Disaster),Suprematist Composition,Suprematist Composition,Suprematist Composition,Suprematist Composition,Suprematist Composition,Les Noces de Pierrette,Les Noces de Pierrette,The Gross Clinic,The Gross Clinic,Les Noces de Pierrette,Suprematist Composition,Suprematist Composition,Suprematist Composition,Suprematist Composition,Suprematist Composition,Silver Car Crash (Double Disaster),The Gross Clinic,The Gross Clinic,The Gross Clinic,The Gross Clinic,The Gross Clinic,The Gross Clinic,The Gross Clinic,The Gross Clinic,The Gross Clinic,The Gross Clinic,The Gross Clinic,The Gross Clinic,The Gross Clinic,The Gross Clinic,The Gross Clinic,The Gross Clinic
The Gross Clinic,The Gross Clinic,The Gross Clinic,The Gross Clinic,The Gross Clinic,The Gross Clinic,The Gross Clinic,The Gross Clinic,The Gross Clinic,The Gross Clinic,The Gross Clinic,The Gross Clinic,The Gross Clinic,The Gross Clinic,The Gross Clinic,The Gross Clinic,The Gross Clinic,Silver Car Crash (Double Disaster),Suprematist Composition,Suprematist Composition,Suprematist Composition,Suprematist Composition,Suprematist Composition,Les Noces de Pierrette,Les Noces de Pierrette,Les Noces de Pierrette,The Gross Clinic,Les Noces de Pierrette,Suprematist Composition,Suprematist Composition,Suprematist Composition,Suprematist Composition,Suprematist Composition,Suprematist Composition,The Gross Clinic,The Gross Clinic,The Gross Clinic,The Gross Clinic,The Gross Clinic,The Gross Clinic,The Gross Clinic,The Gross Clinic,The Gross Clinic,The Gross Clinic,The Gross Clinic,The Gross Clinic,The Gross Clinic,The Gross Clinic,The Gross Clinic,The Gross Clinic
The Gross Clinic,The Gross Clinic,The Gross Clinic,The Gross Clinic,The Gross Clinic,The Gross Clinic,The Gross Clinic,The Gross Clinic,The Gross Clinic,The Gross Clinic,The Gross Clinic,The Gross Clinic,The Gross Clinic,The Gross Clinic,The Gross Clinic,The Gross Clinic,The Gross Clinic,Nude Green Leaves and Bust,Suprematist Composition,Suprematist Composition,Suprematist Composition,Suprematist Composition,Silver Car Crash (Double Disaster),Les Noces de Pierrette,Les Noces de Pierrette,Les Noces de Pierrette,Les Noces de Pierrette,Les Noces de Pierrette,Les Noces de Pierrette,Suprematist Composition,Suprematist Composition,Suprematist Composition,Suprematist Composition,Suprematist Composition,The Gross Clinic,The Gross Clinic,The Gross Clinic,The Gross Clinic,The Gross Clinic,The Gross Clinic,The Gross Clinic,The Gross Clinic,The Gross Clinic,The Gross Clinic,The Gross Clinic,The Gross Clinic,The Gross Clinic,The Gross Clinic,The Gross Clinic,The Gross Clinic