"Portrait of Alfonso d'Avalos, Marquis of Vasto, in Armor with a Page",The Gross Clinic,The Gross Clinic,"Portrait of Alfonso d'Avalos, Marquis of Vasto, in Armor with a Page","Portrait of Alfonso d'Avalos, Marquis of Vasto, in Armor with a Page","Portrait of Alfonso d'Avalos, Marquis of Vasto, in Armor with a Page",Massacre of the Innocents,Salvator Mundi,Nude Sitting on a Divan,Nude Sitting on a Divan,Salvator Mundi,Salvator Mundi,Salvator Mundi,Massacre of the Innocents,Portrait of Adele Bloch-Bauer I,The Card Players,"Portrait of Alfonso d'Avalos, Marquis of Vasto, in Armor with a Page","Portrait of Alfonso d'Avalos, Marquis of Vasto, in Armor with a Page","Portrait of Alfonso d'Avalos, Marquis of Vasto, in Armor with a Page","Portrait of Alfonso d'Avalos, Marquis of Vasto, in Armor with a Page",The Gross Clinic,"Portrait of Alfonso d'Avalos, Marquis of Vasto, in Armor with a Page",The Gross Clinic,The Gross Clinic,The Gross Clinic,The Gross Clinic,The Gross Clinic,The Gross Clinic,"Portrait of Alfonso d'Avalos, Marquis of Vasto, in Armor with a Page",The Gross Clinic,The Gross Clinic,The Gross Clinic,The Gross Clinic,The Gross Clinic,The Gross Clinic,Salvator Mundi,Salvator Mundi,Salvator Mundi,Salvator Mundi,The Card Players,The Card Players,Nude Sitting on a Divan,Nude Sitting on a Divan,Massacre of the Innocents,Massacre of the Innocents,Salvator Mundi,The Gross Clinic,The Gross Clinic,The Gross Clinic,The Card Players
"Portrait of Alfonso d'Avalos, Marquis of Vasto, in Armor with a Page","Portrait of Alfonso d'Avalos, Marquis of Vasto, in Armor with a Page","Portrait of Alfonso d'Avalos, Marquis of Vasto, in Armor with a Page","Portrait of Alfonso d'Avalos, Marquis of Vasto, in Armor with a Page","Portrait of Alfonso d'Avalos, Marquis of Vasto, in Armor with a Page","Portrait of Alfonso d'Avalos, Marquis of Vasto, in Armor with a Page",Massacre of the Innocents,The Card Players,Portrait of Adele Bloch-Bauer I,Nude Sitting on a Divan,Nude Sitting on a Divan,Salvator Mundi,"Portrait of Alfonso d'Avalos, Marquis of Vasto, in Armor with a Page",Massacre of the Innocents,Portrait of Adele Bloch-Bauer I,The Card Players,"Portrait of Alfonso d'Avalos, Marquis of Vasto, in Armor with a Page","Portrait of Alfonso d'Avalos, Marquis of Vasto, in Armor with a Page","Portrait of Alfonso d'Avalos, Marquis of Vasto, in Armor with a Page","Portrait of Alfonso d'Avalos, Marquis of Vasto, in Armor with a Page",The Gross Clinic,"Portrait of Alfonso d'Avalos, Marquis of Vasto, in Armor with a Page",The Gross Clinic,Men in Her Life,Suprematist Composition,Suprematist Composition,Dora Maar au Chat,The Gross Clinic,"Portrait of Alfonso d'Avalos, Marquis of Vasto, in Armor with a Page",The Gross Clinic,The Gross Clinic,The Gross Clinic,The Gross Clinic,The Gross Clinic,The Gross Clinic,Salvator Mundi,Salvator Mundi,Salvator Mundi,Salvator Mundi,The Card Players,The Card Players,Nude Sitting on a Divan,Massacre of the Innocents,Massacre of the Innocents,Massacre of the Innocents,The Gross Clinic,Salvator Mundi,The Card Players,The Gross Clinic,The Gross Clinic
The Gross Clinic,"Portrait of Alfonso d'Avalos, Marquis of Vasto, in Armor with a Page","Portrait of Alfonso d'Avalos, Marquis of Vasto, in Armor with a Page",The Gross Clinic,"Portrait of Alfonso d'Avalos, Marquis of Vasto, in Armor with a Page","Portrait of Alfonso d'Avalos, Marquis of Vasto, in Armor with a Page",Massacre of the Innocents,Salvator Mundi,Massacre of the Innocents,Salvator Mundi,The Gross Clinic,"Portrait of Alfonso d'Avalos, Marquis of Vasto, in Armor with a Page","Portrait of Alfonso d'Avalos, Marquis of Vasto, in Armor with a Page",Massacre of the Innocents,Portrait of Adele Bloch-Bauer I,The Card Players,"Portrait of Alfonso d'Avalos, Marquis of Vasto, in Armor with a Page","Portrait of Alfonso d'Avalos, Marquis of Vasto, in Armor with a Page","Portrait of Alfonso d'Avalos, Marquis of Vasto, in Armor with a Page","Portrait of Alfonso d'Avalos, Marquis of Vasto, in Armor with a Page",The Gross Clinic,Suprematist Composition,Eagle Standing on Pine Tree,Eagle Standing on Pine Tree,Eagle Standing on Pine Tree,Eagle Standing on Pine Tree,Eagle Standing on Pine Tree,"Triptych, 1976",The Gross Clinic,The Gross Clinic,The Gross Clinic,The Gross Clinic,The Gross Clinic,The Gross Clinic,The Gross Clinic,Salvator Mundi,Salvator Mundi,Salvator Mundi,Salvator Mundi,Nude Sitting on a Divan,Nude Sitting on a Divan,Nude Sitting on a Divan,Massacre of the Innocents,Massacre of the Innocents,Massacre of the Innocents,The Gross Clinic,Massacre of the Innocents,Portrait of Adele Bloch-Bauer I,Salvator Mundi,The Gross Clinic
"Portrait of Alfonso d'Avalos, Marquis of Vasto, in Armor with a Page","Portrait of Alfonso d'Avalos, Marquis of Vasto, in Armor with a Page","Portrait of Alfonso d'Avalos, Marquis of Vasto, in Armor with a Page",The Gross Clinic,"Portrait of Alfonso d'Avalos, Marquis of Vasto, in Armor with a Page","Portrait of Alfonso d'Avalos, Marquis of Vasto, in Armor with a Page",Massacre of the Innocents,Salvator Mundi,"Portrait of Alfonso d'Avalos, Marquis of Vasto, in Armor with a Page","Portrait of Alfonso d'Avalos, Marquis of Vasto, in Armor with a Page",The Gross Clinic,"Portrait of Alfonso d'Avalos, Marquis of Vasto, in Armor with a Page","Portrait of Alfonso d'Avalos, Marquis of Vasto, in Armor with a Page",Massacre of the Innocents,Portrait of Adele Bloch-Bauer I,The Card Players,The Gross Clinic,The Gross Clinic,The Gross Clinic,The Gross Clinic,Eagle Standing on Pine Tree,Eagle Standing on Pine Tree,Eagle Standing on Pine Tree,Eagle Standing on Pine Tree,Eagle Standing on Pine Tree,Eagle Standing on Pine Tree,Eagle Standing on Pine Tree,Eagle Standing on Pine Tree,Dora Maar au Chat,The Gross Clinic,Salvator Mundi,The Gross Clinic,The Gross Clinic,The Gross Clinic,Salvator Mundi,Salvator Mundi,Salvator Mundi,Salvator Mundi,Salvator Mundi,The Card Players,Nude Sitting on a Divan,Nude Sitting on a Divan,Nude Sitting on a Divan,Massacre of the Innocents,Massacre of the Innocents,The Gross Clinic,Portrait of Adele Bloch-Bauer I,Portrait of Adele Bloch-Bauer I,Portrait of Adele Bloch-Bauer I,The Gross Clinic
"Portrait of Alfonso d'Avalos, Marquis of Vasto, in Armor with a Page","Portrait of Alfonso d'Avalos, Marquis of Vasto, in Armor with a Page","Portrait of Alfonso d'Avalos, Marquis of Vasto, in Armor with a Page",Salvator Mundi,Salvator Mundi,Salvator Mundi,Massacre of the Innocents,Massacre of the Innocents,Salvator Mundi,Salvator Mundi,Salvator Mundi,Salvator Mundi,Salvator Mundi,Massacre of the Innocents,Portrait of Adele Bloch-Bauer I,The Card Players,The Gross Clinic,The Gross Clinic,The Gross Clinic,Suprematist Composition,Eagle Standing on Pine Tree,Eagle Standing on Pine Tree,Eagle Standing on Pine Tree,Eagle Standing on Pine Tree,Eagle Standing on Pine Tree,Eagle Standing on Pine Tree,Eagle Standing on Pine Tree,Eagle Standing on Pine Tree,Eagle Standing on Pine Tree,Portrait of a Halberdier,The Gross Clinic,The Gross Clinic,The Gross Clinic,The Gross Clinic,Salvator Mundi,Salvator Mundi,Salvator Mundi,Salvator Mundi,Salvator Mundi,Nude Sitting on a Divan,Nude Sitting on a Divan,Nude Sitting on a Divan,Nude Sitting on a Divan,Portrait of Adele Bloch-Bauer I,Massacre of the Innocents,"Portrait of Alfonso d'Avalos, Marquis of Vasto, in Armor with a Page",Portrait of Adele Bloch-Bauer I,Portrait of Adele Bloch-Bauer I,Portrait of Adele Bloch-Bauer I,The Gross Clinic
Massacre of the Innocents,Massacre of the Innocents,Massacre of the Innocents,Massacre of the Innocents,Massacre of the Innocents,Massacre of the Innocents,Massacre of the Innocents,Massacre of the Innocents,Massacre of the Innocents,Massacre of the Innocents,Massacre of the Innocents,The Card Players,The Card Players,Massacre of the Innocents,Portrait of Adele Bloch-Bauer I,Massacre of the Innocents,"Portrait of Alfonso d'Avalos, Marquis of Vasto, in Armor with a Page",Salvator Mundi,No. 5 1948,Suprematist Composition,Eagle Standing on Pine Tree,Eagle Standing on Pine Tree,Eagle Standing on Pine Tree,Eagle Standing on Pine Tree,Eagle Standing on Pine Tree,Eagle Standing on Pine Tree,Eagle Standing on Pine Tree,Eagle Standing on Pine Tree,Eagle Standing on Pine Tree,Eagle Standing on Pine Tree,The Gross Clinic,The Gross Clinic,The Gross Clinic,The Gross Clinic,Salvator Mundi,Salvator Mundi,Salvator Mundi,Salvator Mundi,Nude Sitting on a Divan,Nude Sitting on a Divan,Nude Sitting on a Divan,Nude Sitting on a Divan,Portrait of Adele Bloch-Bauer I,Portrait of Adele Bloch-Bauer I,Portrait of Adele Bloch-Bauer I,Salvator Mundi,Portrait of Adele Bloch-Bauer I,Portrait of Adele Bloch-Bauer I,Portrait of Adele Bloch-Bauer I,"Portrait of Alfonso d'Avalos, Marquis of Vasto, in Armor with a Page"
Massacre of the Innocents,Massacre of the Innocents,The Card Players,The Card Players,The Card Players,The Card Players,Massacre of the Innocents,Massacre of the Innocents,Salvator Mundi,Salvator Mundi,"Portrait of Alfonso d'Avalos, Marquis of Vasto, in Armor with a Page","Portrait of Alfonso d'Avalos, Marquis of Vasto, in Armor with a Page","Portrait of Alfonso d'Avalos, Marquis of Vasto, in Armor with a Page",Massacre of the Innocents,Portrait of Adele Bloch-Bauer I,Massacre of the Innocents,"Portrait of Alfonso d'Avalos, Marquis of Vasto, in Armor with a Page","Portrait of Alfonso d'Avalos, Marquis of Vasto, in Armor with a Page",Adele Bloch-Bauer II,Suprematist Composition,Eagle Standing on Pine Tree,Eagle Standing on Pine Tree,Eagle Standing on Pine Tree,Eagle Standing on Pine Tree,Eagle Standing on Pine Tree,Eagle Standing on Pine Tree,Eagle Standing on Pine Tree,Eagle Standing on Pine Tree,Eagle Standing on Pine Tree,Eagle Standing on Pine Tree,Dora Maar au Chat,"Portrait of Alfonso d'Avalos, Marquis of Vasto, in Armor with a Page",The Gross Clinic,The Gross Clinic,The Gross Clinic,Salvator Mundi,Salvator Mundi,Salvator Mundi,Salvator Mundi,Nude Sitting on a Divan,Nude Sitting on a Divan,Nude Sitting on a Divan,Portrait of Adele Bloch-Bauer I,Portrait of Adele Bloch-Bauer I,Portrait of Adele Bloch-Bauer I,Salvator Mundi,Portrait of Adele Bloch-Bauer I,Portrait of Adele Bloch-Bauer I,Portrait of Adele Bloch-Bauer I,Salvator Mundi
"Portrait of Alfonso d'Avalos, Marquis of Vasto, in Armor with a Page","Portrait of Alfonso d'Avalos, Marquis of Vasto, in Armor with a Page",The Gross Clinic,"Portrait of Alfonso d'Avalos, Marquis of Vasto, in Armor with a Page","Portrait of Alfonso d'Avalos, Marquis of Vasto, in Armor with a Page","Portrait of Alfonso d'Avalos, Marquis of Vasto, in Armor with a Page",The Card Players,The Card Players,"Portrait of Alfonso d'Avalos, Marquis of Vasto, in Armor with a Page","Portrait of Alfonso d'Avalos, Marquis of Vasto, in Armor with a Page",The Gross Clinic,The Gross Clinic,"Portrait of Alfonso d'Avalos, Marquis of Vasto, in Armor with a Page",Massacre of the Innocents,Portrait of Adele Bloch-Bauer I,Massacre of the Innocents,"Portrait of Alfonso d'Avalos, Marquis of Vasto, in Armor with a Page","Portrait of Alfonso d'Avalos, Marquis of Vasto, in Armor with a Page",Suprematist Composition,Suprematist Composition,Eagle Standing on Pine Tree,Eagle Standing on Pine Tree,Eagle Standing on Pine Tree,Eagle Standing on Pine Tree,Eagle Standing on Pine Tree,Eagle Standing on Pine Tree,Eagle Standing on Pine Tree,Eagle Standing on Pine Tree,Eagle Standing on Pine Tree,Eagle Standing on Pine Tree,Eagle Standing on Pine Tree,The Gross Clinic,"Portrait of Alfonso d'Avalos, Marquis of Vasto, in Armor with a Page",The Gross Clinic,The Gross Clinic,Salvator Mundi,Salvator Mundi,Salvator Mundi,The Card Players,Nude Sitting on a Divan,Nude Sitting on a Divan,Portrait of Adele Bloch-Bauer I,Portrait of Adele Bloch-Bauer I,Portrait of Adele Bloch-Bauer I,Portrait of Adele Bloch-Bauer I,Nude Sitting on a Divan,Portrait of Adele Bloch-Bauer I,Portrait of Adele Bloch-Bauer I,Portrait of Adele Bloch-Bauer I,Salvator Mundi
Salvator Mundi,Salvator Mundi,Salvator Mundi,Salvator Mundi,"Portrait of Alfonso d'Avalos, Marquis of Vasto, in Armor with a Page","Portrait of Alfonso d'Avalos, Marquis of Vasto, in Armor with a Page",The Card Players,The Card Players,"Portrait of Alfonso d'Avalos, Marquis of Vasto, in Armor with a Page","Portrait of Alfonso d'Avalos, Marquis of Vasto, in Armor with a Page",The Gross Clinic,"Portrait of Alfonso d'Avalos, Marquis of Vasto, in Armor with a Page","Portrait of Alfonso d'Avalos, Marquis of Vasto, in Armor with a Page",Massacre of the Innocents,Portrait of Adele Bloch-Bauer I,Massacre of the Innocents,Salvator Mundi,The Gross Clinic,Suprematist Composition,Suprematist Composition,Eagle Standing on Pine Tree,Eagle Standing on Pine Tree,Eagle Standing on Pine Tree,Eagle Standing on Pine Tree,Eagle Standing on Pine Tree,Eagle Standing on Pine Tree,Eagle Standing on Pine Tree,Eagle Standing on Pine Tree,Eagle Standing on Pine Tree,Eagle Standing on Pine Tree,Eagle Standing on Pine Tree,Salvator Mundi,The Gross Clinic,The Gross Clinic,The Gross Clinic,Salvator Mundi,Salvator Mundi,Salvator Mundi,Salvator Mundi,Massacre of the Innocents,Massacre of the Innocents,Portrait of Adele Bloch-Bauer I,Portrait of Adele Bloch-Bauer I,Portrait of Adele Bloch-Bauer I,Portrait of Adele Bloch-Bauer I,Salvator Mundi,Portrait of Adele Bloch-Bauer I,Portrait of Adele Bloch-Bauer I,Portrait of Adele Bloch-Bauer I,"Portrait of Alfonso d'Avalos, Marquis of Vasto, in Armor with a Page"
Portrait of Adele Bloch-Bauer I,Portrait of Adele Bloch-Bauer I,Portrait of Adele Bloch-Bauer I,Portrait of Adele Bloch-Bauer I,Massacre of the Innocents,Salvator Mundi,Massacre of the Innocents,The Card Players,The Gross Clinic,The Gross Clinic,"Portrait of Alfonso d'Avalos, Marquis of Vasto, in Armor with a Page","Portrait of Alfonso d'Avalos, Marquis of Vasto, in Armor with a Page",The Card Players,Portrait of Adele Bloch-Bauer I,Portrait of Adele Bloch-Bauer I,Massacre of the Innocents,Salvator Mundi,No. 5 1948,Suprematist Composition,Eagle Standing on Pine Tree,Eagle Standing on Pine Tree,Eagle Standing on Pine Tree,Eagle Standing on Pine Tree,Eagle Standing on Pine Tree,Eagle Standing on Pine Tree,Eagle Standing on Pine Tree,Eagle Standing on Pine Tree,Eagle Standing on Pine Tree,Eagle Standing on Pine Tree,"White Center (Yellow, Pink and Lavender on Rose)",Eagle Standing on Pine Tree,Portrait of a Halberdier,The Gross Clinic,The Gross Clinic,The Gross Clinic,Salvator Mundi,Salvator Mundi,Salvator Mundi,Salvator Mundi,Nude Sitting on a Divan,Nude Sitting on a Divan,Portrait of Adele Bloch-Bauer I,Portrait of Adele Bloch-Bauer I,Portrait of Adele Bloch-Bauer I,Portrait of Adele Bloch-Bauer I,Salvator Mundi,Portrait of Adele Bloch-Bauer I,Portrait of Adele Bloch-Bauer I,Portrait of Adele Bloch-Bauer I,The Gross Clinic
Portrait of Adele Bloch-Bauer I,Portrait of Adele Bloch-Bauer I,Portrait of Adele Bloch-Bauer I,Portrait of Adele Bloch-Bauer I,Massacre of the Innocents,Salvator Mundi,The Card Players,The Card Players,"Portrait of Alfonso d'Avalos, Marquis of Vasto, in Armor with a Page",The Gross Clinic,"Portrait of Alfonso d'Avalos, Marquis of Vasto, in Armor with a Page",Salvator Mundi,Massacre of the Innocents,Massacre of the Innocents,Portrait of Adele Bloch-Bauer I,Massacre of the Innocents,Salvator Mundi,Adele Bloch-Bauer II,Suprematist Composition,Eagle Standing on Pine Tree,Eagle Standing on Pine Tree,Eagle Standing on Pine Tree,Eagle Standing on Pine Tree,Eagle Standing on Pine Tree,Eagle Standing on Pine Tree,Eagle Standing on Pine Tree,Eagle Standing on Pine Tree,Flag,"White Center (Yellow, Pink and Lavender on Rose)","White Center (Yellow, Pink and Lavender on Rose)",Flag,Flag,The Gross Clinic,The Gross Clinic,The Gross Clinic,The Gross Clinic,Salvator Mundi,Salvator Mundi,Salvator Mundi,Nude Sitting on a Divan,Nude Sitting on a Divan,Portrait of Adele Bloch-Bauer I,Portrait of Adele Bloch-Bauer I,Portrait of Adele Bloch-Bauer I,Portrait of Adele Bloch-Bauer I,Massacre of the Innocents,The Gross Clinic,Portrait of Adele Bloch-Bauer I,Massacre of the Innocents,The Gross Clinic
Portrait of Adele Bloch-Bauer I,Massacre of the Innocents,Massacre of the Innocents,Massacre of the Innocents,Salvator Mundi,"Portrait of Alfonso d'Avalos, Marquis of Vasto, in Armor with a Page",The Card Players,The Card Players,"Portrait of Alfonso d'Avalos, Marquis of Vasto, in Armor with a Page","Portrait of Alfonso d'Avalos, Marquis of Vasto, in Armor with a Page","Portrait of Alfonso d'Avalos, Marquis of Vasto, in Armor with a Page",The Card Players,Salvator Mundi,Massacre of the Innocents,Portrait of Adele Bloch-Bauer I,Massacre of the Innocents,Salvator Mundi,Dora Maar au Chat,Suprematist Composition,Eagle Standing on Pine Tree,Eagle Standing on Pine Tree,Eagle Standing on Pine Tree,Eagle Standing on Pine Tree,Eagle Standing on Pine Tree,Eagle Standing on Pine Tree,Eagle Standing on Pine Tree,Eagle Standing on Pine Tree,Eagle Standing on Pine Tree,"White Center (Yellow, Pink and Lavender on Rose)","White Center (Yellow, Pink and Lavender on Rose)",Le Reve,Eagle Standing on Pine Tree,The Gross Clinic,The Gross Clinic,The Gross Clinic,The Gross Clinic,The Gross Clinic,The Gross Clinic,Salvator Mundi,Salvator Mundi,Nude Sitting on a Divan,Portrait of Adele Bloch-Bauer I,Portrait of Adele Bloch-Bauer I,Portrait of Adele Bloch-Bauer I,Portrait of Adele Bloch-Bauer I,The Gross Clinic,The Gross Clinic,The Gross Clinic,The Gross Clinic,The Gross Clinic
"Portrait of Alfonso d'Avalos, Marquis of Vasto, in Armor with a Page","Portrait of Alfonso d'Avalos, Marquis of Vasto, in Armor with a Page","Portrait of Alfonso d'Avalos, Marquis of Vasto, in Armor with a Page",Salvator Mundi,"Portrait of Alfonso d'Avalos, Marquis of Vasto, in Armor with a Page","Portrait of Alfonso d'Avalos, Marquis of Vasto, in Armor with a Page",Massacre of the Innocents,The Card Players,"Portrait of Alfonso d'Avalos, Marquis of Vasto, in Armor with a Page","Portrait of Alfonso d'Avalos, Marquis of Vasto, in Armor with a Page","Portrait of Alfonso d'Avalos, Marquis of Vasto, in Armor with a Page",Salvator Mundi,"Portrait of Alfonso d'Avalos, Marquis of Vasto, in Armor with a Page",Salvator Mundi,Portrait of Adele Bloch-Bauer I,Massacre of the Innocents,Salvator Mundi,Dora Maar au Chat,Suprematist Composition,Eagle Standing on Pine Tree,Eagle Standing on Pine Tree,Eagle Standing on Pine Tree,Eagle Standing on Pine Tree,Eagle Standing on Pine Tree,Eagle Standing on Pine Tree,Eagle Standing on Pine Tree,Eagle Standing on Pine Tree,"White Center (Yellow, Pink and Lavender on Rose)","White Center (Yellow, Pink and Lavender on Rose)","White Center (Yellow, Pink and Lavender on Rose)",Le Reve,Eagle Standing on Pine Tree,Salvator Mundi,The Gross Clinic,The Gross Clinic,The Gross Clinic,The Gross Clinic,The Gross Clinic,Salvator Mundi,The Gross Clinic,Salvator Mundi,Nude Sitting on a Divan,Portrait of Adele Bloch-Bauer I,Portrait of Adele Bloch-Bauer I,Salvator Mundi,The Gross Clinic,The Gross Clinic,The Gross Clinic,The Gross Clinic,The Gross Clinic
"Portrait of Alfonso d'Avalos, Marquis of Vasto, in Armor with a Page",Salvator Mundi,Salvator Mundi,"Portrait of Alfonso d'Avalos, Marquis of Vasto, in Armor with a Page","Portrait of Alfonso d'Avalos, Marquis of Vasto, in Armor with a Page","Portrait of Alfonso d'Avalos, Marquis of Vasto, in Armor with a Page",Salvator Mundi,Salvator Mundi,Salvator Mundi,Salvator Mundi,"Portrait of Alfonso d'Avalos, Marquis of Vasto, in Armor with a Page","Portrait of Alfonso d'Avalos, Marquis of Vasto, in Armor with a Page","Portrait of Alfonso d'Avalos, Marquis of Vasto, in Armor with a Page",Salvator Mundi,Portrait of Adele Bloch-Bauer I,Massacre of the Innocents,Salvator Mundi,No. 5 1948,Suprematist Composition,Eagle Standing on Pine Tree,Eagle Standing on Pine Tree,Eagle Standing on Pine Tree,Eagle Standing on Pine Tree,Eagle Standing on Pine Tree,Flag,Flag,Le Reve,Le Reve,Le Reve,"White Center (Yellow, Pink and Lavender on Rose)",Le Reve,Flag,Salvator Mundi,The Gross Clinic,The Gross Clinic,The Gross Clinic,The Gross Clinic,The Gross Clinic,The Gross Clinic,The Gross Clinic,The Gross Clinic,The Gross Clinic,Massacre of the Innocents,Portrait of Adele Bloch-Bauer I,The Gross Clinic,The Gross Clinic,The Gross Clinic,The Gross Clinic,The Gross Clinic,The Gross Clinic
Salvator Mundi,Salvator Mundi,Salvator Mundi,"Portrait of Alfonso d'Avalos, Marquis of Vasto, in Armor with a Page","Portrait of Alfonso d'Avalos, Marquis of Vasto, in Armor with a Page","Portrait of Alfonso d'Avalos, Marquis of Vasto, in Armor with a Page","Portrait of Alfonso d'Avalos, Marquis of Vasto, in Armor with a Page",Salvator Mundi,Massacre of the Innocents,Salvator Mundi,"Portrait of Alfonso d'Avalos, Marquis of Vasto, in Armor with a Page","Portrait of Alfonso d'Avalos, Marquis of Vasto, in Armor with a Page","Portrait of Alfonso d'Avalos, Marquis of Vasto, in Armor with a Page",Salvator Mundi,Portrait of Adele Bloch-Bauer I,Massacre of the Innocents,The Gross Clinic,Femme assise dans un jardin,Flag,Eagle Standing on Pine Tree,Eagle Standing on Pine Tree,Eagle Standing on Pine Tree,Eagle Standing on Pine Tree,Eagle Standing on Pine Tree,Flag,Le Reve,Le Reve,Flag,Eagle Standing on Pine Tree,Eagle Standing on Pine Tree,Flag,Femme assise dans un jardin,The Gross Clinic,The Gross Clinic,The Gross Clinic,The Gross Clinic,The Gross Clinic,The Gross Clinic,The Gross Clinic,The Gross Clinic,The Gross Clinic,The Gross Clinic,The Gross Clinic,The Gross Clinic,The Gross Clinic,The Gross Clinic,The Gross Clinic,The Gross Clinic,The Gross Clinic,The Gross Clinic
Salvator Mundi,"Portrait of Alfonso d'Avalos, Marquis of Vasto, in Armor with a Page",The Gross Clinic,"Portrait of Alfonso d'Avalos, Marquis of Vasto, in Armor with a Page","Portrait of Alfonso d'Avalos, Marquis of Vasto, in Armor with a Page",The Gross Clinic,"Portrait of Alfonso d'Avalos, Marquis of Vasto, in Armor with a Page",Massacre of the Innocents,Massacre of the Innocents,"Portrait of Alfonso d'Avalos, Marquis of Vasto, in Armor with a Page",The Gross Clinic,The Gross Clinic,The Gross Clinic,Salvator Mundi,Portrait of Adele Bloch-Bauer I,Massacre of the Innocents,Salvator Mundi,Le Reve,Flag,Eagle Standing on Pine Tree,Flag,Flag,Flag,Flag,Le Reve,Le Reve,Le Reve,Flag,Le Reve,Le Reve,Le Reve,Garcon a la pipe,The Gross Clinic,The Gross Clinic,The Gross Clinic,The Gross Clinic,The Gross Clinic,The Gross Clinic,The Gross Clinic,The Gross Clinic,The Gross Clinic,The Gross Clinic,The Gross Clinic,The Gross Clinic,The Gross Clinic,The Gross Clinic,The Gross Clinic,The Gross Clinic,The Gross Clinic,The Gross Clinic
"Portrait of Alfonso d'Avalos, Marquis of Vasto, in Armor with a Page",The Gross Clinic,The Gross Clinic,The Gross Clinic,"Portrait of Alfonso d'Avalos, Marquis of Vasto, in Armor with a Page",Salvator Mundi,"Portrait of Alfonso d'Avalos, Marquis of Vasto, in Armor with a Page",The Card Players,Salvator Mundi,The Gross Clinic,"Portrait of Alfonso d'Avalos, Marquis of Vasto, in Armor with a Page",The Gross Clinic,"Portrait of Alfonso d'Avalos, Marquis of Vasto, in Armor with a Page",Salvator Mundi,Portrait of Adele Bloch-Bauer I,Massacre of the Innocents,Salvator Mundi,Le Reve,Eagle Standing on Pine Tree,Eagle Standing on Pine Tree,Eagle Standing on Pine Tree,Flag,Flag,Untitled,Le Reve,Le Reve,Le Reve,Police Gazette,Le Reve,Le Reve,Police Gazette,Nude Sitting on a Divan,The Gross Clinic,The Gross Clinic,The Gross Clinic,The Gross Clinic,The Gross Clinic,The Gross Clinic,The Gross Clinic,The Gross Clinic,The Gross Clinic,The Gross Clinic,The Gross Clinic,The Gross Clinic,The Gross Clinic,The Gross Clinic,The Gross Clinic,The Gross Clinic,The Gross Clinic,The Gross Clinic
"Portrait of Alfonso d'Avalos, Marquis of Vasto, in Armor with a Page",The Gross Clinic,The Gross Clinic,The Gross Clinic,"Portrait of Alfonso d'Avalos, Marquis of Vasto, in Armor with a Page",Salvator Mundi,Salvator Mundi,Salvator Mundi,"Portrait of Alfonso d'Avalos, Marquis of Vasto, in Armor with a Page",The Gross Clinic,"Portrait of Alfonso d'Avalos, Marquis of Vasto, in Armor with a Page","Portrait of Alfonso d'Avalos, Marquis of Vasto, in Armor with a Page","Portrait of Alfonso d'Avalos, Marquis of Vasto, in Armor with a Page",Salvator Mundi,Portrait of Adele Bloch-Bauer I,Massacre of the Innocents,Salvator Mundi,Le Reve,Flag,Eagle Standing on Pine Tree,Eagle Standing on Pine Tree,Eagle Standing on Pine Tree,Flag,Untitled,Flag,Flag,Police Gazette,Untitled,Police Gazette,Le Reve,Le Reve,Nude Sitting on a Divan,The Gross Clinic,The Gross Clinic,The Gross Clinic,The Gross Clinic,The Gross Clinic,The Gross Clinic,The Gross Clinic,The Gross Clinic,The Gross Clinic,The Gross Clinic,The Gross Clinic,The Gross Clinic,The Gross Clinic,The Gross Clinic,The Gross Clinic,The Gross Clinic,The Gross Clinic,The Gross Clinic
The Gross Clinic,"Portrait of Alfonso d'Avalos, Marquis of Vasto, in Armor with a Page","Portrait of Alfonso d'Avalos, Marquis of Vasto, in Armor with a Page",Salvator Mundi,Massacre of the Innocents,Salvator Mundi,Salvator Mundi,Salvator Mundi,"Portrait of Alfonso d'Avalos, Marquis of Vasto, in Armor with a Page",The Gross Clinic,"Portrait of Alfonso d'Avalos, Marquis of Vasto, in Armor with a Page","Portrait of Alfonso d'Avalos, Marquis of Vasto, in Armor with a Page",Salvator Mundi,Salvator Mundi,Portrait of Adele Bloch-Bauer I,Massacre of the Innocents,Salvator Mundi,Flag,Flag,Eagle Standing on Pine Tree,Eagle Standing on Pine Tree,Eagle Standing on Pine Tree,Eagle Standing on Pine Tree,Flag,Flag,Eagle Standing on Pine Tree,Le Reve,Le Reve,Le Reve,Le Reve,Le Reve,Salvator Mundi,The Gross Clinic,The Gross Clinic,The Gross Clinic,The Gross Clinic,The Gross Clinic,The Gross Clinic,The Gross Clinic,The Gross Clinic,The Gross Clinic,The Gross Clinic,The Gross Clinic,The Gross Clinic,The Gross Clinic,The Gross Clinic,The Gross Clinic,The Gross Clinic,The Gross Clinic,The Gross Clinic
"Portrait of Alfonso d'Avalos, Marquis of Vasto, in Armor with a Page",Salvator Mundi,The Card Players,Portrait of Adele Bloch-Bauer I,Massacre of the Innocents,"Portrait of Alfonso d'Avalos, Marquis of Vasto, in Armor with a Page",Salvator Mundi,Salvator Mundi,"Portrait of Alfonso d'Avalos, Marquis of Vasto, in Armor with a Page","Portrait of Alfonso d'Avalos, Marquis of Vasto, in Armor with a Page","Portrait of Alfonso d'Avalos, Marquis of Vasto, in Armor with a Page","Portrait of Alfonso d'Avalos, Marquis of Vasto, in Armor with a Page","Portrait of Alfonso d'Avalos, Marquis of Vasto, in Armor with a Page",Salvator Mundi,Portrait of Adele Bloch-Bauer I,Massacre of the Innocents,Salvator Mundi,Acrobate et jeune arlequin,Flag,Eagle Standing on Pine Tree,Eagle Standing on Pine Tree,Eagle Standing on Pine Tree,Eagle Standing on Pine Tree,Flag,Flag,Eagle Standing on Pine Tree,Le Reve,Flag,Le Reve,Le Reve,Le Reve,The Gross Clinic,The Gross Clinic,The Gross Clinic,The Gross Clinic,The Gross Clinic,The Gross Clinic,The Gross Clinic,The Gross Clinic,The Gross Clinic,The Gross Clinic,The Gross Clinic,The Gross Clinic,The Gross Clinic,The Gross Clinic,The Gross Clinic,The Gross Clinic,The Gross Clinic,The Gross Clinic,The Gross Clinic
"Portrait of Alfonso d'Avalos, Marquis of Vasto, in Armor with a Page",Salvator Mundi,Portrait of Adele Bloch-Bauer I,Portrait of Adele Bloch-Bauer I,Massacre of the Innocents,"Portrait of Alfonso d'Avalos, Marquis of Vasto, in Armor with a Page",Salvator Mundi,Salvator Mundi,"Portrait of Alfonso d'Avalos, Marquis of Vasto, in Armor with a Page",The Gross Clinic,"Portrait of Alfonso d'Avalos, Marquis of Vasto, in Armor with a Page",The Gross Clinic,"Portrait of Alfonso d'Avalos, Marquis of Vasto, in Armor with a Page",Salvator Mundi,Portrait of Adele Bloch-Bauer I,Massacre of the Innocents,Salvator Mundi,Diana and Actaeon,Eagle Standing on Pine Tree,Eagle Standing on Pine Tree,Eagle Standing on Pine Tree,Eagle Standing on Pine Tree,Eagle Standing on Pine Tree,Le Reve,Flag,Eagle Standing on Pine Tree,Le Reve,Le Reve,Le Reve,Le Reve,Le Reve,The Gross Clinic,The Gross Clinic,The Gross Clinic,The Gross Clinic,The Gross Clinic,The Gross Clinic,The Gross Clinic,The Gross Clinic,The Gross Clinic,The Gross Clinic,The Gross Clinic,The Gross Clinic,The Gross Clinic,The Gross Clinic,The Gross Clinic,The Gross Clinic,The Gross Clinic,The Gross Clinic,The Gross Clinic
"Portrait of Alfonso d'Avalos, Marquis of Vasto, in Armor with a Page",Massacre of the Innocents,Portrait of Adele Bloch-Bauer I,Massacre of the Innocents,"Portrait of Alfonso d'Avalos, Marquis of Vasto, in Armor with a Page","Portrait of Alfonso d'Avalos, Marquis of Vasto, in Armor with a Page",Salvator Mundi,Salvator Mundi,"Portrait of Alfonso d'Avalos, Marquis of Vasto, in Armor with a Page","Portrait of Alfonso d'Avalos, Marquis of Vasto, in Armor with a Page","Portrait of Alfonso d'Avalos, Marquis of Vasto, in Armor with a Page","Portrait of Alfonso d'Avalos, Marquis of Vasto, in Armor with a Page","Portrait of Alfonso d'Avalos, Marquis of Vasto, in Armor with a Page",Salvator Mundi,Portrait of Adele Bloch-Bauer I,Massacre of the Innocents,Salvator Mundi,Diana and Actaeon,Eagle Standing on Pine Tree,Eagle Standing on Pine Tree,Eagle Standing on Pine Tree,Eagle Standing on Pine Tree,Eagle Standing on Pine Tree,Le Reve,Eagle Standing on Pine Tree,Eagle Standing on Pine Tree,"White Center (Yellow, Pink and Lavender on Rose)","White Center (Yellow, Pink and Lavender on Rose)","White Center (Yellow, Pink and Lavender on Rose)","White Center (Yellow, Pink and Lavender on Rose)",Police Gazette,The Gross Clinic,The Gross Clinic,The Gross Clinic,The Gross Clinic,The Gross Clinic,The Gross Clinic,The Gross Clinic,The Gross Clinic,The Gross Clinic,The Gross Clinic,The Gross Clinic,The Gross Clinic,The Gross Clinic,The Gross Clinic,The Gross Clinic,The Gross Clinic,The Gross Clinic,The Gross Clinic,The Gross Clinic
Salvator Mundi,Massacre of the Innocents,Massacre of the Innocents,Salvator Mundi,"Portrait of Alfonso d'Avalos, Marquis of Vasto, in Armor with a Page","Portrait of Alfonso d'Avalos, Marquis of Vasto, in Armor with a Page",Salvator Mundi,Salvator Mundi,"Portrait of Alfonso d'Avalos, Marquis of Vasto, in Armor with a Page","Portrait of Alfonso d'Avalos, Marquis of Vasto, in Armor with a Page","Portrait of Alfonso d'Avalos, Marquis of Vasto, in Armor with a Page",Salvator Mundi,"Portrait of Alfonso d'Avalos, Marquis of Vasto, in Armor with a Page",Salvator Mundi,Massacre of the Innocents,Massacre of the Innocents,Salvator Mundi,Salvator Mundi,Eagle Standing on Pine Tree,Eagle Standing on Pine Tree,Eagle Standing on Pine Tree,Eagle Standing on Pine Tree,Flag,Le Reve,Le Reve,Flag,Le Reve,Le Reve,Le Reve,"White Center (Yellow, Pink and Lavender on Rose)",Garcon a la pipe,The Gross Clinic,The Gross Clinic,The Gross Clinic,The Gross Clinic,The Gross Clinic,The Gross Clinic,The Gross Clinic,The Gross Clinic,The Gross Clinic,The Gross Clinic,The Gross Clinic,The Gross Clinic,The Gross Clinic,The Gross Clinic,The Gross Clinic,The Gross Clinic,The Gross Clinic,The Gross Clinic,The Gross Clinic
The Card Players,Massacre of the Innocents,Massacre of the Innocents,The Card Players,Salvator Mundi,Salvator Mundi,Salvator Mundi,Salvator Mundi,Salvator Mundi,Salvator Mundi,Salvator Mundi,Salvator Mundi,"Portrait of Alfonso d'Avalos, Marquis of Vasto, in Armor with a Page",Salvator Mundi,Massacre of the Innocents,Massacre of the Innocents,Salvator Mundi,The Gross Clinic,Flag,Flag,Eagle Standing on Pine Tree,Eagle Standing on Pine Tree,Le Reve,Flag,Flag,Le Reve,Le Reve,Le Reve,Le Reve,"White Center (Yellow, Pink and Lavender on Rose)",Garcon a la pipe,The Gross Clinic,The Gross Clinic,The Gross Clinic,The Gross Clinic,The Gross Clinic,The Gross Clinic,The Gross Clinic,The Gross Clinic,The Gross Clinic,The Gross Clinic,The Gross Clinic,The Gross Clinic,The Gross Clinic,The Gross Clinic,The Gross Clinic,The Gross Clinic,The Gross Clinic,The Gross Clinic,The Gross Clinic
Massacre of the Innocents,Massacre of the Innocents,Massacre of the Innocents,The Card Players,Salvator Mundi,Salvator Mundi,Salvator Mundi,Salvator Mundi,"Portrait of Alfonso d'Avalos, Marquis of Vasto, in Armor with a Page","Portrait of Alfonso d'Avalos, Marquis of Vasto, in Armor with a Page","Portrait of Alfonso d'Avalos, Marquis of Vasto, in Armor with a Page","Portrait of Alfonso d'Avalos, Marquis of Vasto, in Armor with a Page","Portrait of Alfonso d'Avalos, Marquis of Vasto, in Armor with a Page","Portrait of Alfonso d'Avalos, Marquis of Vasto, in Armor with a Page",Massacre of the Innocents,Massacre of the Innocents,Salvator Mundi,The Gross Clinic,The Gross Clinic,Acrobate et jeune arlequin,Eagle Standing on Pine Tree,Eagle Standing on Pine Tree,Le Reve,Eagle Standing on Pine Tree,Flag,Le Reve,Le Reve,Le Reve,Le Reve,Le Reve,Nude Sitting on a Divan,The Gross Clinic,The Gross Clinic,The Gross Clinic,The Gross Clinic,The Gross Clinic,The Gross Clinic,The Gross Clinic,The Gross Clinic,The Gross Clinic,The Gross Clinic,The Gross Clinic,The Gross Clinic,The Gross Clinic,The Gross Clinic,The Gross Clinic,The Gross Clinic,The Gross Clinic,The Gross Clinic,The Gross Clinic
Salvator Mundi,The Card Players,Salvator Mundi,Salvator Mundi,"Portrait of Alfonso d'Avalos, Marquis of Vasto, in Armor with a Page","Portrait of Alfonso d'Avalos, Marquis of Vasto, in Armor with a Page","Portrait of Alfonso d'Avalos, Marquis of Vasto, in Armor with a Page",Salvator Mundi,The Gross Clinic,"Portrait of Alfonso d'Avalos, Marquis of Vasto, in Armor with a Page",The Gross Clinic,The Gross Clinic,"Portrait of Alfonso d'Avalos, Marquis of Vasto, in Armor with a Page",The Gross Clinic,Massacre of the Innocents,Massacre of the Innocents,Salvator Mundi,The Gross Clinic,"Portrait of Alfonso d'Avalos, Marquis of Vasto, in Armor with a Page",Darmstadt Madonna,Eagle Standing on Pine Tree,Flag,Flag,Flag,Untitled,Le Reve,Le Reve,Le Reve,Le Reve,Le Reve,The Gross Clinic,The Gross Clinic,The Gross Clinic,The Gross Clinic,The Gross Clinic,The Gross Clinic,The Gross Clinic,The Gross Clinic,The Gross Clinic,The Gross Clinic,The Gross Clinic,The Gross Clinic,The Gross Clinic,The Gross Clinic,The Gross Clinic,The Gross Clinic,The Gross Clinic,The Gross Clinic,The Gross Clinic,The Gross Clinic
The Gross Clinic,Salvator Mundi,Salvator Mundi,The Gross Clinic,The Gross Clinic,The Gross Clinic,"Portrait of Alfonso d'Avalos, Marquis of Vasto, in Armor with a Page","Portrait of Alfonso d'Avalos, Marquis of Vasto, in Armor with a Page","Portrait of Alfonso d'Avalos, Marquis of Vasto, in Armor with a Page","Portrait of Alfonso d'Avalos, Marquis of Vasto, in Armor with a Page","Portrait of Alfonso d'Avalos, Marquis of Vasto, in Armor with a Page","Portrait of Alfonso d'Avalos, Marquis of Vasto, in Armor with a Page",The Gross Clinic,"Portrait of Alfonso d'Avalos, Marquis of Vasto, in Armor with a Page",Massacre of the Innocents,Massacre of the Innocents,Salvator Mundi,Salvator Mundi,The Gross Clinic,Les Noces de Pierrette,Eagle Standing on Pine Tree,Eagle Standing on Pine Tree,Flag,Flag,Untitled,Untitled,Le Reve,Le Reve,Le Reve,Le Reve,The Gross Clinic,The Gross Clinic,Nude Sitting on a Divan,Nude Sitting on a Divan,Nude Sitting on a Divan,Nude Sitting on a Divan,Nude Sitting on a Divan,Nude Sitting on a Divan,Nude Sitting on a Divan,Nude Sitting on a Divan,Nude Sitting on a Divan,Nude Sitting on a Divan,Nude Sitting on a Divan,Nude Sitting on a Divan,The Gross Clinic,The Gross Clinic,The Gross Clinic,The Gross Clinic,The Gross Clinic,The Gross Clinic
The Gross Clinic,The Gross Clinic,"Portrait of Alfonso d'Avalos, Marquis of Vasto, in Armor with a Page",The Gross Clinic,The Gross Clinic,The Gross Clinic,"Portrait of Alfonso d'Avalos, Marquis of Vasto, in Armor with a Page","Portrait of Alfonso d'Avalos, Marquis of Vasto, in Armor with a Page",The Gross Clinic,The Gross Clinic,The Gross Clinic,The Gross Clinic,The Gross Clinic,"Portrait of Alfonso d'Avalos, Marquis of Vasto, in Armor with a Page",Massacre of the Innocents,Massacre of the Innocents,Salvator Mundi,Les Noces de Pierrette,Les Noces de Pierrette,Les Noces de Pierrette,Eagle Standing on Pine Tree,Eagle Standing on Pine Tree,Flag,Flag,Flag,Le Reve,Le Reve,Le Reve,Le Reve,Acrobate et jeune arlequin,The Gross Clinic,Nude Sitting on a Divan,Nude Sitting on a Divan,Nude Sitting on a Divan,Nude Sitting on a Divan,Nude Sitting on a Divan,Nude Sitting on a Divan,Nude Sitting on a Divan,Nude Sitting on a Divan,Nude Sitting on a Divan,Nude Sitting on a Divan,Nude Sitting on a Divan,Nude Sitting on a Divan,Nude Sitting on a Divan,Nude Sitting on a Divan,Nude Sitting on a Divan,Nude Sitting on a Divan,Nude Sitting on a Divan,The Gross Clinic,The Gross Clinic
"Portrait of Alfonso d'Avalos, Marquis of Vasto, in Armor with a Page",The Gross Clinic,The Gross Clinic,The Gross Clinic,The Gross Clinic,The Gross Clinic,"Portrait of Alfonso d'Avalos, Marquis of Vasto, in Armor with a Page","Portrait of Alfonso d'Avalos, Marquis of Vasto, in Armor with a Page",The Gross Clinic,The Gross Clinic,The Gross Clinic,"Portrait of Alfonso d'Avalos, Marquis of Vasto, in Armor with a Page",The Gross Clinic,The Gross Clinic,Dora Maar au Chat,Les Noces de Pierrette,Les Noces de Pierrette,Les Noces de Pierrette,Femme aux Bras Croises,Les Noces de Pierrette,Eagle Standing on Pine Tree,Flag,Flag,Flag,Flag,Le Reve,Le Reve,Le Reve,Le Reve,Dora Maar au Chat,Les Noces de Pierrette,Nude Sitting on a Divan,Nude Sitting on a Divan,Nude Sitting on a Divan,Nude Sitting on a Divan,Nude Sitting on a Divan,Nude Sitting on a Divan,Nude Sitting on a Divan,Nude Sitting on a Divan,Nude Sitting on a Divan,Nude Sitting on a Divan,Nude Sitting on a Divan,Nude Sitting on a Divan,Nude Sitting on a Divan,Nude Sitting on a Divan,Nude Sitting on a Divan,Nude Sitting on a Divan,Nude Sitting on a Divan,The Gross Clinic,The Gross Clinic
"Portrait of Alfonso d'Avalos, Marquis of Vasto, in Armor with a Page",The Gross Clinic,The Gross Clinic,The Gross Clinic,The Gross Clinic,The Gross Clinic,"Portrait of Alfonso d'Avalos, Marquis of Vasto, in Armor with a Page",Salvator Mundi,The Gross Clinic,"Portrait of Alfonso d'Avalos, Marquis of Vasto, in Armor with a Page",The Gross Clinic,Bal du moulin de la Galette,Les Noces de Pierrette,Les Noces de Pierrette,Les Noces de Pierrette,Les Noces de Pierrette,Les Noces de Pierrette,Femme aux Bras Croises,Femme aux Bras Croises,Les Noces de Pierrette,Suprematist Composition,Flag,Eagle Standing on Pine Tree,Flag,Flag,Le Reve,Le Reve,Le Reve,Untitled,Les Noces de Pierrette,Les Noces de Pierrette,Darmstadt Madonna,Nude Sitting on a Divan,Nude Sitting on a Divan,Nude Sitting on a Divan,Nude Sitting on a Divan,Nude Sitting on a Divan,Nude Sitting on a Divan,Nude Sitting on a Divan,Nude Sitting on a Divan,Nude Sitting on a Divan,Nude Sitting on a Divan,Nude Sitting on a Divan,Nude Sitting on a Divan,Nude Sitting on a Divan,Nude Sitting on a Divan,Nude Sitting on a Divan,The Gross Clinic,The Gross Clinic,The Gross Clinic
The Gross Clinic,The Gross Clinic,The Gross Clinic,The Gross Clinic,The Gross Clinic,The Gross Clinic,"Portrait of Alfonso d'Avalos, Marquis of Vasto, in Armor with a Page",Salvator Mundi,The Gross Clinic,Les Noces de Pierrette,Les Noces de Pierrette,Les Noces de Pierrette,Les Noces de Pierrette,Les Noces de Pierrette,Les Noces de Pierrette,Les Noces de Pierrette,Femme aux Bras Croises,Femme aux Bras Croises,Femme aux Bras Croises,Les Noces de Pierrette,Suprematist Composition,Eagle Standing on Pine Tree,Flag,Flag,Flag,Le Reve,Le Reve,Police Gazette,Adele Bloch-Bauer II,Les Noces de Pierrette,Les Noces de Pierrette,Les Noces de Pierrette,Les Noces de Pierrette,Portrait of a Halberdier,Nude Sitting on a Divan,Nude Sitting on a Divan,The Gross Clinic,Nude Sitting on a Divan,Nude Sitting on a Divan,Nude Sitting on a Divan,Nude Sitting on a Divan,Nude Sitting on a Divan,Nude Sitting on a Divan,The Gross Clinic,Nude Sitting on a Divan,The Gross Clinic,The Gross Clinic,The Gross Clinic,The Gross Clinic,The Gross Clinic
The Gross Clinic,The Gross Clinic,The Gross Clinic,The Gross Clinic,The Gross Clinic,The Gross Clinic,"Portrait of Alfonso d'Avalos, Marquis of Vasto, in Armor with a Page",The Gross Clinic,Les Noces de Pierrette,Les Noces de Pierrette,Les Noces de Pierrette,Les Noces de Pierrette,Les Noces de Pierrette,Les Noces de Pierrette,Les Noces de Pierrette,Les Noces de Pierrette,Femme aux Bras Croises,Femme aux Bras Croises,Femme aux Bras Croises,Les Noces de Pierrette,Suprematist Composition,Suprematist Composition,Eagle Standing on Pine Tree,Flag,Untitled,Untitled,Untitled,Eagle Standing on Pine Tree,Darmstadt Madonna,Les Noces de Pierrette,Les Noces de Pierrette,Les Noces de Pierrette,Les Noces de Pierrette,Nude Green Leaves and Bust,Nude Green Leaves and Bust,The Gross Clinic,The Gross Clinic,Nude Sitting on a Divan,Nude Sitting on a Divan,Nude Sitting on a Divan,Nude Sitting on a Divan,Nude Sitting on a Divan,Nude Sitting on a Divan,Nude Sitting on a Divan,Nude Sitting on a Divan,The Gross Clinic,The Gross Clinic,The Gross Clinic,The Gross Clinic,The Gross Clinic
The Gross Clinic,The Gross Clinic,The Gross Clinic,The Gross Clinic,The Gross Clinic,The Gross Clinic,"Portrait of Alfonso d'Avalos, Marquis of Vasto, in Armor with a Page",The Gross Clinic,Les Noces de Pierrette,Les Noces de Pierrette,Les Noces de Pierrette,Les Noces de Pierrette,Les Noces de Pierrette,Les Noces de Pierrette,Les Noces de Pierrette,Les Noces de Pierrette,Femme aux Bras Croises,Femme aux Bras Croises,Les Noces de Pierrette,Bal du moulin de la Galette,Suprematist Composition,Suprematist Composition,Eagle Standing on Pine Tree,Flag,Untitled,Flag,Eagle Standing on Pine Tree,Eagle Standing on Pine Tree,Les Noces de Pierrette,Les Noces de Pierrette,Les Noces de Pierrette,Les Noces de Pierrette,Les Noces de Pierrette,Les Noces de Pierrette,Les Noces de Pierrette,Les Noces de Pierrette,Portrait of a Halberdier,Nude Sitting on a Divan,Nude Sitting on a Divan,Nude Sitting on a Divan,Nude Sitting on a Divan,Nude Sitting on a Divan,Nude Sitting on a Divan,Nude Sitting on a Divan,Nude Sitting on a Divan,Nude Sitting on a Divan,The Gross Clinic,The Gross Clinic,The Gross Clinic,The Gross Clinic
"Portrait of Alfonso d'Avalos, Marquis of Vasto, in Armor with a Page",The Gross Clinic,"Portrait of Alfonso d'Avalos, Marquis of Vasto, in Armor with a Page",The Gross Clinic,The Gross Clinic,"Portrait of Alfonso d'Avalos, Marquis of Vasto, in Armor with a Page",Salvator Mundi,Les Noces de Pierrette,Les Noces de Pierrette,Les Noces de Pierrette,Les Noces de Pierrette,Les Noces de Pierrette,Les Noces de Pierrette,Les Noces de Pierrette,Les Noces de Pierrette,Les Noces de Pierrette,Femme aux Bras Croises,Les Noces de Pierrette,Les Noces de Pierrette,Les Noces de Pierrette,Suprematist Composition,Suprematist Composition,Suprematist Composition,Flag,Eagle Standing on Pine Tree,Suprematist Composition,Suprematist Composition,Suprematist Composition,Les Noces de Pierrette,Les Noces de Pierrette,Les Noces de Pierrette,Les Noces de Pierrette,Les Noces de Pierrette,Les Noces de Pierrette,Les Noces de Pierrette,Les Noces de Pierrette,Les Noces de Pierrette,Darmstadt Madonna,Nude Sitting on a Divan,Nude Sitting on a Divan,Nude Sitting on a Divan,Nude Sitting on a Divan,Nude Sitting on a Divan,Nude Sitting on a Divan,Nude Sitting on a Divan,Nude Sitting on a Divan,The Gross Clinic,The Gross Clinic,The Gross Clinic,The Gross Clinic
Massacre of the Innocents,Massacre of the Innocents,Massacre of the Innocents,Massacre of the Innocents,Salvator Mundi,Massacre of the Innocents,The Card Players,Les Noces de Pierrette,Les Noces de Pierrette,Les Noces de Pierrette,Les Noces de Pierrette,Les Noces de Pierrette,Les Noces de Pierrette,Les Noces de Pierrette,Les Noces de Pierrette,Les Noces de Pierrette,Les Noces de Pierrette,Femme aux Bras Croises,Les Noces de Pierrette,Les Noces de Pierrette,Suprematist Composition,Suprematist Composition,Untitled,No 1 (Royal Red and Blue),Untitled,Suprematist Composition,Suprematist Composition,Silver Car Crash (Double Disaster),Les Noces de Pierrette,Les Noces de Pierrette,Les Noces de Pierrette,Les Noces de Pierrette,Les Noces de Pierrette,Les Noces de Pierrette,Les Noces de Pierrette,Les Noces de Pierrette,Les Noces de Pierrette,Les Noces de Pierrette,Les Noces de Pierrette,Nude Sitting on a Divan,Nude Sitting on a Divan,Nude Sitting on a Divan,Nude Sitting on a Divan,Nude Sitting on a Divan,Nude Sitting on a Divan,Nude Sitting on a Divan,Nude Sitting on a Divan,The Gross Clinic,The Gross Clinic,The Gross Clinic
Portrait of Adele Bloch-Bauer I,Portrait of Adele Bloch-Bauer I,Portrait of Adele Bloch-Bauer I,Massacre of the Innocents,Salvator Mundi,Massacre of the Innocents,Salvator Mundi,Les Noces de Pierrette,Les Noces de Pierrette,Les Noces de Pierrette,Les Noces de Pierrette,Les Noces de Pierrette,Les Noces de Pierrette,Les Noces de Pierrette,Les Noces de Pierrette,Les Noces de Pierrette,Les Noces de Pierrette,Les Noces de Pierrette,Les Noces de Pierrette,Les Noces de Pierrette,Suprematist Composition,Suprematist Composition,Anna's Light,Anna's Light,No 1 (Royal Red and Blue),Suprematist Composition,Suprematist Composition,Nude Green Leaves and Bust,Les Noces de Pierrette,Les Noces de Pierrette,Les Noces de Pierrette,Les Noces de Pierrette,Les Noces de Pierrette,Les Noces de Pierrette,Les Noces de Pierrette,Les Noces de Pierrette,Les Noces de Pierrette,Les Noces de Pierrette,Nude Green Leaves and Bust,Darmstadt Madonna,Nude Sitting on a Divan,Nude Sitting on a Divan,Nude Sitting on a Divan,Nude Sitting on a Divan,Nude Sitting on a Divan,Nude Sitting on a Divan,Nude Sitting on a Divan,Nude Sitting on a Divan,The Gross Clinic,The Gross Clinic
Portrait of Adele Bloch-Bauer I,Portrait of Adele Bloch-Bauer I,Portrait of Adele Bloch-Bauer I,Massacre of the Innocents,Salvator Mundi,Salvator Mundi,Salvator Mundi,Femme aux Bras Croises,Les Noces de Pierrette,Les Noces de Pierrette,Les Noces de Pierrette,Les Noces de Pierrette,Les Noces de Pierrette,Les Noces de Pierrette,Les Noces de Pierrette,Femme aux Bras Croises,Les Noces de Pierrette,Femme aux Bras Croises,Les Noces de Pierrette,Les Noces de Pierrette,Suprematist Composition,No 1 (Royal Red and Blue),Anna's Light,Anna's Light,Nude Sitting on a Divan,Suprematist Composition,Suprematist Composition,Les Noces de Pierrette,Les Noces de Pierrette,Les Noces de Pierrette,Les Noces de Pierrette,Les Noces de Pierrette,Les Noces de Pierrette,Les Noces de Pierrette,Les Noces de Pierrette,Les Noces de Pierrette,Les Noces de Pierrette,Les Noces de Pierrette,Les Noces de Pierrette,Les Noces de Pierrette,Darmstadt Madonna,Nude Sitting on a Divan,Nude Sitting on a Divan,Nude Sitting on a Divan,Nude Sitting on a Divan,Nude Sitting on a Divan,Nude Sitting on a Divan,Nude Sitting on a Divan,The Gross Clinic,The Gross Clinic
Massacre of the Innocents,Portrait of Adele Bloch-Bauer I,Portrait of Adele Bloch-Bauer I,Massacre of the Innocents,Salvator Mundi,Massacre of the Innocents,Portrait of a Halberdier,Femme aux Bras Croises,Les Noces de Pierrette,Les Noces de Pierrette,Les Noces de Pierrette,Les Noces de Pierrette,Les Noces de Pierrette,Les Noces de Pierrette,Les Noces de Pierrette,Les Noces de Pierrette,Les Noces de Pierrette,Femme aux Bras Croises,Les Noces de Pierrette,Nude Green Leaves and Bust,Suprematist Composition,No 1 (Royal Red and Blue),Anna's Light,Anna's Light,No 1 (Royal Red and Blue),Suprematist Composition,Suprematist Composition,Les Noces de Pierrette,Les Noces de Pierrette,Les Noces de Pierrette,Les Noces de Pierrette,Les Noces de Pierrette,Les Noces de Pierrette,Les Noces de Pierrette,Les Noces de Pierrette,Les Noces de Pierrette,Les Noces de Pierrette,Les Noces de Pierrette,Les Noces de Pierrette,Les Noces de Pierrette,Les Noces de Pierrette,Nude Sitting on a Divan,Nude Sitting on a Divan,Nude Sitting on a Divan,Nude Sitting on a Divan,Nude Sitting on a Divan,Nude Sitting on a Divan,Nude Sitting on a Divan,The Gross Clinic,The Gross Clinic
Massacre of the Innocents,Massacre of the Innocents,Massacre of the Innocents,Massacre of the Innocents,Salvator Mundi,Massacre of the Innocents,Les Noces de Pierrette,Femme aux Bras Croises,Les Noces de Pierrette,Les Noces de Pierrette,Les Noces de Pierrette,Les Noces de Pierrette,Les Noces de Pierrette,Les Noces de Pierrette,Les Noces de Pierrette,Les Noces de Pierrette,Les Noces de Pierrette,Les Noces de Pierrette,Les Noces de Pierrette,Nude Green Leaves and Bust,Suprematist Composition,Flag,Anna's Light,No 1 (Royal Red and Blue),Adele Bloch-Bauer II,Suprematist Composition,Suprematist Composition,Les Noces de Pierrette,Les Noces de Pierrette,Les Noces de Pierrette,Les Noces de Pierrette,Les Noces de Pierrette,Les Noces de Pierrette,Les Noces de Pierrette,Les Noces de Pierrette,Les Noces de Pierrette,Les Noces de Pierrette,Les Noces de Pierrette,Les Noces de Pierrette,Les Noces de Pierrette,Les Noces de Pierrette,The Gross Clinic,Nude Sitting on a Divan,Nude Sitting on a Divan,Nude Sitting on a Divan,Nude Sitting on a Divan,Nude Sitting on a Divan,Nude Sitting on a Divan,Nude Sitting on a Divan,The Gross Clinic
Massacre of the Innocents,Massacre of the Innocents,Massacre of the Innocents,Massacre of the Innocents,Salvator Mundi,Massacre of the Innocents,Les Noces de Pierrette,Femme aux Bras Croises,Les Noces de Pierrette,Femme aux Bras Croises,Les Noces de Pierrette,Les Noces de Pierrette,Les Noces de Pierrette,Les Noces de Pierrette,Les Noces de Pierrette,Les Noces de Pierrette,Femme aux Bras Croises,Femme aux Bras Croises,Les Noces de Pierrette,Nude Green Leaves and Bust,Suprematist Composition,Le Reve,Anna's Light,No 1 (Royal Red and Blue),Suprematist Composition,Eagle Standing on Pine Tree,Silver Car Crash (Double Disaster),Les Noces de Pierrette,Les Noces de Pierrette,Les Noces de Pierrette,Les Noces de Pierrette,Les Noces de Pierrette,Les Noces de Pierrette,Les Noces de Pierrette,Les Noces de Pierrette,Les Noces de Pierrette,Les Noces de Pierrette,Les Noces de Pierrette,Les Noces de Pierrette,Les Noces de Pierrette,The Gross Clinic,The Gross Clinic,Nude Sitting on a Divan,Nude Sitting on a Divan,Nude Sitting on a Divan,Nude Sitting on a Divan,Nude Sitting on a Divan,Nude Sitting on a Divan,Nude Sitting on a Divan,The Gross Clinic
Massacre of the Innocents,Massacre of the Innocents,Massacre of the Innocents,The Card Players,Salvator Mundi,No. 5 1948,Femme aux Bras Croises,Femme aux Bras Croises,Les Noces de Pierrette,Femme aux Bras Croises,Les Noces de Pierrette,Les Noces de Pierrette,Les Noces de Pierrette,Les Noces de Pierrette,Les Noces de Pierrette,Les Noces de Pierrette,Les Noces de Pierrette,Femme aux Bras Croises,Les Noces de Pierrette,Silver Car Crash (Double Disaster),Eagle Standing on Pine Tree,Anna's Light,Anna's Light,No 1 (Royal Red and Blue),Suprematist Composition,Suprematist Composition,Les Noces de Pierrette,Les Noces de Pierrette,Les Noces de Pierrette,Les Noces de Pierrette,Les Noces de Pierrette,Les Noces de Pierrette,Les Noces de Pierrette,Les Noces de Pierrette,Les Noces de Pierrette,Les Noces de Pierrette,Les Noces de Pierrette,Les Noces de Pierrette,Les Noces de Pierrette,The Gross Clinic,The Gross Clinic,The Gross Clinic,Nude Sitting on a Divan,Nude Sitting on a Divan,Nude Sitting on a Divan,Nude Sitting on a Divan,Nude Sitting on a Divan,Nude Sitting on a Divan,Nude Sitting on a Divan,The Gross Clinic
The Card Players,The Card Players,The Card Players,Salvator Mundi,Salvator Mundi,Les Noces de Pierrette,Femme aux Bras Croises,Femme aux Bras Croises,Femme aux Bras Croises,Femme aux Bras Croises,Les Noces de Pierrette,Les Noces de Pierrette,Les Noces de Pierrette,Les Noces de Pierrette,Les Noces de Pierrette,Femme aux Bras Croises,Les Noces de Pierrette,Femme aux Bras Croises,Femme aux Bras Croises,Silver Car Crash (Double Disaster),Eagle Standing on Pine Tree,Anna's Light,Anna's Light,No 1 (Royal Red and Blue),Suprematist Composition,Suprematist Composition,Les Noces de Pierrette,Les Noces de Pierrette,Les Noces de Pierrette,Les Noces de Pierrette,Les Noces de Pierrette,Les Noces de Pierrette,Les Noces de Pierrette,Les Noces de Pierrette,Les Noces de Pierrette,Les Noces de Pierrette,Les Noces de Pierrette,Les Noces de Pierrette,Les Noces de Pierrette,Les Noces de Pierrette,Les Noces de Pierrette,The Gross Clinic,Nude Sitting on a Divan,Nude Sitting on a Divan,Nude Sitting on a Divan,Nude Sitting on a Divan,Nude Sitting on a Divan,Nude Sitting on a Divan,Nude Sitting on a Divan,The Gross Clinic
Salvator Mundi,Salvator Mundi,Salvator Mundi,Salvator Mundi,The Gross Clinic,Les Noces de Pierrette,Femme aux Bras Croises,Femme aux Bras Croises,Femme aux Bras Croises,Femme aux Bras Croises,Les Noces de Pierrette,Les Noces de Pierrette,Les Noces de Pierrette,Les Noces de Pierrette,Les Noces de Pierrette,Les Noces de Pierrette,Femme aux Bras Croises,Femme aux Bras Croises,Les Noces de Pierrette,Silver Car Crash (Double Disaster),Le Reve,Anna's Light,Anna's Light,No 1 (Royal Red and Blue),Suprematist Composition,Silver Car Crash (Double Disaster),The Gross Clinic,Les Noces de Pierrette,Les Noces de Pierrette,Les Noces de Pierrette,Les Noces de Pierrette,Les Noces de Pierrette,Les Noces de Pierrette,Les Noces de Pierrette,Les Noces de Pierrette,Les Noces de Pierrette,Les Noces de Pierrette,Les Noces de Pierrette,Les Noces de Pierrette,Les Noces de Pierrette,Les Noces de Pierrette,The Gross Clinic,Nude Sitting on a Divan,Nude Sitting on a Divan,Nude Sitting on a Divan,Nude Sitting on a Divan,Nude Sitting on a Divan,Nude Sitting on a Divan,Nude Sitting on a Divan,Nude Sitting on a Divan
Salvator Mundi,Salvator Mundi,Salvator Mundi,The Gross Clinic,The Gross Clinic,Femme aux Bras Croises,Les Noces de Pierrette,Femme aux Bras Croises,Femme aux Bras Croises,Femme aux Bras Croises,Les Noces de Pierrette,Les Noces de Pierrette,Les Noces de Pierrette,Les Noces de Pierrette,Les Noces de Pierrette,Les Noces de Pierrette,Les Noces de Pierrette,Les Noces de Pierrette,Les Noces de Pierrette,Silver Car Crash (Double Disaster),Anna's Light,Anna's Light,Anna's Light,No 1 (Royal Red and Blue),Suprematist Composition,The Gross Clinic,The Gross Clinic,Les Noces de Pierrette,Les Noces de Pierrette,Les Noces de Pierrette,Les Noces de Pierrette,Les Noces de Pierrette,Les Noces de Pierrette,Les Noces de Pierrette,Les Noces de Pierrette,Les Noces de Pierrette,Les Noces de Pierrette,Les Noces de Pierrette,Les Noces de Pierrette,The Gross Clinic,Les Noces de Pierrette,The Gross Clinic,Nude Sitting on a Divan,Nude Sitting on a Divan,Nude Sitting on a Divan,Nude Sitting on a Divan,Nude Sitting on a Divan,Nude Sitting on a Divan,Nude Sitting on a Divan,Nude Sitting on a Divan
Salvator Mundi,Salvator Mundi,Salvator Mundi,Salvator Mundi,The Gross Clinic,Femme aux Bras Croises,Femme aux Bras Croises,Les Noces de Pierrette,Femme aux Bras Croises,Femme aux Bras Croises,Les Noces de Pierrette,Les Noces de Pierrette,Les Noces de Pierrette,Les Noces de Pierrette,Les Noces de Pierrette,Les Noces de Pierrette,Les Noces de Pierrette,Les Noces de Pierrette,Les Noces de Pierrette,Silver Car Crash (Double Disaster),Anna's Light,Anna's Light,Anna's Light,No 1 (Royal Red and Blue),Suprematist Composition,The Gross Clinic,Les Noces de Pierrette,Les Noces de Pierrette,Les Noces de Pierrette,Les Noces de Pierrette,Les Noces de Pierrette,Les Noces de Pierrette,Les Noces de Pierrette,Les Noces de Pierrette,Les Noces de Pierrette,Les Noces de Pierrette,Les Noces de Pierrette,Les Noces de Pierrette,Les Noces de Pierrette,Les Noces de Pierrette,Les Noces de Pierrette,The Gross Clinic,Nude Sitting on a Divan,Nude Sitting on a Divan,Nude Sitting on a Divan,Nude Sitting on a Divan,Nude Sitting on a Divan,Nude Sitting on a Divan,Nude Sitting on a Divan,Nude Sitting on a Divan
Salvator Mundi,Salvator Mundi,Salvator Mundi,Salvator Mundi,The Gross Clinic,Femme aux Bras Croises,Femme aux Bras Croises,Femme aux Bras Croises,Les Noces de Pierrette,Femme aux Bras Croises,Femme aux Bras Croises,Les Noces de Pierrette,Les Noces de Pierrette,Les Noces de Pierrette,Les Noces de Pierrette,Les Noces de Pierrette,Femme aux Bras Croises,Femme aux Bras Croises,Les Noces de Pierrette,Darmstadt Madonna,Anna's Light,Anna's Light,Anna's Light,Le Reve,Suprematist Composition,The Gross Clinic,Les Noces de Pierrette,Les Noces de Pierrette,Les Noces de Pierrette,Les Noces de Pierrette,Les Noces de Pierrette,Les Noces de Pierrette,Les Noces de Pierrette,Les Noces de Pierrette,Les Noces de Pierrette,Les Noces de Pierrette,Les Noces de Pierrette,Les Noces de Pierrette,Les Noces de Pierrette,Les Noces de Pierrette,The Gross Clinic,The Gross Clinic,Nude Sitting on a Divan,Nude Sitting on a Divan,Nude Sitting on a Divan,Nude Sitting on a Divan,Nude Sitting on a Divan,Nude Sitting on a Divan,Nude Sitting on a Divan,Nude Sitting on a Divan
Salvator Mundi,Salvator Mundi,Salvator Mundi,Salvator Mundi,Les Noces de Pierrette,Femme aux Bras Croises,Femme aux Bras Croises,Femme aux Bras Croises,Les Noces de Pierrette,Les Noces de Pierrette,Femme aux Bras Croises,Les Noces de Pierrette,Les Noces de Pierrette,Les Noces de Pierrette,Les Noces de Pierrette,Les Noces de Pierrette,Femme aux Bras Croises,Femme aux Bras Croises,Les Noces de Pierrette,Nude Sitting on a Divan,Anna's Light,Anna's Light,Anna's Light,Flag,Silver Car Crash (Double Disaster),Les Noces de Pierrette,Les Noces de Pierrette,Les Noces de Pierrette,Les Noces de Pierrette,Les Noces de Pierrette,Les Noces de Pierrette,Les Noces de Pierrette,Les Noces de Pierrette,Les Noces de Pierrette,Les Noces de Pierrette,Les Noces de Pierrette,Les Noces de Pierrette,Les Noces de Pierrette,Les Noces de Pierrette,Les Noces de Pierrette,The Gross Clinic,The Gross Clinic,Nude Sitting on a Divan,Nude Sitting on a Divan,Nude Sitting on a Divan,Nude Sitting on a Divan,Nude Sitting on a Divan,Nude Sitting on a Divan,Nude Sitting on a Divan,Nude Sitting on a Divan
Salvator Mundi,Salvator Mundi,Salvator Mundi,Salvator Mundi,Les Noces de Pierrette,Les Noces de Pierrette,Femme aux Bras Croises,Les Noces de Pierrette,Les Noces de Pierrette,Les Noces de Pierrette,Femme aux Bras Croises,Les Noces de Pierrette,Les Noces de Pierrette,Les Noces de Pierrette,Les Noces de Pierrette,Les Noces de Pierrette,Femme aux Bras Croises,Femme aux Bras Croises,Les Noces de Pierrette,Nude Sitting on a Divan,Anna's Light,Anna's Light,Anna's Light,Eagle Standing on Pine Tree,Les Noces de Pierrette,Les Noces de Pierrette,Les Noces de Pierrette,Les Noces de Pierrette,Les Noces de Pierrette,Les Noces de Pierrette,Les Noces de Pierrette,Les Noces de Pierrette,Les Noces de Pierrette,Les Noces de Pierrette,Les Noces de Pierrette,Les Noces de Pierrette,Les Noces de Pierrette,Les Noces de Pierrette,Les Noces de Pierrette,The Gross Clinic,The Gross Clinic,The Gross Clinic,Nude Sitting on a Divan,Nude Sitting on a Divan,Nude Sitting on a Divan,Nude Sitting on a Divan,Nude Sitting on a Divan,Nude Sitting on a Divan,Nude Sitting on a Divan,Nude Sitting on a Divan
Salvator Mundi,Salvator Mundi,Salvator Mundi,The Gross Clinic,Les Noces de Pierrette,Les Noces de Pierrette,Femme aux Bras Croises,Femme aux Bras Croises,Les Noces de Pierrette,Les Noces de Pierrette,Femme aux Bras Croises,Les Noces de Pierrette,Les Noces de Pierrette,Les Noces de Pierrette,Les Noces de Pierrette,Les Noces de Pierrette,Femme aux Bras Croises,Femme aux Bras Croises,Femme aux Bras Croises,No 1 (Royal Red and Blue),Anna's Light,Anna's Light,Anna's Light,Suprematist Composition,Les Noces de Pierrette,Les Noces de Pierrette,Les Noces de Pierrette,Les Noces de Pierrette,Les Noces de Pierrette,Les Noces de Pierrette,Les Noces de Pierrette,Les Noces de Pierrette,Les Noces de Pierrette,Les Noces de Pierrette,Les Noces de Pierrette,Les Noces de Pierrette,Les Noces de Pierrette,Les Noces de Pierrette,Les Noces de Pierrette,The Gross Clinic,The Gross Clinic,The Gross Clinic,Nude Sitting on a Divan,Nude Sitting on a Divan,Nude Sitting on a Divan,Nude Sitting on a Divan,Nude Sitting on a Divan,Nude Sitting on a Divan,Nude Sitting on a Divan,The Gross Clinic
Salvator Mundi,Salvator Mundi,Salvator Mundi,The Gross Clinic,Femme aux Bras Croises,Femme aux Bras Croises,Femme aux Bras Croises,Femme aux Bras Croises,Les Noces de Pierrette,Les Noces de Pierrette,Femme aux Bras Croises,Les Noces de Pierrette,Les Noces de Pierrette,Les Noces de Pierrette,Les Noces de Pierrette,Les Noces de Pierrette,Les Noces de Pierrette,Femme aux Bras Croises,Les Noces de Pierrette,No 1 (Royal Red and Blue),Anna's Light,Anna's Light,Anna's Light,Silver Car Crash (Double Disaster),Les Noces de Pierrette,Les Noces de Pierrette,Les Noces de Pierrette,Les Noces de Pierrette,Les Noces de Pierrette,Les Noces de Pierrette,Les Noces de Pierrette,Les Noces de Pierrette,Les Noces de Pierrette,Les Noces de Pierrette,Les Noces de Pierrette,Les Noces de Pierrette,The Gross Clinic,Les Noces de Pierrette,The Gross Clinic,The Gross Clinic,The Gross Clinic,The Gross Clinic,The Gross Clinic,The Gross Clinic,Nude Sitting on a Divan,Nude Sitting on a Divan,The Gross Clinic,The Gross Clinic,The Gross Clinic,The Gross Clinic