"Triptych, 1976",Bal du moulin de la Galette,"Triptych, 1976",Peasant Woman Against a Background of Wheat,Peasant Woman Against a Background of Wheat,Peasant Woman Against a Background of Wheat,Black Fire I,"Rideau, Cruchon et Compotier",Peasant Woman Against a Background of Wheat,"Triptych, 1976",Dora Maar au Chat,"Rideau, Cruchon et Compotier",Peasant Woman Against a Background of Wheat,"Triptych, 1976",Les Noces de Pierrette,Femme aux Bras Croises,Femme aux Bras Croises,Femme aux Bras Croises,Femme aux Bras Croises,Femme aux Bras Croises,Femme aux Bras Croises,Femme aux Bras Croises,Les Noces de Pierrette,Les Noces de Pierrette,"Triptych, 1976",Femme assise dans un jardin,Police Gazette,Femme assise dans un jardin,Peasant Woman Against a Background of Wheat,"Triptych, 1976",Nude Green Leaves and Bust,"Triptych, 1976",Zhichuan Resettlemen,Zhichuan Resettlemen,"Triptych, 1976","Triptych, 1976",Zhichuan Resettlemen,Peasant Woman Against a Background of Wheat,Zhichuan Resettlemen,"Rideau, Cruchon et Compotier","Triptych, 1976","Triptych, 1976","Rideau, Cruchon et Compotier","Rideau, Cruchon et Compotier","Triptych, 1976","Triptych, 1976",Zhichuan Resettlemen,"Rideau, Cruchon et Compotier","Triptych, 1976",Dora Maar au Chat
"Triptych, 1976",Dora Maar au Chat,"Rideau, Cruchon et Compotier",Peasant Woman Against a Background of Wheat,Peasant Woman Against a Background of Wheat,"Rideau, Cruchon et Compotier",Dora Maar au Chat,"Triptych, 1976","Rideau, Cruchon et Compotier",Nude Green Leaves and Bust,Les Noces de Pierrette,"Triptych, 1976",Zhichuan Resettlemen,"Triptych, 1976",Les Noces de Pierrette,Femme aux Bras Croises,Femme aux Bras Croises,Femme aux Bras Croises,Femme aux Bras Croises,Femme aux Bras Croises,Femme aux Bras Croises,Femme aux Bras Croises,Les Noces de Pierrette,Nude Green Leaves and Bust,"Triptych, 1976",Peasant Woman Against a Background of Wheat,Femme assise dans un jardin,Femme assise dans un jardin,Peasant Woman Against a Background of Wheat,"Triptych, 1976",Nude Green Leaves and Bust,"Triptych, 1976",Zhichuan Resettlemen,Zhichuan Resettlemen,"Triptych, 1976","Triptych, 1976","Triptych, 1976",Zhichuan Resettlemen,Zhichuan Resettlemen,Zhichuan Resettlemen,Zhichuan Resettlemen,Zhichuan Resettlemen,Zhichuan Resettlemen,Peasant Woman Against a Background of Wheat,Peasant Woman Against a Background of Wheat,Peasant Woman Against a Background of Wheat,Peasant Woman Against a Background of Wheat,Peasant Woman Against a Background of Wheat,Peasant Woman Against a Background of Wheat,Peasant Woman Against a Background of Wheat
"Rideau, Cruchon et Compotier","Rideau, Cruchon et Compotier",Zhichuan Resettlemen,Zhichuan Resettlemen,Zhichuan Resettlemen,"Triptych, 1976","Triptych, 1976",Zhichuan Resettlemen,Zhichuan Resettlemen,"Triptych, 1976",Zhichuan Resettlemen,Zhichuan Resettlemen,Peasant Woman Against a Background of Wheat,"Triptych, 1976",Les Noces de Pierrette,Femme aux Bras Croises,Femme aux Bras Croises,Femme aux Bras Croises,Femme aux Bras Croises,Femme aux Bras Croises,Femme aux Bras Croises,Femme aux Bras Croises,Les Noces de Pierrette,Les Noces de Pierrette,Nude Green Leaves and Bust,"Triptych, 1976",Adele Bloch-Bauer II,"Triptych, 1976","Triptych, 1976",Nude Green Leaves and Bust,Nude Green Leaves and Bust,Nude Green Leaves and Bust,Nude Green Leaves and Bust,Nude Green Leaves and Bust,Nude Green Leaves and Bust,Nude Green Leaves and Bust,Nude Green Leaves and Bust,Nude Green Leaves and Bust,Nude Green Leaves and Bust,Nude Green Leaves and Bust,"Triptych, 1976","Triptych, 1976","Triptych, 1976","Triptych, 1976",Zhichuan Resettlemen,Zhichuan Resettlemen,Zhichuan Resettlemen,Zhichuan Resettlemen,Peasant Woman Against a Background of Wheat,Peasant Woman Against a Background of Wheat
Peasant Woman Against a Background of Wheat,Peasant Woman Against a Background of Wheat,Peasant Woman Against a Background of Wheat,Peasant Woman Against a Background of Wheat,Peasant Woman Against a Background of Wheat,Peasant Woman Against a Background of Wheat,Peasant Woman Against a Background of Wheat,Peasant Woman Against a Background of Wheat,A Wheatfield with Cypresses,Eagle Standing on Pine Tree,Eagle Standing on Pine Tree,Eagle Standing on Pine Tree,A Wheatfield with Cypresses,"Triptych, 1976",Les Noces de Pierrette,Femme aux Bras Croises,Femme aux Bras Croises,Femme aux Bras Croises,Femme aux Bras Croises,Femme aux Bras Croises,Femme aux Bras Croises,Femme aux Bras Croises,Femme aux Bras Croises,Femme aux Bras Croises,Les Noces de Pierrette,Les Noces de Pierrette,Les Noces de Pierrette,Les Noces de Pierrette,Les Noces de Pierrette,Les Noces de Pierrette,Les Noces de Pierrette,Les Noces de Pierrette,Les Noces de Pierrette,Les Noces de Pierrette,Les Noces de Pierrette,Les Noces de Pierrette,Les Noces de Pierrette,Les Noces de Pierrette,Les Noces de Pierrette,Les Noces de Pierrette,Femme aux Bras Croises,Les Noces de Pierrette,Les Noces de Pierrette,Les Noces de Pierrette,Les Noces de Pierrette,Les Noces de Pierrette,Les Noces de Pierrette,Nude Green Leaves and Bust,Nude Green Leaves and Bust,"Triptych, 1976"
Nude Green Leaves and Bust,Nude Green Leaves and Bust,"Triptych, 1976","Triptych, 1976","Triptych, 1976",Zhichuan Resettlemen,Zhichuan Resettlemen,Zhichuan Resettlemen,Zhichuan Resettlemen,Peasant Woman Against a Background of Wheat,A Wheatfield with Cypresses,Zhichuan Resettlemen,Zhichuan Resettlemen,Nude Green Leaves and Bust,Femme aux Bras Croises,Femme aux Bras Croises,Femme aux Bras Croises,Femme aux Bras Croises,Femme aux Bras Croises,Femme aux Bras Croises,Femme aux Bras Croises,Femme aux Bras Croises,Femme aux Bras Croises,Femme aux Bras Croises,Femme aux Bras Croises,Femme aux Bras Croises,Femme aux Bras Croises,Femme aux Bras Croises,Femme aux Bras Croises,Femme aux Bras Croises,Les Noces de Pierrette,Nude Green Leaves and Bust,Nude Green Leaves and Bust,Nude Green Leaves and Bust,Nude Green Leaves and Bust,Nude Green Leaves and Bust,Nude Green Leaves and Bust,Nude Green Leaves and Bust,Nude Green Leaves and Bust,Nude Green Leaves and Bust,Les Noces de Pierrette,Les Noces de Pierrette,Les Noces de Pierrette,Les Noces de Pierrette,Nude Green Leaves and Bust,Nude Green Leaves and Bust,Nude Green Leaves and Bust,Nude Green Leaves and Bust,Nude Green Leaves and Bust,Dora Maar au Chat
Les Noces de Pierrette,Les Noces de Pierrette,Les Noces de Pierrette,Les Noces de Pierrette,Nude Green Leaves and Bust,Nude Green Leaves and Bust,Nude Green Leaves and Bust,"Triptych, 1976","Triptych, 1976",Nude Green Leaves and Bust,Nude Green Leaves and Bust,Les Noces de Pierrette,Les Noces de Pierrette,Femme aux Bras Croises,Femme aux Bras Croises,Femme aux Bras Croises,Femme aux Bras Croises,Femme aux Bras Croises,Femme aux Bras Croises,Femme aux Bras Croises,Femme aux Bras Croises,Femme aux Bras Croises,Femme aux Bras Croises,Femme aux Bras Croises,Femme aux Bras Croises,Femme aux Bras Croises,Femme aux Bras Croises,Femme aux Bras Croises,Femme aux Bras Croises,Femme aux Bras Croises,Les Noces de Pierrette,Nude Green Leaves and Bust,"Triptych, 1976","Triptych, 1976","Triptych, 1976","Triptych, 1976",Nude Green Leaves and Bust,Nude Green Leaves and Bust,Nude Green Leaves and Bust,Nude Green Leaves and Bust,Les Noces de Pierrette,Les Noces de Pierrette,Les Noces de Pierrette,Nude Green Leaves and Bust,Les Noces de Pierrette,Nude Green Leaves and Bust,Nude Green Leaves and Bust,Nude Green Leaves and Bust,Les Noces de Pierrette,Les Noces de Pierrette
Nude Green Leaves and Bust,Nude Green Leaves and Bust,Nude Green Leaves and Bust,Nude Green Leaves and Bust,Nude Green Leaves and Bust,Nude Green Leaves and Bust,Nude Green Leaves and Bust,Nude Green Leaves and Bust,Les Noces de Pierrette,Les Noces de Pierrette,Femme aux Bras Croises,Femme aux Bras Croises,Femme aux Bras Croises,Femme aux Bras Croises,Femme aux Bras Croises,Femme aux Bras Croises,Femme aux Bras Croises,Femme aux Bras Croises,Femme aux Bras Croises,Femme aux Bras Croises,Femme aux Bras Croises,Femme aux Bras Croises,Femme aux Bras Croises,Femme aux Bras Croises,Femme aux Bras Croises,Femme aux Bras Croises,Femme aux Bras Croises,Femme aux Bras Croises,Femme aux Bras Croises,Femme aux Bras Croises,Femme aux Bras Croises,Les Noces de Pierrette,Les Noces de Pierrette,Les Noces de Pierrette,Les Noces de Pierrette,Les Noces de Pierrette,Les Noces de Pierrette,Les Noces de Pierrette,Les Noces de Pierrette,Les Noces de Pierrette,Les Noces de Pierrette,Les Noces de Pierrette,Les Noces de Pierrette,Femme aux Bras Croises,Femme aux Bras Croises,Femme aux Bras Croises,Femme aux Bras Croises,Femme aux Bras Croises,Femme aux Bras Croises,Femme aux Bras Croises
Les Noces de Pierrette,Les Noces de Pierrette,Les Noces de Pierrette,Les Noces de Pierrette,Les Noces de Pierrette,Les Noces de Pierrette,Les Noces de Pierrette,Les Noces de Pierrette,Les Noces de Pierrette,Femme aux Bras Croises,Femme aux Bras Croises,Femme aux Bras Croises,Femme aux Bras Croises,Femme aux Bras Croises,Femme aux Bras Croises,Femme aux Bras Croises,Femme aux Bras Croises,Femme aux Bras Croises,Femme aux Bras Croises,Femme aux Bras Croises,Femme aux Bras Croises,Femme aux Bras Croises,Femme aux Bras Croises,Femme aux Bras Croises,Femme aux Bras Croises,Femme aux Bras Croises,Femme aux Bras Croises,Femme aux Bras Croises,Femme aux Bras Croises,Femme aux Bras Croises,Femme aux Bras Croises,Femme aux Bras Croises,Femme aux Bras Croises,Femme aux Bras Croises,Femme aux Bras Croises,Femme aux Bras Croises,Femme aux Bras Croises,Femme aux Bras Croises,Femme aux Bras Croises,Femme aux Bras Croises,Femme aux Bras Croises,Femme aux Bras Croises,Femme aux Bras Croises,Femme aux Bras Croises,Femme aux Bras Croises,Femme aux Bras Croises,Femme aux Bras Croises,Femme aux Bras Croises,Femme aux Bras Croises,Femme aux Bras Croises
Femme aux Bras Croises,Femme aux Bras Croises,Femme aux Bras Croises,Femme aux Bras Croises,Femme aux Bras Croises,Femme aux Bras Croises,Femme aux Bras Croises,Femme aux Bras Croises,Femme aux Bras Croises,Femme aux Bras Croises,Femme aux Bras Croises,Femme aux Bras Croises,Femme aux Bras Croises,Femme aux Bras Croises,Femme aux Bras Croises,Femme aux Bras Croises,Femme aux Bras Croises,Femme aux Bras Croises,Femme aux Bras Croises,Femme aux Bras Croises,Femme aux Bras Croises,Femme aux Bras Croises,Femme aux Bras Croises,Femme aux Bras Croises,Femme aux Bras Croises,Femme aux Bras Croises,Femme aux Bras Croises,Femme aux Bras Croises,Femme aux Bras Croises,Femme aux Bras Croises,Femme aux Bras Croises,Femme aux Bras Croises,Femme aux Bras Croises,Femme aux Bras Croises,Femme aux Bras Croises,Femme aux Bras Croises,Femme aux Bras Croises,Femme aux Bras Croises,Femme aux Bras Croises,Femme aux Bras Croises,Femme aux Bras Croises,Femme aux Bras Croises,Femme aux Bras Croises,Femme aux Bras Croises,Femme aux Bras Croises,Femme aux Bras Croises,Femme aux Bras Croises,Femme aux Bras Croises,Femme aux Bras Croises,Femme aux Bras Croises
Femme aux Bras Croises,Femme aux Bras Croises,Femme aux Bras Croises,Femme aux Bras Croises,Femme aux Bras Croises,Femme aux Bras Croises,Femme aux Bras Croises,Femme aux Bras Croises,Femme aux Bras Croises,Femme aux Bras Croises,Femme aux Bras Croises,Femme aux Bras Croises,Femme aux Bras Croises,Femme aux Bras Croises,Femme aux Bras Croises,Femme aux Bras Croises,Femme aux Bras Croises,Femme aux Bras Croises,Femme aux Bras Croises,Femme aux Bras Croises,Femme aux Bras Croises,Femme aux Bras Croises,Femme aux Bras Croises,Femme aux Bras Croises,Femme aux Bras Croises,Femme aux Bras Croises,Femme aux Bras Croises,Femme aux Bras Croises,Femme aux Bras Croises,Femme aux Bras Croises,Femme aux Bras Croises,Femme aux Bras Croises,Femme aux Bras Croises,Femme aux Bras Croises,Femme aux Bras Croises,Femme aux Bras Croises,Femme aux Bras Croises,Femme aux Bras Croises,Femme aux Bras Croises,Femme aux Bras Croises,Femme aux Bras Croises,Femme aux Bras Croises,Femme aux Bras Croises,Femme aux Bras Croises,Femme aux Bras Croises,Femme aux Bras Croises,Femme aux Bras Croises,Femme aux Bras Croises,Femme aux Bras Croises,Femme aux Bras Croises
Femme aux Bras Croises,Femme aux Bras Croises,Femme aux Bras Croises,Femme aux Bras Croises,Femme aux Bras Croises,Femme aux Bras Croises,Femme aux Bras Croises,Femme aux Bras Croises,Femme aux Bras Croises,Femme aux Bras Croises,Femme aux Bras Croises,Femme aux Bras Croises,Femme aux Bras Croises,Femme aux Bras Croises,Femme aux Bras Croises,Femme aux Bras Croises,Femme aux Bras Croises,Femme aux Bras Croises,Femme aux Bras Croises,Femme aux Bras Croises,Femme aux Bras Croises,Les Noces de Pierrette,The Gross Clinic,The Gross Clinic,The Gross Clinic,The Gross Clinic,The Gross Clinic,The Gross Clinic,The Gross Clinic,The Gross Clinic,The Gross Clinic,The Gross Clinic,The Gross Clinic,Les Noces de Pierrette,Femme aux Bras Croises,Femme aux Bras Croises,Femme aux Bras Croises,Femme aux Bras Croises,Femme aux Bras Croises,Femme aux Bras Croises,Femme aux Bras Croises,Femme aux Bras Croises,Femme aux Bras Croises,Femme aux Bras Croises,Femme aux Bras Croises,Femme aux Bras Croises,Femme aux Bras Croises,Femme aux Bras Croises,Femme aux Bras Croises,Femme aux Bras Croises
Femme aux Bras Croises,Femme aux Bras Croises,Femme aux Bras Croises,Femme aux Bras Croises,Femme aux Bras Croises,Femme aux Bras Croises,Femme aux Bras Croises,Femme aux Bras Croises,Femme aux Bras Croises,Femme aux Bras Croises,Femme aux Bras Croises,Femme aux Bras Croises,Femme aux Bras Croises,Femme aux Bras Croises,Femme aux Bras Croises,Femme aux Bras Croises,Femme aux Bras Croises,Femme aux Bras Croises,Les Noces de Pierrette,The Gross Clinic,The Gross Clinic,"Portrait of Alfonso d'Avalos, Marquis of Vasto, in Armor with a Page",The Gross Clinic,The Gross Clinic,The Gross Clinic,The Gross Clinic,The Gross Clinic,The Gross Clinic,The Gross Clinic,The Gross Clinic,The Gross Clinic,The Gross Clinic,The Gross Clinic,The Gross Clinic,The Gross Clinic,The Gross Clinic,The Gross Clinic,Femme aux Bras Croises,Femme aux Bras Croises,Femme aux Bras Croises,Femme aux Bras Croises,Femme aux Bras Croises,Femme aux Bras Croises,Femme aux Bras Croises,Femme aux Bras Croises,Femme aux Bras Croises,Femme aux Bras Croises,Femme aux Bras Croises,Femme aux Bras Croises,Femme aux Bras Croises
Femme aux Bras Croises,Femme aux Bras Croises,Femme aux Bras Croises,Femme aux Bras Croises,Femme aux Bras Croises,Femme aux Bras Croises,Femme aux Bras Croises,Femme aux Bras Croises,Femme aux Bras Croises,Femme aux Bras Croises,Femme aux Bras Croises,Femme aux Bras Croises,Femme aux Bras Croises,Femme aux Bras Croises,Femme aux Bras Croises,Femme aux Bras Croises,The Gross Clinic,The Gross Clinic,"Portrait of Alfonso d'Avalos, Marquis of Vasto, in Armor with a Page","Portrait of Alfonso d'Avalos, Marquis of Vasto, in Armor with a Page",The Gross Clinic,The Gross Clinic,The Gross Clinic,The Gross Clinic,The Gross Clinic,The Gross Clinic,The Gross Clinic,The Gross Clinic,The Gross Clinic,The Gross Clinic,The Gross Clinic,The Gross Clinic,The Gross Clinic,The Gross Clinic,The Gross Clinic,The Gross Clinic,The Gross Clinic,The Gross Clinic,The Gross Clinic,Les Noces de Pierrette,Femme aux Bras Croises,Femme aux Bras Croises,Femme aux Bras Croises,Femme aux Bras Croises,Femme aux Bras Croises,Femme aux Bras Croises,Les Noces de Pierrette,Les Noces de Pierrette,Les Noces de Pierrette,Les Noces de Pierrette
Femme aux Bras Croises,Femme aux Bras Croises,Femme aux Bras Croises,Femme aux Bras Croises,Femme aux Bras Croises,Femme aux Bras Croises,Femme aux Bras Croises,Femme aux Bras Croises,Femme aux Bras Croises,Femme aux Bras Croises,Femme aux Bras Croises,Femme aux Bras Croises,Femme aux Bras Croises,Femme aux Bras Croises,The Gross Clinic,The Gross Clinic,"Portrait of Alfonso d'Avalos, Marquis of Vasto, in Armor with a Page","Portrait of Alfonso d'Avalos, Marquis of Vasto, in Armor with a Page",The Gross Clinic,The Gross Clinic,The Gross Clinic,The Gross Clinic,The Gross Clinic,The Gross Clinic,"Portrait of Alfonso d'Avalos, Marquis of Vasto, in Armor with a Page",The Gross Clinic,"Portrait of Alfonso d'Avalos, Marquis of Vasto, in Armor with a Page","Portrait of Alfonso d'Avalos, Marquis of Vasto, in Armor with a Page","Portrait of Alfonso d'Avalos, Marquis of Vasto, in Armor with a Page","Portrait of Alfonso d'Avalos, Marquis of Vasto, in Armor with a Page","Portrait of Alfonso d'Avalos, Marquis of Vasto, in Armor with a Page","Portrait of Alfonso d'Avalos, Marquis of Vasto, in Armor with a Page","Portrait of Alfonso d'Avalos, Marquis of Vasto, in Armor with a Page","Portrait of Alfonso d'Avalos, Marquis of Vasto, in Armor with a Page",The Gross Clinic,The Gross Clinic,"Portrait of Alfonso d'Avalos, Marquis of Vasto, in Armor with a Page","Portrait of Alfonso d'Avalos, Marquis of Vasto, in Armor with a Page","Portrait of Alfonso d'Avalos, Marquis of Vasto, in Armor with a Page",The Gross Clinic,Les Noces de Pierrette,Femme aux Bras Croises,Femme aux Bras Croises,Femme aux Bras Croises,Les Noces de Pierrette,Nude Green Leaves and Bust,Adele Bloch-Bauer II,Acrobate et jeune arlequin,Darmstadt Madonna,Les Noces de Pierrette
Femme aux Bras Croises,Femme aux Bras Croises,Les Noces de Pierrette,Les Noces de Pierrette,Nude Green Leaves and Bust,Darmstadt Madonna,Les Noces de Pierrette,Les Noces de Pierrette,Les Noces de Pierrette,Les Noces de Pierrette,Les Noces de Pierrette,Les Noces de Pierrette,Femme aux Bras Croises,The Gross Clinic,"Portrait of Alfonso d'Avalos, Marquis of Vasto, in Armor with a Page","Portrait of Alfonso d'Avalos, Marquis of Vasto, in Armor with a Page","Portrait of Alfonso d'Avalos, Marquis of Vasto, in Armor with a Page","Portrait of Alfonso d'Avalos, Marquis of Vasto, in Armor with a Page",The Gross Clinic,The Gross Clinic,The Gross Clinic,The Gross Clinic,The Gross Clinic,The Gross Clinic,The Gross Clinic,"Portrait of Alfonso d'Avalos, Marquis of Vasto, in Armor with a Page",The Gross Clinic,"Portrait of Alfonso d'Avalos, Marquis of Vasto, in Armor with a Page","Portrait of Alfonso d'Avalos, Marquis of Vasto, in Armor with a Page",The Gross Clinic,"Portrait of Alfonso d'Avalos, Marquis of Vasto, in Armor with a Page","Portrait of Alfonso d'Avalos, Marquis of Vasto, in Armor with a Page","Portrait of Alfonso d'Avalos, Marquis of Vasto, in Armor with a Page","Portrait of Alfonso d'Avalos, Marquis of Vasto, in Armor with a Page","Portrait of Alfonso d'Avalos, Marquis of Vasto, in Armor with a Page","Portrait of Alfonso d'Avalos, Marquis of Vasto, in Armor with a Page","Portrait of Alfonso d'Avalos, Marquis of Vasto, in Armor with a Page","Portrait of Alfonso d'Avalos, Marquis of Vasto, in Armor with a Page",The Gross Clinic,The Gross Clinic,The Gross Clinic,Femme aux Bras Croises,Femme aux Bras Croises,Les Noces de Pierrette,Nude Green Leaves and Bust,Portrait de l'artiste sans barbe,Femme assise dans un jardin,Le Reve,Le Reve,Darmstadt Madonna
Femme aux Bras Croises,Les Noces de Pierrette,Nude Green Leaves and Bust,Portrait de l'artiste sans barbe,Femme assise dans un jardin,The Scream,Darmstadt Madonna,Les Noces de Pierrette,Les Noces de Pierrette,Les Noces de Pierrette,Les Noces de Pierrette,Les Noces de Pierrette,The Gross Clinic,The Gross Clinic,"Portrait of Alfonso d'Avalos, Marquis of Vasto, in Armor with a Page","Portrait of Alfonso d'Avalos, Marquis of Vasto, in Armor with a Page",The Gross Clinic,The Gross Clinic,The Gross Clinic,The Gross Clinic,The Gross Clinic,The Gross Clinic,"Portrait of Alfonso d'Avalos, Marquis of Vasto, in Armor with a Page","Portrait of Alfonso d'Avalos, Marquis of Vasto, in Armor with a Page","Portrait of Alfonso d'Avalos, Marquis of Vasto, in Armor with a Page",Salvator Mundi,Salvator Mundi,Salvator Mundi,Salvator Mundi,Salvator Mundi,"Portrait of Alfonso d'Avalos, Marquis of Vasto, in Armor with a Page","Portrait of Alfonso d'Avalos, Marquis of Vasto, in Armor with a Page","Portrait of Alfonso d'Avalos, Marquis of Vasto, in Armor with a Page","Portrait of Alfonso d'Avalos, Marquis of Vasto, in Armor with a Page",The Gross Clinic,The Gross Clinic,The Gross Clinic,The Gross Clinic,The Gross Clinic,The Gross Clinic,The Gross Clinic,The Gross Clinic,Femme aux Bras Croises,Les Noces de Pierrette,Nude Green Leaves and Bust,Eagle Standing on Pine Tree,Eagle Standing on Pine Tree,Three Studies of Lucian Freud,Le Reve,Femme assise dans un jardin
Femme aux Bras Croises,Les Noces de Pierrette,Portrait de l'artiste sans barbe,Eagle Standing on Pine Tree,Le Reve,Le Reve,Acrobate et jeune arlequin,Silver Car Crash (Double Disaster),Men in Her Life,Men in Her Life,"Triptych, 1976",The Gross Clinic,"Portrait of Alfonso d'Avalos, Marquis of Vasto, in Armor with a Page","Portrait of Alfonso d'Avalos, Marquis of Vasto, in Armor with a Page",The Gross Clinic,The Gross Clinic,The Gross Clinic,The Gross Clinic,"Portrait of Alfonso d'Avalos, Marquis of Vasto, in Armor with a Page","Portrait of Alfonso d'Avalos, Marquis of Vasto, in Armor with a Page","Portrait of Alfonso d'Avalos, Marquis of Vasto, in Armor with a Page","Portrait of Alfonso d'Avalos, Marquis of Vasto, in Armor with a Page","Portrait of Alfonso d'Avalos, Marquis of Vasto, in Armor with a Page",The Gross Clinic,The Card Players,Massacre of the Innocents,Massacre of the Innocents,Massacre of the Innocents,Massacre of the Innocents,Massacre of the Innocents,The Card Players,Salvator Mundi,"Portrait of Alfonso d'Avalos, Marquis of Vasto, in Armor with a Page","Portrait of Alfonso d'Avalos, Marquis of Vasto, in Armor with a Page","Portrait of Alfonso d'Avalos, Marquis of Vasto, in Armor with a Page",The Gross Clinic,The Gross Clinic,The Gross Clinic,The Gross Clinic,The Gross Clinic,The Gross Clinic,The Gross Clinic,Les Noces de Pierrette,Femme aux Bras Croises,Nude Green Leaves and Bust,Eagle Standing on Pine Tree,Eagle Standing on Pine Tree,Three Studies of Lucian Freud,Femme assise dans un jardin,Femme assise dans un jardin
Femme aux Bras Croises,Les Noces de Pierrette,Eagle Standing on Pine Tree,Eagle Standing on Pine Tree,Three Studies of Lucian Freud,Femme assise dans un jardin,Femme assise dans un jardin,Eagle Standing on Pine Tree,Eagle Standing on Pine Tree,Portrait de l'artiste sans barbe,The Gross Clinic,"Portrait of Alfonso d'Avalos, Marquis of Vasto, in Armor with a Page","Portrait of Alfonso d'Avalos, Marquis of Vasto, in Armor with a Page","Portrait of Alfonso d'Avalos, Marquis of Vasto, in Armor with a Page","Portrait of Alfonso d'Avalos, Marquis of Vasto, in Armor with a Page","Portrait of Alfonso d'Avalos, Marquis of Vasto, in Armor with a Page","Portrait of Alfonso d'Avalos, Marquis of Vasto, in Armor with a Page",The Gross Clinic,"Portrait of Alfonso d'Avalos, Marquis of Vasto, in Armor with a Page","Portrait of Alfonso d'Avalos, Marquis of Vasto, in Armor with a Page","Portrait of Alfonso d'Avalos, Marquis of Vasto, in Armor with a Page",The Card Players,Massacre of the Innocents,Massacre of the Innocents,Massacre of the Innocents,Portrait of Adele Bloch-Bauer I,Portrait of Adele Bloch-Bauer I,Portrait of Adele Bloch-Bauer I,Portrait of Adele Bloch-Bauer I,Portrait of Adele Bloch-Bauer I,Massacre of the Innocents,Massacre of the Innocents,Salvator Mundi,"Portrait of Alfonso d'Avalos, Marquis of Vasto, in Armor with a Page","Portrait of Alfonso d'Avalos, Marquis of Vasto, in Armor with a Page","Portrait of Alfonso d'Avalos, Marquis of Vasto, in Armor with a Page",The Gross Clinic,"Portrait of Alfonso d'Avalos, Marquis of Vasto, in Armor with a Page",The Gross Clinic,The Gross Clinic,The Gross Clinic,The Gross Clinic,The Gross Clinic,Les Noces de Pierrette,Les Noces de Pierrette,"Triptych, 1976",Eagle Standing on Pine Tree,Femme assise dans un jardin,Femme assise dans un jardin,Femme assise dans un jardin
Femme aux Bras Croises,Les Noces de Pierrette,Woman III,Eagle Standing on Pine Tree,Femme assise dans un jardin,Femme assise dans un jardin,Femme assise dans un jardin,Eagle Standing on Pine Tree,Eagle Standing on Pine Tree,"Triptych, 1976","Portrait of Alfonso d'Avalos, Marquis of Vasto, in Armor with a Page","Portrait of Alfonso d'Avalos, Marquis of Vasto, in Armor with a Page","Portrait of Alfonso d'Avalos, Marquis of Vasto, in Armor with a Page","Portrait of Alfonso d'Avalos, Marquis of Vasto, in Armor with a Page","Portrait of Alfonso d'Avalos, Marquis of Vasto, in Armor with a Page","Portrait of Alfonso d'Avalos, Marquis of Vasto, in Armor with a Page","Portrait of Alfonso d'Avalos, Marquis of Vasto, in Armor with a Page","Portrait of Alfonso d'Avalos, Marquis of Vasto, in Armor with a Page","Portrait of Alfonso d'Avalos, Marquis of Vasto, in Armor with a Page",Massacre of the Innocents,Portrait of Adele Bloch-Bauer I,Portrait of Adele Bloch-Bauer I,Portrait of Adele Bloch-Bauer I,Portrait of Adele Bloch-Bauer I,Portrait of Adele Bloch-Bauer I,Portrait of Adele Bloch-Bauer I,Three Studies of Lucian Freud,Portrait of Adele Bloch-Bauer I,Portrait of Adele Bloch-Bauer I,Portrait of Adele Bloch-Bauer I,Portrait of Adele Bloch-Bauer I,Massacre of the Innocents,Massacre of the Innocents,The Card Players,Salvator Mundi,"Portrait of Alfonso d'Avalos, Marquis of Vasto, in Armor with a Page","Portrait of Alfonso d'Avalos, Marquis of Vasto, in Armor with a Page","Portrait of Alfonso d'Avalos, Marquis of Vasto, in Armor with a Page",The Gross Clinic,The Gross Clinic,The Gross Clinic,The Gross Clinic,The Gross Clinic,Les Noces de Pierrette,Les Noces de Pierrette,Men in Her Life,Portrait de l'artiste sans barbe,Femme assise dans un jardin,Femme assise dans un jardin,Femme assise dans un jardin
Femme aux Bras Croises,Les Noces de Pierrette,Nude Green Leaves and Bust,Eagle Standing on Pine Tree,Femme assise dans un jardin,Femme assise dans un jardin,Femme assise dans un jardin,Eagle Standing on Pine Tree,Men in Her Life,Bal du moulin de la Galette,"Portrait of Alfonso d'Avalos, Marquis of Vasto, in Armor with a Page","Portrait of Alfonso d'Avalos, Marquis of Vasto, in Armor with a Page","Portrait of Alfonso d'Avalos, Marquis of Vasto, in Armor with a Page","Portrait of Alfonso d'Avalos, Marquis of Vasto, in Armor with a Page",Salvator Mundi,The Card Players,Nude Sitting on a Divan,Massacre of the Innocents,Portrait of Adele Bloch-Bauer I,Portrait of Adele Bloch-Bauer I,Portrait of Adele Bloch-Bauer I,Portrait of Adele Bloch-Bauer I,Three Studies of Lucian Freud,Three Studies of Lucian Freud,Three Studies of Lucian Freud,Three Studies of Lucian Freud,Three Studies of Lucian Freud,Three Studies of Lucian Freud,Three Studies of Lucian Freud,Three Studies of Lucian Freud,Portrait of Adele Bloch-Bauer I,Portrait of Adele Bloch-Bauer I,Massacre of the Innocents,Massacre of the Innocents,The Card Players,Salvator Mundi,"Portrait of Alfonso d'Avalos, Marquis of Vasto, in Armor with a Page","Portrait of Alfonso d'Avalos, Marquis of Vasto, in Armor with a Page","Portrait of Alfonso d'Avalos, Marquis of Vasto, in Armor with a Page",The Gross Clinic,The Gross Clinic,The Gross Clinic,The Gross Clinic,The Gross Clinic,Les Noces de Pierrette,Silver Car Crash (Double Disaster),"Triptych, 1976",Portrait de l'artiste sans barbe,Femme assise dans un jardin,Femme assise dans un jardin
Femme aux Bras Croises,Les Noces de Pierrette,Nude Green Leaves and Bust,Woman III,Femme assise dans un jardin,Femme assise dans un jardin,Femme assise dans un jardin,Portrait de l'artiste sans barbe,Men in Her Life,Nude Green Leaves and Bust,Black Fire I,"Portrait of Alfonso d'Avalos, Marquis of Vasto, in Armor with a Page","Portrait of Alfonso d'Avalos, Marquis of Vasto, in Armor with a Page",Massacre of the Innocents,Massacre of the Innocents,Portrait of Adele Bloch-Bauer I,Portrait of Adele Bloch-Bauer I,Portrait of Adele Bloch-Bauer I,Portrait of Adele Bloch-Bauer I,Portrait of Adele Bloch-Bauer I,Portrait of Adele Bloch-Bauer I,Portrait of Adele Bloch-Bauer I,Three Studies of Lucian Freud,Three Studies of Lucian Freud,Three Studies of Lucian Freud,Three Studies of Lucian Freud,Three Studies of Lucian Freud,Three Studies of Lucian Freud,Three Studies of Lucian Freud,Three Studies of Lucian Freud,Three Studies of Lucian Freud,Portrait of Adele Bloch-Bauer I,Massacre of the Innocents,Massacre of the Innocents,Massacre of the Innocents,Massacre of the Innocents,Massacre of the Innocents,Salvator Mundi,The Gross Clinic,"Portrait of Alfonso d'Avalos, Marquis of Vasto, in Armor with a Page","Portrait of Alfonso d'Avalos, Marquis of Vasto, in Armor with a Page","Portrait of Alfonso d'Avalos, Marquis of Vasto, in Armor with a Page","Portrait of Alfonso d'Avalos, Marquis of Vasto, in Armor with a Page",The Gross Clinic,Les Noces de Pierrette,Les Noces de Pierrette,Nude Green Leaves and Bust,Nude Green Leaves and Bust,Nude Green Leaves and Bust,Nude Green Leaves and Bust
Femme aux Bras Croises,Les Noces de Pierrette,Nude Green Leaves and Bust,Silver Car Crash (Double Disaster),"Triptych, 1976",Adele Bloch-Bauer II,"Triptych, 1976",Silver Car Crash (Double Disaster),Nude Green Leaves and Bust,Nude Green Leaves and Bust,Bal du moulin de la Galette,The Gross Clinic,Salvator Mundi,Portrait of Adele Bloch-Bauer I,Portrait of Adele Bloch-Bauer I,Portrait of Adele Bloch-Bauer I,Portrait of Adele Bloch-Bauer I,Portrait of Adele Bloch-Bauer I,Portrait of Adele Bloch-Bauer I,Portrait of Adele Bloch-Bauer I,Portrait of Adele Bloch-Bauer I,Portrait of Adele Bloch-Bauer I,Three Studies of Lucian Freud,Three Studies of Lucian Freud,Three Studies of Lucian Freud,Three Studies of Lucian Freud,Three Studies of Lucian Freud,Three Studies of Lucian Freud,Three Studies of Lucian Freud,Three Studies of Lucian Freud,Three Studies of Lucian Freud,Portrait of Adele Bloch-Bauer I,Portrait of Adele Bloch-Bauer I,Massacre of the Innocents,Massacre of the Innocents,Portrait of Adele Bloch-Bauer I,Massacre of the Innocents,Massacre of the Innocents,The Card Players,Salvator Mundi,"Portrait of Alfonso d'Avalos, Marquis of Vasto, in Armor with a Page","Portrait of Alfonso d'Avalos, Marquis of Vasto, in Armor with a Page","Portrait of Alfonso d'Avalos, Marquis of Vasto, in Armor with a Page",The Gross Clinic,Les Noces de Pierrette,Femme aux Bras Croises,Femme aux Bras Croises,Femme aux Bras Croises,Femme aux Bras Croises,Femme aux Bras Croises
Femme aux Bras Croises,Femme aux Bras Croises,Femme aux Bras Croises,Les Noces de Pierrette,Les Noces de Pierrette,Les Noces de Pierrette,Les Noces de Pierrette,Les Noces de Pierrette,Femme aux Bras Croises,Les Noces de Pierrette,Les Noces de Pierrette,The Gross Clinic,Massacre of the Innocents,Portrait of Adele Bloch-Bauer I,Portrait of Adele Bloch-Bauer I,Portrait of Adele Bloch-Bauer I,Portrait of Adele Bloch-Bauer I,Portrait of Adele Bloch-Bauer I,Portrait of Adele Bloch-Bauer I,Portrait of Adele Bloch-Bauer I,Portrait of Adele Bloch-Bauer I,Three Studies of Lucian Freud,Three Studies of Lucian Freud,Three Studies of Lucian Freud,Three Studies of Lucian Freud,Three Studies of Lucian Freud,Three Studies of Lucian Freud,Three Studies of Lucian Freud,Three Studies of Lucian Freud,Three Studies of Lucian Freud,Portrait of Adele Bloch-Bauer I,Portrait of Adele Bloch-Bauer I,Portrait of Adele Bloch-Bauer I,Portrait of Adele Bloch-Bauer I,Portrait of Adele Bloch-Bauer I,Portrait of Adele Bloch-Bauer I,Massacre of the Innocents,Massacre of the Innocents,Massacre of the Innocents,Massacre of the Innocents,Salvator Mundi,The Card Players,Massacre of the Innocents,The Card Players,Les Noces de Pierrette,Femme aux Bras Croises,Femme aux Bras Croises,Femme aux Bras Croises,Femme aux Bras Croises,Femme aux Bras Croises
Femme aux Bras Croises,Femme aux Bras Croises,Femme aux Bras Croises,Femme aux Bras Croises,Femme aux Bras Croises,Femme aux Bras Croises,Femme aux Bras Croises,Femme aux Bras Croises,Femme aux Bras Croises,Les Noces de Pierrette,Nude Green Leaves and Bust,The Gross Clinic,Massacre of the Innocents,Portrait of Adele Bloch-Bauer I,Portrait of Adele Bloch-Bauer I,Portrait of Adele Bloch-Bauer I,Portrait of Adele Bloch-Bauer I,Portrait of Adele Bloch-Bauer I,Portrait of Adele Bloch-Bauer I,Portrait of Adele Bloch-Bauer I,Portrait of Adele Bloch-Bauer I,Portrait of Adele Bloch-Bauer I,Three Studies of Lucian Freud,Three Studies of Lucian Freud,Three Studies of Lucian Freud,Three Studies of Lucian Freud,Three Studies of Lucian Freud,Three Studies of Lucian Freud,Three Studies of Lucian Freud,Portrait of Adele Bloch-Bauer I,Portrait of Adele Bloch-Bauer I,Portrait of Adele Bloch-Bauer I,Portrait of Adele Bloch-Bauer I,Portrait of Adele Bloch-Bauer I,Portrait of Adele Bloch-Bauer I,Portrait of Adele Bloch-Bauer I,Portrait of Adele Bloch-Bauer I,Massacre of the Innocents,Massacre of the Innocents,Portrait of Adele Bloch-Bauer I,Portrait of Adele Bloch-Bauer I,False Start,"Orange, Red, Yellow","Orange, Red, Yellow",False Start,Femme aux Bras Croises,Femme aux Bras Croises,Femme aux Bras Croises,Femme aux Bras Croises,Femme aux Bras Croises
Femme aux Bras Croises,Femme aux Bras Croises,Femme aux Bras Croises,Femme aux Bras Croises,Femme aux Bras Croises,Femme aux Bras Croises,Femme aux Bras Croises,Femme aux Bras Croises,Femme aux Bras Croises,Nude Green Leaves and Bust,Silver Car Crash (Double Disaster),No. 5 1948,Portrait of Adele Bloch-Bauer I,Portrait of Adele Bloch-Bauer I,Portrait of Adele Bloch-Bauer I,Portrait of Adele Bloch-Bauer I,Portrait of Adele Bloch-Bauer I,Portrait of Adele Bloch-Bauer I,Portrait of Adele Bloch-Bauer I,Portrait of Adele Bloch-Bauer I,Portrait of Adele Bloch-Bauer I,Massacre of the Innocents,Massacre of the Innocents,Massacre of the Innocents,Portrait of Adele Bloch-Bauer I,Portrait of Adele Bloch-Bauer I,Portrait of Adele Bloch-Bauer I,Portrait of Adele Bloch-Bauer I,Portrait of Adele Bloch-Bauer I,Portrait of Adele Bloch-Bauer I,Portrait of Adele Bloch-Bauer I,Portrait of Adele Bloch-Bauer I,Portrait of Adele Bloch-Bauer I,Portrait of Adele Bloch-Bauer I,Portrait of Adele Bloch-Bauer I,Portrait of Adele Bloch-Bauer I,Portrait of Adele Bloch-Bauer I,Massacre of the Innocents,Portrait of Adele Bloch-Bauer I,Portrait of Adele Bloch-Bauer I,Portrait of Adele Bloch-Bauer I,Portrait of Adele Bloch-Bauer I,Three Studies of Lucian Freud,False Start,"Orange, Red, Yellow",Darmstadt Madonna,Femme aux Bras Croises,Femme aux Bras Croises,Femme aux Bras Croises,Femme aux Bras Croises
Femme aux Bras Croises,Femme aux Bras Croises,Femme aux Bras Croises,Femme aux Bras Croises,Femme aux Bras Croises,Femme aux Bras Croises,Femme aux Bras Croises,Femme aux Bras Croises,Femme aux Bras Croises,Femme aux Bras Croises,Les Noces de Pierrette,Bal du moulin de la Galette,Massacre of the Innocents,Massacre of the Innocents,Massacre of the Innocents,Portrait of Adele Bloch-Bauer I,Portrait of Adele Bloch-Bauer I,Portrait of Adele Bloch-Bauer I,Portrait of Adele Bloch-Bauer I,Portrait of Adele Bloch-Bauer I,Portrait of Adele Bloch-Bauer I,Portrait of Adele Bloch-Bauer I,Portrait of Adele Bloch-Bauer I,Portrait of Adele Bloch-Bauer I,Portrait of Adele Bloch-Bauer I,Portrait of Adele Bloch-Bauer I,Portrait of Adele Bloch-Bauer I,Portrait of Adele Bloch-Bauer I,Portrait of Adele Bloch-Bauer I,Portrait of Adele Bloch-Bauer I,Portrait of Adele Bloch-Bauer I,Portrait of Adele Bloch-Bauer I,Portrait of Adele Bloch-Bauer I,Portrait of Adele Bloch-Bauer I,Portrait of Adele Bloch-Bauer I,Portrait of Adele Bloch-Bauer I,Portrait of Adele Bloch-Bauer I,Portrait of Adele Bloch-Bauer I,Portrait of Adele Bloch-Bauer I,Portrait of Adele Bloch-Bauer I,Portrait of Adele Bloch-Bauer I,Three Studies of Lucian Freud,Three Studies of Lucian Freud,Three Studies of Lucian Freud,"Orange, Red, Yellow",Acrobate et jeune arlequin,Femme aux Bras Croises,Femme aux Bras Croises,Femme aux Bras Croises,Femme aux Bras Croises
Femme aux Bras Croises,Femme aux Bras Croises,Femme aux Bras Croises,Femme aux Bras Croises,Femme aux Bras Croises,Femme aux Bras Croises,Femme aux Bras Croises,Femme aux Bras Croises,Femme aux Bras Croises,Femme aux Bras Croises,Femme aux Bras Croises,Les Noces de Pierrette,Salvator Mundi,Salvator Mundi,Massacre of the Innocents,Portrait of Adele Bloch-Bauer I,Portrait of Adele Bloch-Bauer I,Portrait of Adele Bloch-Bauer I,Portrait of Adele Bloch-Bauer I,Portrait of Adele Bloch-Bauer I,"Orange, Red, Yellow","Orange, Red, Yellow",Portrait of Adele Bloch-Bauer I,Portrait of Adele Bloch-Bauer I,Portrait of Adele Bloch-Bauer I,Portrait of Adele Bloch-Bauer I,Portrait of Adele Bloch-Bauer I,Portrait of Adele Bloch-Bauer I,Portrait of Adele Bloch-Bauer I,Portrait of Adele Bloch-Bauer I,Portrait of Adele Bloch-Bauer I,Portrait of Adele Bloch-Bauer I,Portrait of Adele Bloch-Bauer I,Portrait of Adele Bloch-Bauer I,Portrait of Adele Bloch-Bauer I,Portrait of Adele Bloch-Bauer I,Portrait of Adele Bloch-Bauer I,Portrait of Adele Bloch-Bauer I,Portrait of Adele Bloch-Bauer I,Portrait of Adele Bloch-Bauer I,Portrait of Adele Bloch-Bauer I,"Orange, Red, Yellow",Portrait of Adele Bloch-Bauer I,Portrait of Adele Bloch-Bauer I,Portrait of Adele Bloch-Bauer I,Darmstadt Madonna,Femme aux Bras Croises,Femme aux Bras Croises,Femme aux Bras Croises,Femme aux Bras Croises
Femme aux Bras Croises,Femme aux Bras Croises,Femme aux Bras Croises,Femme aux Bras Croises,Femme aux Bras Croises,Femme aux Bras Croises,Femme aux Bras Croises,Femme aux Bras Croises,Femme aux Bras Croises,Femme aux Bras Croises,Femme aux Bras Croises,The Gross Clinic,Salvator Mundi,Massacre of the Innocents,Portrait of Adele Bloch-Bauer I,False Start,Nude Sitting on a Divan,Portrait of Adele Bloch-Bauer I,Portrait of Adele Bloch-Bauer I,Portrait of Adele Bloch-Bauer I,"Orange, Red, Yellow",Nude Sitting on a Divan,Nude Sitting on a Divan,Nude Sitting on a Divan,Nude Sitting on a Divan,False Start,False Start,Portrait of Adele Bloch-Bauer I,Portrait of Adele Bloch-Bauer I,Portrait of Adele Bloch-Bauer I,Portrait of Adele Bloch-Bauer I,Portrait of Adele Bloch-Bauer I,Portrait of Adele Bloch-Bauer I,Portrait of Adele Bloch-Bauer I,Portrait of Adele Bloch-Bauer I,Portrait of Adele Bloch-Bauer I,Portrait of Adele Bloch-Bauer I,Portrait of Adele Bloch-Bauer I,Portrait of Adele Bloch-Bauer I,Portrait of Adele Bloch-Bauer I,Portrait of Adele Bloch-Bauer I,Portrait of Adele Bloch-Bauer I,Portrait of Adele Bloch-Bauer I,Portrait of Adele Bloch-Bauer I,Portrait of Adele Bloch-Bauer I,Darmstadt Madonna,Femme aux Bras Croises,Femme aux Bras Croises,Femme aux Bras Croises,Femme aux Bras Croises
Femme aux Bras Croises,Femme aux Bras Croises,Femme aux Bras Croises,Femme aux Bras Croises,Femme aux Bras Croises,Femme aux Bras Croises,Femme aux Bras Croises,Femme aux Bras Croises,Femme aux Bras Croises,Femme aux Bras Croises,Femme aux Bras Croises,The Gross Clinic,Massacre of the Innocents,Portrait of Adele Bloch-Bauer I,False Start,"Orange, Red, Yellow","Orange, Red, Yellow",Nude Sitting on a Divan,Portrait of Adele Bloch-Bauer I,Portrait of Adele Bloch-Bauer I,Portrait of Adele Bloch-Bauer I,Portrait of Adele Bloch-Bauer I,"Orange, Red, Yellow","Orange, Red, Yellow","Orange, Red, Yellow","Orange, Red, Yellow","Orange, Red, Yellow",Portrait of Adele Bloch-Bauer I,Portrait of Adele Bloch-Bauer I,Portrait of Adele Bloch-Bauer I,Portrait of Adele Bloch-Bauer I,Portrait of Adele Bloch-Bauer I,Portrait of Adele Bloch-Bauer I,Portrait of Adele Bloch-Bauer I,Portrait of Adele Bloch-Bauer I,Portrait of Adele Bloch-Bauer I,Portrait of Adele Bloch-Bauer I,Portrait of Adele Bloch-Bauer I,Portrait of Adele Bloch-Bauer I,Three Studies of Lucian Freud,Portrait of Adele Bloch-Bauer I,Portrait of Adele Bloch-Bauer I,Three Studies of Lucian Freud,Three Studies of Lucian Freud,Portrait of Adele Bloch-Bauer I,Darmstadt Madonna,Femme aux Bras Croises,Femme aux Bras Croises,Femme aux Bras Croises,Femme aux Bras Croises
Femme aux Bras Croises,Femme aux Bras Croises,Femme aux Bras Croises,Femme aux Bras Croises,Femme aux Bras Croises,Femme aux Bras Croises,Femme aux Bras Croises,Femme aux Bras Croises,Femme aux Bras Croises,Femme aux Bras Croises,Femme aux Bras Croises,The Gross Clinic,Nude Sitting on a Divan,Nude Sitting on a Divan,Nude Sitting on a Divan,Massacre of the Innocents,False Start,False Start,Portrait of Adele Bloch-Bauer I,Three Studies of Lucian Freud,Three Studies of Lucian Freud,Portrait of Adele Bloch-Bauer I,Portrait of Adele Bloch-Bauer I,Portrait of Adele Bloch-Bauer I,Portrait of Adele Bloch-Bauer I,Portrait of Adele Bloch-Bauer I,Portrait of Adele Bloch-Bauer I,Portrait of Adele Bloch-Bauer I,Portrait of Adele Bloch-Bauer I,Portrait of Adele Bloch-Bauer I,Portrait of Adele Bloch-Bauer I,Portrait of Adele Bloch-Bauer I,Portrait of Adele Bloch-Bauer I,Portrait of Adele Bloch-Bauer I,Portrait of Adele Bloch-Bauer I,Portrait of Adele Bloch-Bauer I,Portrait of Adele Bloch-Bauer I,Portrait of Adele Bloch-Bauer I,Portrait of Adele Bloch-Bauer I,Three Studies of Lucian Freud,Portrait of Adele Bloch-Bauer I,Portrait of Adele Bloch-Bauer I,Three Studies of Lucian Freud,Portrait of Adele Bloch-Bauer I,Three Studies of Lucian Freud,Les Noces de Pierrette,Femme aux Bras Croises,Femme aux Bras Croises,Femme aux Bras Croises,Femme aux Bras Croises
Femme aux Bras Croises,Femme aux Bras Croises,Femme aux Bras Croises,Femme aux Bras Croises,Femme aux Bras Croises,Femme aux Bras Croises,Femme aux Bras Croises,Femme aux Bras Croises,Femme aux Bras Croises,Femme aux Bras Croises,Femme aux Bras Croises,Femme aux Bras Croises,Garcon a la pipe,Nude Sitting on a Divan,"Orange, Red, Yellow","Orange, Red, Yellow","Orange, Red, Yellow",Portrait of Adele Bloch-Bauer I,Portrait of Adele Bloch-Bauer I,Three Studies of Lucian Freud,Three Studies of Lucian Freud,Three Studies of Lucian Freud,Three Studies of Lucian Freud,Portrait of Adele Bloch-Bauer I,Portrait of Adele Bloch-Bauer I,Portrait of Adele Bloch-Bauer I,Portrait of Adele Bloch-Bauer I,Three Studies of Lucian Freud,Three Studies of Lucian Freud,Three Studies of Lucian Freud,Three Studies of Lucian Freud,Three Studies of Lucian Freud,Portrait of Adele Bloch-Bauer I,Portrait of Adele Bloch-Bauer I,Portrait of Adele Bloch-Bauer I,Portrait of Adele Bloch-Bauer I,Portrait of Adele Bloch-Bauer I,Portrait of Adele Bloch-Bauer I,Portrait of Adele Bloch-Bauer I,Portrait of Adele Bloch-Bauer I,Portrait of Adele Bloch-Bauer I,Portrait of Adele Bloch-Bauer I,Three Studies of Lucian Freud,Three Studies of Lucian Freud,Police Gazette,Femme aux Bras Croises,Femme aux Bras Croises,Femme aux Bras Croises,Femme aux Bras Croises,Femme aux Bras Croises
Femme aux Bras Croises,Femme aux Bras Croises,Femme aux Bras Croises,Femme aux Bras Croises,Femme aux Bras Croises,Femme aux Bras Croises,Femme aux Bras Croises,Femme aux Bras Croises,Femme aux Bras Croises,Femme aux Bras Croises,Femme aux Bras Croises,Femme aux Bras Croises,Diana and Actaeon,"Orange, Red, Yellow",Portrait of Adele Bloch-Bauer I,Portrait of Adele Bloch-Bauer I,Portrait of Adele Bloch-Bauer I,Portrait of Adele Bloch-Bauer I,Three Studies of Lucian Freud,Three Studies of Lucian Freud,Three Studies of Lucian Freud,Three Studies of Lucian Freud,Portrait of Adele Bloch-Bauer I,Portrait of Adele Bloch-Bauer I,Portrait of Adele Bloch-Bauer I,Portrait of Adele Bloch-Bauer I,Portrait of Adele Bloch-Bauer I,Three Studies of Lucian Freud,Three Studies of Lucian Freud,Three Studies of Lucian Freud,Three Studies of Lucian Freud,Three Studies of Lucian Freud,Portrait of Adele Bloch-Bauer I,Portrait of Adele Bloch-Bauer I,Portrait of Adele Bloch-Bauer I,Portrait of Adele Bloch-Bauer I,Portrait of Adele Bloch-Bauer I,Portrait of Adele Bloch-Bauer I,Portrait of Adele Bloch-Bauer I,Portrait of Adele Bloch-Bauer I,Portrait of Adele Bloch-Bauer I,Three Studies of Lucian Freud,Portrait of Adele Bloch-Bauer I,Portrait of Adele Bloch-Bauer I,Les Noces de Pierrette,Femme aux Bras Croises,Femme aux Bras Croises,Femme aux Bras Croises,Femme aux Bras Croises,Les Noces de Pierrette
Femme aux Bras Croises,Femme aux Bras Croises,Femme aux Bras Croises,Femme aux Bras Croises,Femme aux Bras Croises,Femme aux Bras Croises,Femme aux Bras Croises,Femme aux Bras Croises,Femme aux Bras Croises,Femme aux Bras Croises,Femme aux Bras Croises,Les Noces de Pierrette,Police Gazette,Portrait of Adele Bloch-Bauer I,Portrait of Adele Bloch-Bauer I,Portrait of Adele Bloch-Bauer I,Portrait of Adele Bloch-Bauer I,Portrait of Adele Bloch-Bauer I,Three Studies of Lucian Freud,Three Studies of Lucian Freud,Three Studies of Lucian Freud,Three Studies of Lucian Freud,Three Studies of Lucian Freud,Portrait of Adele Bloch-Bauer I,Portrait of Adele Bloch-Bauer I,Portrait of Adele Bloch-Bauer I,Portrait of Adele Bloch-Bauer I,Portrait of Adele Bloch-Bauer I,Portrait of Adele Bloch-Bauer I,Portrait of Adele Bloch-Bauer I,Portrait of Adele Bloch-Bauer I,Portrait of Adele Bloch-Bauer I,Portrait of Adele Bloch-Bauer I,Portrait of Adele Bloch-Bauer I,Portrait of Adele Bloch-Bauer I,Portrait of Adele Bloch-Bauer I,Portrait of Adele Bloch-Bauer I,Portrait of Adele Bloch-Bauer I,Portrait of Adele Bloch-Bauer I,Portrait of Adele Bloch-Bauer I,Portrait of Adele Bloch-Bauer I,Nude Sitting on a Divan,Nude Sitting on a Divan,The Gross Clinic,Nude Green Leaves and Bust,Nude Green Leaves and Bust,Nude Green Leaves and Bust,Silver Car Crash (Double Disaster),Men in Her Life,Men in Her Life
Femme aux Bras Croises,Femme aux Bras Croises,Femme aux Bras Croises,Femme aux Bras Croises,Les Noces de Pierrette,Les Noces de Pierrette,Les Noces de Pierrette,Nude Green Leaves and Bust,Nude Green Leaves and Bust,Silver Car Crash (Double Disaster),Men in Her Life,Woman III,Police Gazette,Portrait of Adele Bloch-Bauer I,Portrait of Adele Bloch-Bauer I,Portrait of Adele Bloch-Bauer I,Portrait of Adele Bloch-Bauer I,Portrait of Adele Bloch-Bauer I,Portrait of Adele Bloch-Bauer I,Three Studies of Lucian Freud,Three Studies of Lucian Freud,Portrait of Adele Bloch-Bauer I,Portrait of Adele Bloch-Bauer I,Portrait of Adele Bloch-Bauer I,Portrait of Adele Bloch-Bauer I,Three Studies of Lucian Freud,Portrait of Adele Bloch-Bauer I,Portrait of Adele Bloch-Bauer I,Portrait of Adele Bloch-Bauer I,Portrait of Adele Bloch-Bauer I,Portrait of Adele Bloch-Bauer I,Portrait of Adele Bloch-Bauer I,Portrait of Adele Bloch-Bauer I,Portrait of Adele Bloch-Bauer I,Portrait of Adele Bloch-Bauer I,Portrait of Adele Bloch-Bauer I,Portrait of Adele Bloch-Bauer I,Portrait of Adele Bloch-Bauer I,Portrait of Adele Bloch-Bauer I,Portrait of Adele Bloch-Bauer I,False Start,Nude Sitting on a Divan,Massacre of the Innocents,No. 5 1948,Men in Her Life,Woman III,Woman III,Eagle Standing on Pine Tree,Eagle Standing on Pine Tree,Eagle Standing on Pine Tree
Nude Green Leaves and Bust,Nude Green Leaves and Bust,Silver Car Crash (Double Disaster),Men in Her Life,Men in Her Life,Men in Her Life,Woman III,Eagle Standing on Pine Tree,Eagle Standing on Pine Tree,Eagle Standing on Pine Tree,Eagle Standing on Pine Tree,Eagle Standing on Pine Tree,Police Gazette,Portrait of Adele Bloch-Bauer I,Portrait of Adele Bloch-Bauer I,Portrait of Adele Bloch-Bauer I,Portrait of Adele Bloch-Bauer I,Portrait of Adele Bloch-Bauer I,Portrait of Adele Bloch-Bauer I,Portrait of Adele Bloch-Bauer I,Nude Sitting on a Divan,Nude Sitting on a Divan,Massacre of the Innocents,Portrait of Adele Bloch-Bauer I,Three Studies of Lucian Freud,Portrait of Adele Bloch-Bauer I,Portrait of Adele Bloch-Bauer I,Portrait of Adele Bloch-Bauer I,Portrait of Adele Bloch-Bauer I,Portrait of Adele Bloch-Bauer I,Portrait of Adele Bloch-Bauer I,Portrait of Adele Bloch-Bauer I,Portrait of Adele Bloch-Bauer I,Portrait of Adele Bloch-Bauer I,Portrait of Adele Bloch-Bauer I,Portrait of Adele Bloch-Bauer I,Portrait of Adele Bloch-Bauer I,Portrait of Adele Bloch-Bauer I,Portrait of Adele Bloch-Bauer I,Portrait of Adele Bloch-Bauer I,Portrait of Adele Bloch-Bauer I,False Start,Massacre of the Innocents,"Triptych, 1976",Eagle Standing on Pine Tree,Eagle Standing on Pine Tree,Woman III,Eagle Standing on Pine Tree,Eagle Standing on Pine Tree,Eagle Standing on Pine Tree
Men in Her Life,Woman III,Woman III,Woman III,Eagle Standing on Pine Tree,Eagle Standing on Pine Tree,Eagle Standing on Pine Tree,Eagle Standing on Pine Tree,Eagle Standing on Pine Tree,Eagle Standing on Pine Tree,Eagle Standing on Pine Tree,Eagle Standing on Pine Tree,The Scream,Portrait of Adele Bloch-Bauer I,Portrait of Adele Bloch-Bauer I,Portrait of Adele Bloch-Bauer I,Portrait of Adele Bloch-Bauer I,Nude Sitting on a Divan,Massacre of the Innocents,Nude Sitting on a Divan,Massacre of the Innocents,Portrait of Adele Bloch-Bauer I,Portrait of Adele Bloch-Bauer I,Three Studies of Lucian Freud,Portrait of Adele Bloch-Bauer I,Portrait of Adele Bloch-Bauer I,Portrait of Adele Bloch-Bauer I,Portrait of Adele Bloch-Bauer I,Portrait of Adele Bloch-Bauer I,Portrait of Adele Bloch-Bauer I,Portrait of Adele Bloch-Bauer I,Portrait of Adele Bloch-Bauer I,Portrait of Adele Bloch-Bauer I,Portrait of Adele Bloch-Bauer I,Portrait of Adele Bloch-Bauer I,Portrait of Adele Bloch-Bauer I,Portrait of Adele Bloch-Bauer I,Portrait of Adele Bloch-Bauer I,Portrait of Adele Bloch-Bauer I,Portrait of Adele Bloch-Bauer I,Portrait of Adele Bloch-Bauer I,Portrait of Adele Bloch-Bauer I,Massacre of the Innocents,Eagle Standing on Pine Tree,Eagle Standing on Pine Tree,Woman III,Silver Car Crash (Double Disaster),Eagle Standing on Pine Tree,Eagle Standing on Pine Tree,Eagle Standing on Pine Tree
Woman III,Eagle Standing on Pine Tree,Woman III,Men in Her Life,Eagle Standing on Pine Tree,Eagle Standing on Pine Tree,Eagle Standing on Pine Tree,Eagle Standing on Pine Tree,Woman III,Eagle Standing on Pine Tree,Eagle Standing on Pine Tree,Eagle Standing on Pine Tree,Woman III,Massacre of the Innocents,Portrait of Adele Bloch-Bauer I,Massacre of the Innocents,Massacre of the Innocents,Massacre of the Innocents,Portrait of Adele Bloch-Bauer I,Portrait of Adele Bloch-Bauer I,Portrait of Adele Bloch-Bauer I,False Start,"Orange, Red, Yellow","Orange, Red, Yellow","Orange, Red, Yellow",False Start,Nude Sitting on a Divan,Nude Sitting on a Divan,Nude Sitting on a Divan,Portrait of Adele Bloch-Bauer I,Portrait of Adele Bloch-Bauer I,Portrait of Adele Bloch-Bauer I,Portrait of Adele Bloch-Bauer I,Portrait of Adele Bloch-Bauer I,Portrait of Adele Bloch-Bauer I,Portrait of Adele Bloch-Bauer I,Portrait of Adele Bloch-Bauer I,Portrait of Adele Bloch-Bauer I,Portrait of Adele Bloch-Bauer I,Portrait of Adele Bloch-Bauer I,Portrait of Adele Bloch-Bauer I,Portrait of Adele Bloch-Bauer I,Massacre of the Innocents,Eagle Standing on Pine Tree,Eagle Standing on Pine Tree,Eagle Standing on Pine Tree,Men in Her Life,Woman III,Eagle Standing on Pine Tree,Eagle Standing on Pine Tree
Eagle Standing on Pine Tree,Eagle Standing on Pine Tree,Woman III,Nude Green Leaves and Bust,Eagle Standing on Pine Tree,Eagle Standing on Pine Tree,Eagle Standing on Pine Tree,Eagle Standing on Pine Tree,Men in Her Life,Eagle Standing on Pine Tree,Eagle Standing on Pine Tree,Woman III,Silver Car Crash (Double Disaster),Peasant Woman Against a Background of Wheat,Portrait of Adele Bloch-Bauer I,Massacre of the Innocents,Massacre of the Innocents,Nude Sitting on a Divan,Nude Sitting on a Divan,Nude Sitting on a Divan,False Start,Portrait of Adele Bloch-Bauer I,Portrait of Adele Bloch-Bauer I,Portrait of Adele Bloch-Bauer I,Three Studies of Lucian Freud,Three Studies of Lucian Freud,Massacre of the Innocents,The Card Players,Nude Sitting on a Divan,Portrait of Adele Bloch-Bauer I,Portrait of Adele Bloch-Bauer I,Portrait of Adele Bloch-Bauer I,Portrait of Adele Bloch-Bauer I,Portrait of Adele Bloch-Bauer I,Portrait of Adele Bloch-Bauer I,Portrait of Adele Bloch-Bauer I,Portrait of Adele Bloch-Bauer I,Portrait of Adele Bloch-Bauer I,Portrait of Adele Bloch-Bauer I,Portrait of Adele Bloch-Bauer I,Portrait of Adele Bloch-Bauer I,Portrait of Adele Bloch-Bauer I,Massacre of the Innocents,Eagle Standing on Pine Tree,Eagle Standing on Pine Tree,Eagle Standing on Pine Tree,Eagle Standing on Pine Tree,Eagle Standing on Pine Tree,Eagle Standing on Pine Tree,Eagle Standing on Pine Tree
Woman III,Eagle Standing on Pine Tree,Eagle Standing on Pine Tree,Men in Her Life,Eagle Standing on Pine Tree,Eagle Standing on Pine Tree,Eagle Standing on Pine Tree,Eagle Standing on Pine Tree,Men in Her Life,Eagle Standing on Pine Tree,Eagle Standing on Pine Tree,Woman III,Men in Her Life,Eagle Standing on Pine Tree,Massacre of the Innocents,Portrait of Adele Bloch-Bauer I,Nude Sitting on a Divan,Nude Sitting on a Divan,Nude Sitting on a Divan,Three Studies of Lucian Freud,Three Studies of Lucian Freud,Three Studies of Lucian Freud,Diana and Callisto,Salvator Mundi,The Gross Clinic,Nude Sitting on a Divan,Nude Sitting on a Divan,Nude Sitting on a Divan,Portrait of Adele Bloch-Bauer I,Portrait of Adele Bloch-Bauer I,Portrait of Adele Bloch-Bauer I,Portrait of Adele Bloch-Bauer I,Portrait of Adele Bloch-Bauer I,Portrait of Adele Bloch-Bauer I,Portrait of Adele Bloch-Bauer I,Portrait of Adele Bloch-Bauer I,Portrait of Adele Bloch-Bauer I,Portrait of Adele Bloch-Bauer I,Portrait of Adele Bloch-Bauer I,Portrait of Adele Bloch-Bauer I,Portrait of Adele Bloch-Bauer I,Portrait of Adele Bloch-Bauer I,Massacre of the Innocents,Portrait de l'artiste sans barbe,Eagle Standing on Pine Tree,Eagle Standing on Pine Tree,Eagle Standing on Pine Tree,Eagle Standing on Pine Tree,Eagle Standing on Pine Tree,Eagle Standing on Pine Tree
Woman III,Eagle Standing on Pine Tree,Eagle Standing on Pine Tree,Eagle Standing on Pine Tree,Eagle Standing on Pine Tree,Eagle Standing on Pine Tree,Eagle Standing on Pine Tree,Eagle Standing on Pine Tree,Eagle Standing on Pine Tree,Eagle Standing on Pine Tree,Eagle Standing on Pine Tree,Eagle Standing on Pine Tree,Eagle Standing on Pine Tree,Eagle Standing on Pine Tree,Eagle Standing on Pine Tree,Portrait of Adele Bloch-Bauer I,Portrait of Adele Bloch-Bauer I,Portrait of Adele Bloch-Bauer I,Nude Sitting on a Divan,Nude Sitting on a Divan,The Gross Clinic,The Gross Clinic,Nude Sitting on a Divan,Nude Sitting on a Divan,Portrait of Adele Bloch-Bauer I,Three Studies of Lucian Freud,"White Center (Yellow, Pink and Lavender on Rose)",False Start,Portrait of Adele Bloch-Bauer I,Portrait of Adele Bloch-Bauer I,Portrait of Adele Bloch-Bauer I,Portrait of Adele Bloch-Bauer I,Portrait of Adele Bloch-Bauer I,Portrait of Adele Bloch-Bauer I,Portrait of Adele Bloch-Bauer I,Portrait of Adele Bloch-Bauer I,Portrait of Adele Bloch-Bauer I,Portrait of Adele Bloch-Bauer I,Portrait of Adele Bloch-Bauer I,Portrait of Adele Bloch-Bauer I,Portrait of Adele Bloch-Bauer I,Portrait of Adele Bloch-Bauer I,Massacre of the Innocents,Silver Car Crash (Double Disaster),Silver Car Crash (Double Disaster),Silver Car Crash (Double Disaster),Men in Her Life,Men in Her Life,Woman III,Woman III
"Triptych, 1976",Woman III,Eagle Standing on Pine Tree,Eagle Standing on Pine Tree,Eagle Standing on Pine Tree,Eagle Standing on Pine Tree,Eagle Standing on Pine Tree,Eagle Standing on Pine Tree,Eagle Standing on Pine Tree,Eagle Standing on Pine Tree,Eagle Standing on Pine Tree,Eagle Standing on Pine Tree,Eagle Standing on Pine Tree,Eagle Standing on Pine Tree,Eagle Standing on Pine Tree,Peasant Woman Against a Background of Wheat,Portrait of Adele Bloch-Bauer I,Portrait of Adele Bloch-Bauer I,Portrait of Adele Bloch-Bauer I,Nude Sitting on a Divan,Nude Sitting on a Divan,Nude Sitting on a Divan,False Start,"Orange, Red, Yellow","Orange, Red, Yellow",False Start,False Start,Three Studies of Lucian Freud,Three Studies of Lucian Freud,Portrait of Adele Bloch-Bauer I,Portrait of Adele Bloch-Bauer I,Portrait of Adele Bloch-Bauer I,Portrait of Adele Bloch-Bauer I,Portrait of Adele Bloch-Bauer I,Portrait of Adele Bloch-Bauer I,Portrait of Adele Bloch-Bauer I,Portrait of Adele Bloch-Bauer I,Portrait of Adele Bloch-Bauer I,Portrait of Adele Bloch-Bauer I,Portrait of Adele Bloch-Bauer I,Portrait of Adele Bloch-Bauer I,Portrait of Adele Bloch-Bauer I,Massacre of the Innocents,Les Noces de Pierrette,Les Noces de Pierrette,Les Noces de Pierrette,Les Noces de Pierrette,Nude Green Leaves and Bust,Nude Green Leaves and Bust,Nude Green Leaves and Bust
Les Noces de Pierrette,Les Noces de Pierrette,Nude Green Leaves and Bust,Nude Green Leaves and Bust,Silver Car Crash (Double Disaster),Silver Car Crash (Double Disaster),Men in Her Life,Woman III,Woman III,Woman III,Eagle Standing on Pine Tree,Eagle Standing on Pine Tree,Eagle Standing on Pine Tree,Woman III,Men in Her Life,Nude Green Leaves and Bust,Les Noces de Pierrette,Portrait of Adele Bloch-Bauer I,Portrait of Adele Bloch-Bauer I,Portrait of Adele Bloch-Bauer I,False Start,"Orange, Red, Yellow","Orange, Red, Yellow",False Start,Portrait of Adele Bloch-Bauer I,Three Studies of Lucian Freud,Three Studies of Lucian Freud,Three Studies of Lucian Freud,Three Studies of Lucian Freud,Portrait of Adele Bloch-Bauer I,Portrait of Adele Bloch-Bauer I,Portrait of Adele Bloch-Bauer I,Portrait of Adele Bloch-Bauer I,Portrait of Adele Bloch-Bauer I,Portrait of Adele Bloch-Bauer I,Portrait of Adele Bloch-Bauer I,Portrait of Adele Bloch-Bauer I,Portrait of Adele Bloch-Bauer I,Portrait of Adele Bloch-Bauer I,Portrait of Adele Bloch-Bauer I,Portrait of Adele Bloch-Bauer I,Portrait of Adele Bloch-Bauer I,Portrait of Adele Bloch-Bauer I,Nude Green Leaves and Bust,Nude Green Leaves and Bust,Nude Green Leaves and Bust,Nude Green Leaves and Bust,Nude Green Leaves and Bust,Silver Car Crash (Double Disaster),Silver Car Crash (Double Disaster)
Les Noces de Pierrette,Les Noces de Pierrette,Les Noces de Pierrette,Nude Green Leaves and Bust,Nude Green Leaves and Bust,Nude Green Leaves and Bust,Silver Car Crash (Double Disaster),Men in Her Life,Men in Her Life,Men in Her Life,Silver Car Crash (Double Disaster),Nude Green Leaves and Bust,Nude Green Leaves and Bust,Les Noces de Pierrette,Femme aux Bras Croises,Femme aux Bras Croises,Femme aux Bras Croises,Les Noces de Pierrette,Portrait of Adele Bloch-Bauer I,Portrait of Adele Bloch-Bauer I,Portrait of Adele Bloch-Bauer I,Portrait of Adele Bloch-Bauer I,Portrait of Adele Bloch-Bauer I,Portrait of Adele Bloch-Bauer I,Portrait of Adele Bloch-Bauer I,Three Studies of Lucian Freud,Three Studies of Lucian Freud,Three Studies of Lucian Freud,Three Studies of Lucian Freud,Three Studies of Lucian Freud,Portrait of Adele Bloch-Bauer I,Portrait of Adele Bloch-Bauer I,Portrait of Adele Bloch-Bauer I,Portrait of Adele Bloch-Bauer I,Portrait of Adele Bloch-Bauer I,Portrait of Adele Bloch-Bauer I,Portrait of Adele Bloch-Bauer I,Portrait of Adele Bloch-Bauer I,Portrait of Adele Bloch-Bauer I,Portrait of Adele Bloch-Bauer I,Portrait of Adele Bloch-Bauer I,Portrait of Adele Bloch-Bauer I,Portrait of Adele Bloch-Bauer I,Dora Maar au Chat,Les Noces de Pierrette,Les Noces de Pierrette,Les Noces de Pierrette,Les Noces de Pierrette,Les Noces de Pierrette,Les Noces de Pierrette
Les Noces de Pierrette,Nude Green Leaves and Bust,Nude Green Leaves and Bust,Nude Green Leaves and Bust,Nude Green Leaves and Bust,Nude Green Leaves and Bust,Silver Car Crash (Double Disaster),Silver Car Crash (Double Disaster),Silver Car Crash (Double Disaster),Silver Car Crash (Double Disaster),Les Noces de Pierrette,Femme aux Bras Croises,Femme aux Bras Croises,Femme aux Bras Croises,Femme aux Bras Croises,Femme aux Bras Croises,Femme aux Bras Croises,Femme aux Bras Croises,Les Noces de Pierrette,Portrait of Adele Bloch-Bauer I,Portrait of Adele Bloch-Bauer I,Portrait of Adele Bloch-Bauer I,Portrait of Adele Bloch-Bauer I,Portrait of Adele Bloch-Bauer I,Portrait of Adele Bloch-Bauer I,Three Studies of Lucian Freud,Three Studies of Lucian Freud,Three Studies of Lucian Freud,Three Studies of Lucian Freud,Portrait of Adele Bloch-Bauer I,Portrait of Adele Bloch-Bauer I,Portrait of Adele Bloch-Bauer I,Portrait of Adele Bloch-Bauer I,Portrait of Adele Bloch-Bauer I,Portrait of Adele Bloch-Bauer I,Portrait of Adele Bloch-Bauer I,Portrait of Adele Bloch-Bauer I,Portrait of Adele Bloch-Bauer I,Portrait of Adele Bloch-Bauer I,Portrait of Adele Bloch-Bauer I,Portrait of Adele Bloch-Bauer I,Portrait of Adele Bloch-Bauer I,Portrait of Adele Bloch-Bauer I,Diana and Actaeon,Femme aux Bras Croises,Femme aux Bras Croises,Femme aux Bras Croises,Femme aux Bras Croises,Femme aux Bras Croises,Femme aux Bras Croises
Femme aux Bras Croises,Les Noces de Pierrette,Les Noces de Pierrette,Femme aux Bras Croises,Femme aux Bras Croises,Femme aux Bras Croises,Les Noces de Pierrette,Femme aux Bras Croises,Femme aux Bras Croises,Femme aux Bras Croises,Femme aux Bras Croises,Femme aux Bras Croises,Femme aux Bras Croises,Femme aux Bras Croises,Femme aux Bras Croises,Femme aux Bras Croises,Femme aux Bras Croises,Femme aux Bras Croises,Femme aux Bras Croises,Massacre of the Innocents,Portrait of Adele Bloch-Bauer I,Portrait of Adele Bloch-Bauer I,Portrait of Adele Bloch-Bauer I,Portrait of Adele Bloch-Bauer I,Portrait of Adele Bloch-Bauer I,Portrait of Adele Bloch-Bauer I,Portrait of Adele Bloch-Bauer I,Portrait of Adele Bloch-Bauer I,Portrait of Adele Bloch-Bauer I,Portrait of Adele Bloch-Bauer I,Portrait of Adele Bloch-Bauer I,Portrait of Adele Bloch-Bauer I,Portrait of Adele Bloch-Bauer I,Portrait of Adele Bloch-Bauer I,Portrait of Adele Bloch-Bauer I,Portrait of Adele Bloch-Bauer I,Portrait of Adele Bloch-Bauer I,Portrait of Adele Bloch-Bauer I,Portrait of Adele Bloch-Bauer I,Portrait of Adele Bloch-Bauer I,Portrait of Adele Bloch-Bauer I,Portrait of Adele Bloch-Bauer I,Portrait of Adele Bloch-Bauer I,Portrait of Adele Bloch-Bauer I,Les Noces de Pierrette,Femme aux Bras Croises,Femme aux Bras Croises,Femme aux Bras Croises,Femme aux Bras Croises,Femme aux Bras Croises
Femme aux Bras Croises,Femme aux Bras Croises,Femme aux Bras Croises,Femme aux Bras Croises,Femme aux Bras Croises,Femme aux Bras Croises,Femme aux Bras Croises,Femme aux Bras Croises,Femme aux Bras Croises,Femme aux Bras Croises,Femme aux Bras Croises,Femme aux Bras Croises,Femme aux Bras Croises,Femme aux Bras Croises,Femme aux Bras Croises,Femme aux Bras Croises,Femme aux Bras Croises,Femme aux Bras Croises,Femme aux Bras Croises,Portrait of a Halberdier,Portrait of Adele Bloch-Bauer I,Portrait of Adele Bloch-Bauer I,Portrait of Adele Bloch-Bauer I,Portrait of Adele Bloch-Bauer I,Portrait of Adele Bloch-Bauer I,Portrait of Adele Bloch-Bauer I,Portrait of Adele Bloch-Bauer I,Massacre of the Innocents,Nude Sitting on a Divan,Nude Sitting on a Divan,Nude Sitting on a Divan,Portrait of Adele Bloch-Bauer I,Portrait of Adele Bloch-Bauer I,Portrait of Adele Bloch-Bauer I,Portrait of Adele Bloch-Bauer I,Portrait of Adele Bloch-Bauer I,Portrait of Adele Bloch-Bauer I,Portrait of Adele Bloch-Bauer I,Portrait of Adele Bloch-Bauer I,Portrait of Adele Bloch-Bauer I,Portrait of Adele Bloch-Bauer I,Portrait of Adele Bloch-Bauer I,Portrait of Adele Bloch-Bauer I,Portrait of Adele Bloch-Bauer I,Three Studies of Lucian Freud,Nude Green Leaves and Bust,Femme aux Bras Croises,Femme aux Bras Croises,Femme aux Bras Croises,Femme aux Bras Croises
Femme aux Bras Croises,Femme aux Bras Croises,Femme aux Bras Croises,Femme aux Bras Croises,Femme aux Bras Croises,Femme aux Bras Croises,Femme aux Bras Croises,Femme aux Bras Croises,Femme aux Bras Croises,Femme aux Bras Croises,Femme aux Bras Croises,Femme aux Bras Croises,Femme aux Bras Croises,Femme aux Bras Croises,Femme aux Bras Croises,Femme aux Bras Croises,Femme aux Bras Croises,Femme aux Bras Croises,Femme aux Bras Croises,Femme aux Bras Croises,No. 5 1948,Massacre of the Innocents,Massacre of the Innocents,Massacre of the Innocents,Nude Sitting on a Divan,Nude Sitting on a Divan,Nude Sitting on a Divan,Nude Sitting on a Divan,Nude Sitting on a Divan,Nude Sitting on a Divan,Nude Sitting on a Divan,Nude Sitting on a Divan,Portrait of Adele Bloch-Bauer I,Portrait of Adele Bloch-Bauer I,Portrait of Adele Bloch-Bauer I,Portrait of Adele Bloch-Bauer I,Portrait of Adele Bloch-Bauer I,Portrait of Adele Bloch-Bauer I,Portrait of Adele Bloch-Bauer I,Portrait of Adele Bloch-Bauer I,Portrait of Adele Bloch-Bauer I,Portrait of Adele Bloch-Bauer I,Portrait of Adele Bloch-Bauer I,Portrait of Adele Bloch-Bauer I,Portrait of Adele Bloch-Bauer I,Three Studies of Lucian Freud,Nude Green Leaves and Bust,Femme aux Bras Croises,Femme aux Bras Croises,Femme aux Bras Croises
Femme aux Bras Croises,Femme aux Bras Croises,Femme aux Bras Croises,Femme aux Bras Croises,Femme aux Bras Croises,Femme aux Bras Croises,Femme aux Bras Croises,Femme aux Bras Croises,Femme aux Bras Croises,Femme aux Bras Croises,Femme aux Bras Croises,Femme aux Bras Croises,Femme aux Bras Croises,Femme aux Bras Croises,Femme aux Bras Croises,Femme aux Bras Croises,Femme aux Bras Croises,Femme aux Bras Croises,Femme aux Bras Croises,Femme aux Bras Croises,Femme aux Bras Croises,Massacre of the Innocents,Massacre of the Innocents,Massacre of the Innocents,Nude Sitting on a Divan,Nude Sitting on a Divan,Nude Sitting on a Divan,Nude Sitting on a Divan,Nude Sitting on a Divan,Nude Sitting on a Divan,Nude Sitting on a Divan,Nude Sitting on a Divan,Portrait of Adele Bloch-Bauer I,Portrait of Adele Bloch-Bauer I,Portrait of Adele Bloch-Bauer I,Portrait of Adele Bloch-Bauer I,Portrait of Adele Bloch-Bauer I,Portrait of Adele Bloch-Bauer I,Portrait of Adele Bloch-Bauer I,Portrait of Adele Bloch-Bauer I,Portrait of Adele Bloch-Bauer I,Portrait of Adele Bloch-Bauer I,Portrait of Adele Bloch-Bauer I,Portrait of Adele Bloch-Bauer I,Portrait of Adele Bloch-Bauer I,Massacre of the Innocents,Three Studies of Lucian Freud,Peasant Woman Against a Background of Wheat,Les Noces de Pierrette,Femme aux Bras Croises
Femme aux Bras Croises,Femme aux Bras Croises,Femme aux Bras Croises,Femme aux Bras Croises,Femme aux Bras Croises,Femme aux Bras Croises,Femme aux Bras Croises,Femme aux Bras Croises,Femme aux Bras Croises,Femme aux Bras Croises,Femme aux Bras Croises,Femme aux Bras Croises,Femme aux Bras Croises,Femme aux Bras Croises,Femme aux Bras Croises,Femme aux Bras Croises,Femme aux Bras Croises,Femme aux Bras Croises,Femme aux Bras Croises,Femme aux Bras Croises,Dora Maar au Chat,Au Lapin Agile,Massacre of the Innocents,Nude Sitting on a Divan,Nude Sitting on a Divan,Nude Sitting on a Divan,Nude Sitting on a Divan,Nude Sitting on a Divan,Nude Sitting on a Divan,Nude Sitting on a Divan,Nude Sitting on a Divan,Portrait of Adele Bloch-Bauer I,Portrait of Adele Bloch-Bauer I,Portrait of Adele Bloch-Bauer I,Portrait of Adele Bloch-Bauer I,Portrait of Adele Bloch-Bauer I,Portrait of Adele Bloch-Bauer I,Portrait of Adele Bloch-Bauer I,Portrait of Adele Bloch-Bauer I,Portrait of Adele Bloch-Bauer I,Portrait of Adele Bloch-Bauer I,Portrait of Adele Bloch-Bauer I,Portrait of Adele Bloch-Bauer I,Portrait of Adele Bloch-Bauer I,Portrait of Adele Bloch-Bauer I,Portrait of Adele Bloch-Bauer I,Three Studies of Lucian Freud,Three Studies of Lucian Freud,Peasant Woman Against a Background of Wheat,Les Noces de Pierrette
Femme aux Bras Croises,Femme aux Bras Croises,Femme aux Bras Croises,Femme aux Bras Croises,Femme aux Bras Croises,Femme aux Bras Croises,Femme aux Bras Croises,Femme aux Bras Croises,Femme aux Bras Croises,Femme aux Bras Croises,Femme aux Bras Croises,Femme aux Bras Croises,Femme aux Bras Croises,Femme aux Bras Croises,Femme aux Bras Croises,Femme aux Bras Croises,Femme aux Bras Croises,Femme aux Bras Croises,Femme aux Bras Croises,Nude Green Leaves and Bust,Au Lapin Agile,Three Studies of Lucian Freud,Au Lapin Agile,Massacre of the Innocents,Nude Sitting on a Divan,Nude Sitting on a Divan,Nude Sitting on a Divan,Nude Sitting on a Divan,Nude Sitting on a Divan,Nude Sitting on a Divan,Nude Sitting on a Divan,Portrait of Adele Bloch-Bauer I,Portrait of Adele Bloch-Bauer I,Portrait of Adele Bloch-Bauer I,Portrait of Adele Bloch-Bauer I,Portrait of Adele Bloch-Bauer I,Portrait of Adele Bloch-Bauer I,Portrait of Adele Bloch-Bauer I,Portrait of Adele Bloch-Bauer I,Portrait of Adele Bloch-Bauer I,Portrait of Adele Bloch-Bauer I,Portrait of Adele Bloch-Bauer I,Portrait of Adele Bloch-Bauer I,Portrait of Adele Bloch-Bauer I,Portrait of Adele Bloch-Bauer I,Portrait of Adele Bloch-Bauer I,Three Studies of Lucian Freud,Three Studies of Lucian Freud,Three Studies of Lucian Freud,Three Studies of Lucian Freud