Femme aux Bras Croises,Femme aux Bras Croises,Femme aux Bras Croises,Three Studies for a Portrait of John Edwards,Eagle Standing on Pine Tree,Eagle Standing on Pine Tree,Eagle Standing on Pine Tree,Eagle Standing on Pine Tree,Eagle Standing on Pine Tree,Woman III,Three Studies for a Portrait of John Edwards,Men in Her Life,"Triptych, 1976","Rideau, Cruchon et Compotier",Peasant Woman Against a Background of Wheat,Eagle Standing on Pine Tree,Eagle Standing on Pine Tree,Eagle Standing on Pine Tree,Eagle Standing on Pine Tree,Eagle Standing on Pine Tree,Eagle Standing on Pine Tree,Eagle Standing on Pine Tree,Eagle Standing on Pine Tree,Eagle Standing on Pine Tree,Eagle Standing on Pine Tree,Peasant Woman Against a Background of Wheat,Eagle Standing on Pine Tree,Eagle Standing on Pine Tree,Eagle Standing on Pine Tree,Eagle Standing on Pine Tree,Eagle Standing on Pine Tree,Eagle Standing on Pine Tree,Three Studies of Lucian Freud,Three Studies of Lucian Freud,Three Studies of Lucian Freud,Three Studies of Lucian Freud,Three Studies of Lucian Freud,Three Studies of Lucian Freud,Three Studies of Lucian Freud,Eagle Standing on Pine Tree,Three Studies of Lucian Freud,Three Studies of Lucian Freud,Eagle Standing on Pine Tree,Eagle Standing on Pine Tree,A Wheatfield with Cypresses,A Wheatfield with Cypresses,A Wheatfield with Cypresses,Le Reve,Le Reve,A Wheatfield with Cypresses
Femme aux Bras Croises,Three Studies for a Portrait of John Edwards,Femme aux Bras Croises,Three Studies for a Portrait of John Edwards,Eagle Standing on Pine Tree,Eagle Standing on Pine Tree,Eagle Standing on Pine Tree,Eagle Standing on Pine Tree,Eagle Standing on Pine Tree,Woman III,Three Studies for a Portrait of John Edwards,Nude Green Leaves and Bust,"Triptych, 1976",Zhichuan Resettlemen,Eagle Standing on Pine Tree,Eagle Standing on Pine Tree,Eagle Standing on Pine Tree,Eagle Standing on Pine Tree,Eagle Standing on Pine Tree,Eagle Standing on Pine Tree,Eagle Standing on Pine Tree,Eagle Standing on Pine Tree,Eagle Standing on Pine Tree,Eagle Standing on Pine Tree,Eagle Standing on Pine Tree,Peasant Woman Against a Background of Wheat,Eagle Standing on Pine Tree,Eagle Standing on Pine Tree,A Wheatfield with Cypresses,Eagle Standing on Pine Tree,A Wheatfield with Cypresses,Eagle Standing on Pine Tree,Peasant Woman Against a Background of Wheat,Three Studies of Lucian Freud,Three Studies of Lucian Freud,Three Studies of Lucian Freud,Three Studies of Lucian Freud,Three Studies of Lucian Freud,Three Studies of Lucian Freud,Three Studies of Lucian Freud,Three Studies of Lucian Freud,Three Studies of Lucian Freud,Eagle Standing on Pine Tree,A Wheatfield with Cypresses,A Wheatfield with Cypresses,A Wheatfield with Cypresses,A Wheatfield with Cypresses,Three Studies of Lucian Freud,Femme assise dans un jardin,A Wheatfield with Cypresses
Femme aux Bras Croises,Femme aux Bras Croises,Femme aux Bras Croises,Femme aux Bras Croises,Eagle Standing on Pine Tree,Eagle Standing on Pine Tree,Eagle Standing on Pine Tree,Eagle Standing on Pine Tree,Eagle Standing on Pine Tree,Zhichuan Resettlemen,Femme aux Bras Croises,Nude Green Leaves and Bust,Black Fire I,"Triptych, 1976",Eagle Standing on Pine Tree,Eagle Standing on Pine Tree,Eagle Standing on Pine Tree,Eagle Standing on Pine Tree,Eagle Standing on Pine Tree,Eagle Standing on Pine Tree,Eagle Standing on Pine Tree,Eagle Standing on Pine Tree,Eagle Standing on Pine Tree,Eagle Standing on Pine Tree,Eagle Standing on Pine Tree,Three Studies of Lucian Freud,Eagle Standing on Pine Tree,Eagle Standing on Pine Tree,Eagle Standing on Pine Tree,Eagle Standing on Pine Tree,A Wheatfield with Cypresses,Eagle Standing on Pine Tree,Peasant Woman Against a Background of Wheat,Peasant Woman Against a Background of Wheat,Three Studies of Lucian Freud,Three Studies of Lucian Freud,Three Studies of Lucian Freud,Three Studies of Lucian Freud,Three Studies of Lucian Freud,Three Studies of Lucian Freud,Three Studies of Lucian Freud,"White Center (Yellow, Pink and Lavender on Rose)",Eagle Standing on Pine Tree,A Wheatfield with Cypresses,A Wheatfield with Cypresses,A Wheatfield with Cypresses,Eagle Standing on Pine Tree,Three Studies of Lucian Freud,Femme assise dans un jardin,A Wheatfield with Cypresses
Femme aux Bras Croises,Femme aux Bras Croises,Femme aux Bras Croises,Three Studies for a Portrait of John Edwards,Eagle Standing on Pine Tree,Eagle Standing on Pine Tree,Eagle Standing on Pine Tree,Eagle Standing on Pine Tree,Eagle Standing on Pine Tree,Zhichuan Resettlemen,Three Studies for a Portrait of John Edwards,Nude Green Leaves and Bust,"Triptych, 1976","Triptych, 1976",Eagle Standing on Pine Tree,Eagle Standing on Pine Tree,Eagle Standing on Pine Tree,Eagle Standing on Pine Tree,Eagle Standing on Pine Tree,Eagle Standing on Pine Tree,Eagle Standing on Pine Tree,Eagle Standing on Pine Tree,Eagle Standing on Pine Tree,Eagle Standing on Pine Tree,Eagle Standing on Pine Tree,Peasant Woman Against a Background of Wheat,Eagle Standing on Pine Tree,Eagle Standing on Pine Tree,A Wheatfield with Cypresses,A Wheatfield with Cypresses,A Wheatfield with Cypresses,Eagle Standing on Pine Tree,Peasant Woman Against a Background of Wheat,Three Studies of Lucian Freud,Three Studies of Lucian Freud,Eagle Standing on Pine Tree,Three Studies of Lucian Freud,Three Studies of Lucian Freud,Three Studies of Lucian Freud,Three Studies of Lucian Freud,Three Studies of Lucian Freud,Le Reve,Eagle Standing on Pine Tree,A Wheatfield with Cypresses,A Wheatfield with Cypresses,A Wheatfield with Cypresses,Femme assise dans un jardin,Three Studies of Lucian Freud,Eagle Standing on Pine Tree,Eagle Standing on Pine Tree
Femme aux Bras Croises,Femme aux Bras Croises,Femme aux Bras Croises,Three Studies for a Portrait of John Edwards,Eagle Standing on Pine Tree,Eagle Standing on Pine Tree,Eagle Standing on Pine Tree,Eagle Standing on Pine Tree,Eagle Standing on Pine Tree,Peasant Woman Against a Background of Wheat,Three Studies for a Portrait of John Edwards,Men in Her Life,"Triptych, 1976","Rideau, Cruchon et Compotier",Eagle Standing on Pine Tree,Eagle Standing on Pine Tree,Eagle Standing on Pine Tree,Eagle Standing on Pine Tree,Eagle Standing on Pine Tree,Eagle Standing on Pine Tree,Peasant Woman Against a Background of Wheat,Peasant Woman Against a Background of Wheat,The Scream,No. 5 1948,No. 5 1948,No. 5 1948,No. 5 1948,Peasant Woman Against a Background of Wheat,Peasant Woman Against a Background of Wheat,Eagle Standing on Pine Tree,A Wheatfield with Cypresses,Eagle Standing on Pine Tree,Three Studies of Lucian Freud,Three Studies of Lucian Freud,Three Studies of Lucian Freud,Eagle Standing on Pine Tree,Three Studies of Lucian Freud,Three Studies of Lucian Freud,Three Studies of Lucian Freud,Three Studies of Lucian Freud,Three Studies of Lucian Freud,Femme assise dans un jardin,A Wheatfield with Cypresses,A Wheatfield with Cypresses,A Wheatfield with Cypresses,A Wheatfield with Cypresses,Eagle Standing on Pine Tree,Le Reve,Eagle Standing on Pine Tree,A Wheatfield with Cypresses
Femme aux Bras Croises,Femme aux Bras Croises,Femme aux Bras Croises,Femme aux Bras Croises,Eagle Standing on Pine Tree,Eagle Standing on Pine Tree,Eagle Standing on Pine Tree,Eagle Standing on Pine Tree,Eagle Standing on Pine Tree,Eagle Standing on Pine Tree,Nude Green Leaves and Bust,Men in Her Life,"Rideau, Cruchon et Compotier","Rideau, Cruchon et Compotier",Eagle Standing on Pine Tree,Eagle Standing on Pine Tree,Eagle Standing on Pine Tree,Eagle Standing on Pine Tree,Peasant Woman Against a Background of Wheat,Diana and Callisto,Salvator Mundi,The Gross Clinic,The Gross Clinic,The Gross Clinic,The Gross Clinic,The Gross Clinic,The Gross Clinic,The Gross Clinic,Salvator Mundi,Diana and Callisto,Peasant Woman Against a Background of Wheat,Eagle Standing on Pine Tree,Three Studies of Lucian Freud,Three Studies of Lucian Freud,Three Studies of Lucian Freud,Eagle Standing on Pine Tree,Au Lapin Agile,Eagle Standing on Pine Tree,Three Studies of Lucian Freud,Femme assise dans un jardin,Femme assise dans un jardin,Eagle Standing on Pine Tree,A Wheatfield with Cypresses,A Wheatfield with Cypresses,A Wheatfield with Cypresses,Eagle Standing on Pine Tree,Eagle Standing on Pine Tree,Femme assise dans un jardin,Peasant Woman Against a Background of Wheat,A Wheatfield with Cypresses
Femme aux Bras Croises,Femme aux Bras Croises,Femme aux Bras Croises,Femme aux Bras Croises,Eagle Standing on Pine Tree,Eagle Standing on Pine Tree,Eagle Standing on Pine Tree,Eagle Standing on Pine Tree,Eagle Standing on Pine Tree,Eagle Standing on Pine Tree,Men in Her Life,Suprematist Composition,Zhichuan Resettlemen,"Rideau, Cruchon et Compotier",Eagle Standing on Pine Tree,Eagle Standing on Pine Tree,Eagle Standing on Pine Tree,Peasant Woman Against a Background of Wheat,Salvator Mundi,The Gross Clinic,The Gross Clinic,The Gross Clinic,The Gross Clinic,The Gross Clinic,The Gross Clinic,The Gross Clinic,The Gross Clinic,The Gross Clinic,The Gross Clinic,The Gross Clinic,Salvator Mundi,Peasant Woman Against a Background of Wheat,Peasant Woman Against a Background of Wheat,Three Studies of Lucian Freud,Three Studies of Lucian Freud,Eagle Standing on Pine Tree,Au Lapin Agile,Three Studies of Lucian Freud,Three Studies of Lucian Freud,Peasant Woman Against a Background of Wheat,Femme assise dans un jardin,Peasant Woman Against a Background of Wheat,A Wheatfield with Cypresses,A Wheatfield with Cypresses,A Wheatfield with Cypresses,Eagle Standing on Pine Tree,Femme assise dans un jardin,Femme assise dans un jardin,Zhichuan Resettlemen,A Wheatfield with Cypresses
Femme aux Bras Croises,Femme aux Bras Croises,Femme aux Bras Croises,Femme aux Bras Croises,Eagle Standing on Pine Tree,Eagle Standing on Pine Tree,Eagle Standing on Pine Tree,Eagle Standing on Pine Tree,Eagle Standing on Pine Tree,Eagle Standing on Pine Tree,Woman III,Suprematist Composition,Suprematist Composition,Eagle Standing on Pine Tree,Eagle Standing on Pine Tree,Eagle Standing on Pine Tree,Peasant Woman Against a Background of Wheat,Salvator Mundi,The Gross Clinic,The Gross Clinic,The Gross Clinic,The Gross Clinic,The Gross Clinic,Salvator Mundi,No. 5 1948,Salvator Mundi,Salvator Mundi,Salvator Mundi,Salvator Mundi,"Portrait of Alfonso d'Avalos, Marquis of Vasto, in Armor with a Page",The Gross Clinic,The Gross Clinic,Peasant Woman Against a Background of Wheat,Peasant Woman Against a Background of Wheat,Three Studies of Lucian Freud,Eagle Standing on Pine Tree,Au Lapin Agile,Three Studies of Lucian Freud,Three Studies of Lucian Freud,Peasant Woman Against a Background of Wheat,A Wheatfield with Cypresses,A Wheatfield with Cypresses,A Wheatfield with Cypresses,A Wheatfield with Cypresses,A Wheatfield with Cypresses,A Wheatfield with Cypresses,Femme assise dans un jardin,Eagle Standing on Pine Tree,Eagle Standing on Pine Tree,Eagle Standing on Pine Tree
Les Noces de Pierrette,Three Studies for a Portrait of John Edwards,Three Studies for a Portrait of John Edwards,Three Studies for a Portrait of John Edwards,Eagle Standing on Pine Tree,Eagle Standing on Pine Tree,Eagle Standing on Pine Tree,Eagle Standing on Pine Tree,Eagle Standing on Pine Tree,Eagle Standing on Pine Tree,Woman III,Suprematist Composition,Suprematist Composition,Woman III,Eagle Standing on Pine Tree,Eagle Standing on Pine Tree,Peasant Woman Against a Background of Wheat,The Gross Clinic,Salvator Mundi,Diana and Actaeon,Police Gazette,Police Gazette,Police Gazette,Police Gazette,Police Gazette,Massacre of the Innocents,Massacre of the Innocents,Massacre of the Innocents,The Card Players,Salvator Mundi,Salvator Mundi,Salvator Mundi,The Card Players,Peasant Woman Against a Background of Wheat,Peasant Woman Against a Background of Wheat,Eagle Standing on Pine Tree,Au Lapin Agile,Eagle Standing on Pine Tree,Three Studies of Lucian Freud,Peasant Woman Against a Background of Wheat,A Wheatfield with Cypresses,A Wheatfield with Cypresses,A Wheatfield with Cypresses,A Wheatfield with Cypresses,A Wheatfield with Cypresses,Eagle Standing on Pine Tree,Eagle Standing on Pine Tree,Eagle Standing on Pine Tree,A Wheatfield with Cypresses,Peasant Woman Against a Background of Wheat
Silver Car Crash (Double Disaster),Three Studies for a Portrait of John Edwards,Three Studies for a Portrait of John Edwards,Three Studies for a Portrait of John Edwards,Eagle Standing on Pine Tree,Eagle Standing on Pine Tree,Eagle Standing on Pine Tree,Eagle Standing on Pine Tree,Eagle Standing on Pine Tree,Eagle Standing on Pine Tree,Woman III,Silver Car Crash (Double Disaster),Men in Her Life,Silver Car Crash (Double Disaster),Eagle Standing on Pine Tree,Eagle Standing on Pine Tree,Diana and Actaeon,The Scream,Le Reve,"White Center (Yellow, Pink and Lavender on Rose)","White Center (Yellow, Pink and Lavender on Rose)","White Center (Yellow, Pink and Lavender on Rose)",Three Studies of Lucian Freud,Three Studies of Lucian Freud,Three Studies of Lucian Freud,Three Studies of Lucian Freud,Portrait of Adele Bloch-Bauer I,Portrait of Adele Bloch-Bauer I,Portrait of Adele Bloch-Bauer I,Massacre of the Innocents,Massacre of the Innocents,The Card Players,Salvator Mundi,Peasant Woman Against a Background of Wheat,Three Studies of Lucian Freud,Eagle Standing on Pine Tree,Peasant Woman Against a Background of Wheat,Eagle Standing on Pine Tree,Three Studies of Lucian Freud,A Wheatfield with Cypresses,A Wheatfield with Cypresses,A Wheatfield with Cypresses,A Wheatfield with Cypresses,A Wheatfield with Cypresses,A Wheatfield with Cypresses,A Wheatfield with Cypresses,A Wheatfield with Cypresses,Peasant Woman Against a Background of Wheat,Peasant Woman Against a Background of Wheat,Three Studies of Lucian Freud
Les Noces de Pierrette,Three Studies for a Portrait of John Edwards,Three Studies for a Portrait of John Edwards,Suprematist Composition,Eagle Standing on Pine Tree,Eagle Standing on Pine Tree,Eagle Standing on Pine Tree,Eagle Standing on Pine Tree,Eagle Standing on Pine Tree,Eagle Standing on Pine Tree,Silver Car Crash (Double Disaster),Femme aux Bras Croises,Three Studies for a Portrait of John Edwards,Femme aux Bras Croises,Eagle Standing on Pine Tree,Eagle Standing on Pine Tree,The Scream,"White Center (Yellow, Pink and Lavender on Rose)","White Center (Yellow, Pink and Lavender on Rose)","White Center (Yellow, Pink and Lavender on Rose)","White Center (Yellow, Pink and Lavender on Rose)","White Center (Yellow, Pink and Lavender on Rose)",Three Studies of Lucian Freud,Three Studies of Lucian Freud,Three Studies of Lucian Freud,Portrait of Adele Bloch-Bauer I,Portrait of Adele Bloch-Bauer I,Portrait of Adele Bloch-Bauer I,Portrait of Adele Bloch-Bauer I,Three Studies of Lucian Freud,Massacre of the Innocents,Garcon a la pipe,Garcon a la pipe,Police Gazette,Three Studies of Lucian Freud,Eagle Standing on Pine Tree,Peasant Woman Against a Background of Wheat,Eagle Standing on Pine Tree,Three Studies of Lucian Freud,A Wheatfield with Cypresses,A Wheatfield with Cypresses,Eagle Standing on Pine Tree,A Wheatfield with Cypresses,A Wheatfield with Cypresses,Le Bassin aux Nympheas,Three Studies of Lucian Freud,Three Studies of Lucian Freud,Three Studies of Lucian Freud,Three Studies of Lucian Freud,Three Studies of Lucian Freud
Les Noces de Pierrette,Femme aux Bras Croises,Les Noces de Pierrette,Les Noces de Pierrette,Eagle Standing on Pine Tree,Eagle Standing on Pine Tree,Eagle Standing on Pine Tree,Eagle Standing on Pine Tree,Eagle Standing on Pine Tree,Eagle Standing on Pine Tree,Men in Her Life,Three Studies for a Portrait of John Edwards,Suprematist Composition,Femme aux Bras Croises,Eagle Standing on Pine Tree,Eagle Standing on Pine Tree,Femme assise dans un jardin,"White Center (Yellow, Pink and Lavender on Rose)","White Center (Yellow, Pink and Lavender on Rose)",Three Studies of Lucian Freud,"White Center (Yellow, Pink and Lavender on Rose)","White Center (Yellow, Pink and Lavender on Rose)","White Center (Yellow, Pink and Lavender on Rose)",Three Studies of Lucian Freud,Three Studies of Lucian Freud,Three Studies of Lucian Freud,Portrait of Adele Bloch-Bauer I,Portrait of Adele Bloch-Bauer I,Portrait of Adele Bloch-Bauer I,Three Studies of Lucian Freud,Police Gazette,Massacre of the Innocents,Police Gazette,Police Gazette,Three Studies of Lucian Freud,Eagle Standing on Pine Tree,Peasant Woman Against a Background of Wheat,Eagle Standing on Pine Tree,Three Studies of Lucian Freud,A Wheatfield with Cypresses,A Wheatfield with Cypresses,Peasant Woman Against a Background of Wheat,Three Studies of Lucian Freud,Three Studies of Lucian Freud,Three Studies of Lucian Freud,Three Studies of Lucian Freud,Three Studies of Lucian Freud,Three Studies of Lucian Freud,Three Studies of Lucian Freud,Three Studies of Lucian Freud
Femme aux Bras Croises,Femme aux Bras Croises,Femme aux Bras Croises,Femme aux Bras Croises,Suprematist Composition,Eagle Standing on Pine Tree,Eagle Standing on Pine Tree,Eagle Standing on Pine Tree,Eagle Standing on Pine Tree,Eagle Standing on Pine Tree,Men in Her Life,Silver Car Crash (Double Disaster),Suprematist Composition,Les Noces de Pierrette,Eagle Standing on Pine Tree,Eagle Standing on Pine Tree,Le Reve,"White Center (Yellow, Pink and Lavender on Rose)","White Center (Yellow, Pink and Lavender on Rose)","White Center (Yellow, Pink and Lavender on Rose)","White Center (Yellow, Pink and Lavender on Rose)","White Center (Yellow, Pink and Lavender on Rose)","White Center (Yellow, Pink and Lavender on Rose)",Three Studies of Lucian Freud,Three Studies of Lucian Freud,Three Studies of Lucian Freud,Three Studies of Lucian Freud,Portrait of Adele Bloch-Bauer I,Three Studies of Lucian Freud,Three Studies of Lucian Freud,Police Gazette,Police Gazette,Police Gazette,Au Lapin Agile,Three Studies of Lucian Freud,Eagle Standing on Pine Tree,Peasant Woman Against a Background of Wheat,Eagle Standing on Pine Tree,Three Studies of Lucian Freud,Three Studies of Lucian Freud,Three Studies of Lucian Freud,Three Studies of Lucian Freud,Three Studies of Lucian Freud,Three Studies of Lucian Freud,Three Studies of Lucian Freud,Three Studies of Lucian Freud,Three Studies of Lucian Freud,Three Studies of Lucian Freud,Eagle Standing on Pine Tree,Eagle Standing on Pine Tree
Femme aux Bras Croises,Femme aux Bras Croises,Femme aux Bras Croises,Femme aux Bras Croises,Suprematist Composition,Eagle Standing on Pine Tree,Eagle Standing on Pine Tree,Eagle Standing on Pine Tree,Eagle Standing on Pine Tree,Eagle Standing on Pine Tree,"Triptych, 1976",Three Studies for a Portrait of John Edwards,Silver Car Crash (Double Disaster),Les Noces de Pierrette,Eagle Standing on Pine Tree,Eagle Standing on Pine Tree,Femme assise dans un jardin,Le Reve,Le Reve,"White Center (Yellow, Pink and Lavender on Rose)","White Center (Yellow, Pink and Lavender on Rose)","White Center (Yellow, Pink and Lavender on Rose)","White Center (Yellow, Pink and Lavender on Rose)","White Center (Yellow, Pink and Lavender on Rose)","White Center (Yellow, Pink and Lavender on Rose)",Three Studies of Lucian Freud,Three Studies of Lucian Freud,Three Studies of Lucian Freud,Three Studies of Lucian Freud,Three Studies of Lucian Freud,Three Studies of Lucian Freud,Police Gazette,Police Gazette,Police Gazette,Peasant Woman Against a Background of Wheat,Eagle Standing on Pine Tree,Peasant Woman Against a Background of Wheat,Eagle Standing on Pine Tree,Three Studies of Lucian Freud,Three Studies of Lucian Freud,Three Studies of Lucian Freud,Three Studies of Lucian Freud,Three Studies of Lucian Freud,Three Studies of Lucian Freud,Eagle Standing on Pine Tree,Eagle Standing on Pine Tree,Eagle Standing on Pine Tree,Eagle Standing on Pine Tree,Eagle Standing on Pine Tree,Eagle Standing on Pine Tree
Femme aux Bras Croises,Femme aux Bras Croises,Femme aux Bras Croises,Femme aux Bras Croises,Silver Car Crash (Double Disaster),Eagle Standing on Pine Tree,Eagle Standing on Pine Tree,Eagle Standing on Pine Tree,Eagle Standing on Pine Tree,Eagle Standing on Pine Tree,"Triptych, 1976",Silver Car Crash (Double Disaster),Silver Car Crash (Double Disaster),Silver Car Crash (Double Disaster),Woman III,Eagle Standing on Pine Tree,Femme assise dans un jardin,Femme assise dans un jardin,Police Gazette,Le Reve,Le Reve,"White Center (Yellow, Pink and Lavender on Rose)",Le Reve,Le Reve,Police Gazette,Police Gazette,Police Gazette,Le Reve,Three Studies of Lucian Freud,Three Studies of Lucian Freud,Three Studies of Lucian Freud,Police Gazette,Police Gazette,Three Studies of Lucian Freud,Peasant Woman Against a Background of Wheat,Eagle Standing on Pine Tree,Peasant Woman Against a Background of Wheat,Eagle Standing on Pine Tree,Three Studies of Lucian Freud,Three Studies of Lucian Freud,Eagle Standing on Pine Tree,Eagle Standing on Pine Tree,Eagle Standing on Pine Tree,Three Studies of Lucian Freud,Three Studies of Lucian Freud,Three Studies of Lucian Freud,Three Studies of Lucian Freud,Three Studies of Lucian Freud,Three Studies of Lucian Freud,Three Studies of Lucian Freud
Femme aux Bras Croises,Femme aux Bras Croises,Femme aux Bras Croises,Femme aux Bras Croises,Silver Car Crash (Double Disaster),Eagle Standing on Pine Tree,Eagle Standing on Pine Tree,Eagle Standing on Pine Tree,Eagle Standing on Pine Tree,Eagle Standing on Pine Tree,"Triptych, 1976",Dora Maar au Chat,The Gross Clinic,Bal du moulin de la Galette,Dora Maar au Chat,The Scream,The Scream,Police Gazette,Police Gazette,Police Gazette,Police Gazette,Police Gazette,Police Gazette,Police Gazette,Police Gazette,Police Gazette,Police Gazette,Garcon a la pipe,Police Gazette,Police Gazette,Police Gazette,Police Gazette,Police Gazette,Three Studies of Lucian Freud,Peasant Woman Against a Background of Wheat,Eagle Standing on Pine Tree,Peasant Woman Against a Background of Wheat,Femme assise dans un jardin,Three Studies of Lucian Freud,Three Studies of Lucian Freud,Three Studies of Lucian Freud,Three Studies of Lucian Freud,Three Studies of Lucian Freud,Three Studies of Lucian Freud,Three Studies of Lucian Freud,Three Studies of Lucian Freud,Three Studies of Lucian Freud,Three Studies of Lucian Freud,Three Studies of Lucian Freud,Eagle Standing on Pine Tree
Femme aux Bras Croises,Femme aux Bras Croises,Femme aux Bras Croises,Femme aux Bras Croises,Silver Car Crash (Double Disaster),Eagle Standing on Pine Tree,Eagle Standing on Pine Tree,Eagle Standing on Pine Tree,Eagle Standing on Pine Tree,Portrait of Dr. Gachet,Portrait of a Halberdier,Portrait of a Halberdier,No. 5 1948,Salvator Mundi,The Gross Clinic,Portrait of Dr. Gachet,Femme assise dans un jardin,Le Reve,Le Reve,Le Reve,Garcon a la pipe,Police Gazette,Police Gazette,Le Reve,Police Gazette,Le Reve,Le Reve,Police Gazette,Police Gazette,Three Studies of Lucian Freud,Three Studies of Lucian Freud,Three Studies of Lucian Freud,"White Center (Yellow, Pink and Lavender on Rose)","White Center (Yellow, Pink and Lavender on Rose)",Peasant Woman Against a Background of Wheat,Eagle Standing on Pine Tree,Peasant Woman Against a Background of Wheat,Peasant Woman Against a Background of Wheat,Femme assise dans un jardin,Eagle Standing on Pine Tree,Eagle Standing on Pine Tree,Eagle Standing on Pine Tree,Eagle Standing on Pine Tree,Eagle Standing on Pine Tree,Eagle Standing on Pine Tree,Eagle Standing on Pine Tree,Eagle Standing on Pine Tree,Eagle Standing on Pine Tree,Eagle Standing on Pine Tree,Eagle Standing on Pine Tree
Femme aux Bras Croises,Femme aux Bras Croises,Femme aux Bras Croises,Femme aux Bras Croises,Nude Green Leaves and Bust,Eagle Standing on Pine Tree,Eagle Standing on Pine Tree,Eagle Standing on Pine Tree,"Rideau, Cruchon et Compotier",The Gross Clinic,The Gross Clinic,The Gross Clinic,Salvator Mundi,Salvator Mundi,The Gross Clinic,No. 5 1948,Femme assise dans un jardin,Le Reve,Le Reve,Le Reve,Police Gazette,"White Center (Yellow, Pink and Lavender on Rose)",Police Gazette,Le Reve,Le Reve,Le Reve,Le Reve,Police Gazette,Three Studies of Lucian Freud,Three Studies of Lucian Freud,Three Studies of Lucian Freud,Three Studies of Lucian Freud,"White Center (Yellow, Pink and Lavender on Rose)","White Center (Yellow, Pink and Lavender on Rose)",Peasant Woman Against a Background of Wheat,Eagle Standing on Pine Tree,Peasant Woman Against a Background of Wheat,Eagle Standing on Pine Tree,Eagle Standing on Pine Tree,Eagle Standing on Pine Tree,Eagle Standing on Pine Tree,Eagle Standing on Pine Tree,Eagle Standing on Pine Tree,Eagle Standing on Pine Tree,Eagle Standing on Pine Tree,Eagle Standing on Pine Tree,Eagle Standing on Pine Tree,Eagle Standing on Pine Tree,Eagle Standing on Pine Tree,Eagle Standing on Pine Tree
Femme aux Bras Croises,Femme aux Bras Croises,Femme aux Bras Croises,Femme aux Bras Croises,Les Noces de Pierrette,Eagle Standing on Pine Tree,Eagle Standing on Pine Tree,Eagle Standing on Pine Tree,Dora Maar au Chat,The Gross Clinic,The Gross Clinic,The Gross Clinic,Salvator Mundi,No. 5 1948,The Gross Clinic,Salvator Mundi,Le Reve,Le Reve,Le Reve,Le Reve,"White Center (Yellow, Pink and Lavender on Rose)","White Center (Yellow, Pink and Lavender on Rose)","White Center (Yellow, Pink and Lavender on Rose)","White Center (Yellow, Pink and Lavender on Rose)","White Center (Yellow, Pink and Lavender on Rose)","White Center (Yellow, Pink and Lavender on Rose)","White Center (Yellow, Pink and Lavender on Rose)","White Center (Yellow, Pink and Lavender on Rose)","White Center (Yellow, Pink and Lavender on Rose)",Three Studies of Lucian Freud,Three Studies of Lucian Freud,Three Studies of Lucian Freud,"White Center (Yellow, Pink and Lavender on Rose)",Le Reve,Femme assise dans un jardin,Eagle Standing on Pine Tree,Peasant Woman Against a Background of Wheat,Eagle Standing on Pine Tree,Eagle Standing on Pine Tree,Eagle Standing on Pine Tree,Eagle Standing on Pine Tree,Eagle Standing on Pine Tree,Eagle Standing on Pine Tree,Eagle Standing on Pine Tree,Eagle Standing on Pine Tree,Eagle Standing on Pine Tree,Eagle Standing on Pine Tree,Eagle Standing on Pine Tree,Eagle Standing on Pine Tree,Eagle Standing on Pine Tree
Femme aux Bras Croises,Femme aux Bras Croises,Femme aux Bras Croises,Femme aux Bras Croises,Femme aux Bras Croises,Eagle Standing on Pine Tree,Eagle Standing on Pine Tree,Eagle Standing on Pine Tree,Peasant Woman Against a Background of Wheat,The Gross Clinic,The Gross Clinic,The Gross Clinic,Salvator Mundi,No. 5 1948,Salvator Mundi,Salvator Mundi,Le Reve,"White Center (Yellow, Pink and Lavender on Rose)","White Center (Yellow, Pink and Lavender on Rose)","White Center (Yellow, Pink and Lavender on Rose)","White Center (Yellow, Pink and Lavender on Rose)","White Center (Yellow, Pink and Lavender on Rose)","White Center (Yellow, Pink and Lavender on Rose)","White Center (Yellow, Pink and Lavender on Rose)","White Center (Yellow, Pink and Lavender on Rose)","White Center (Yellow, Pink and Lavender on Rose)","White Center (Yellow, Pink and Lavender on Rose)","White Center (Yellow, Pink and Lavender on Rose)","White Center (Yellow, Pink and Lavender on Rose)",Three Studies of Lucian Freud,Three Studies of Lucian Freud,Three Studies of Lucian Freud,"White Center (Yellow, Pink and Lavender on Rose)",Eagle Standing on Pine Tree,Femme assise dans un jardin,Eagle Standing on Pine Tree,Peasant Woman Against a Background of Wheat,Eagle Standing on Pine Tree,Eagle Standing on Pine Tree,Eagle Standing on Pine Tree,Eagle Standing on Pine Tree,Eagle Standing on Pine Tree,Eagle Standing on Pine Tree,Eagle Standing on Pine Tree,Eagle Standing on Pine Tree,Eagle Standing on Pine Tree,Eagle Standing on Pine Tree,Eagle Standing on Pine Tree,Eagle Standing on Pine Tree,Eagle Standing on Pine Tree
Les Noces de Pierrette,Femme aux Bras Croises,Femme aux Bras Croises,Femme aux Bras Croises,Three Studies for a Portrait of John Edwards,Eagle Standing on Pine Tree,Flag,Flag,Femme assise dans un jardin,Portrait of a Halberdier,Portrait of a Halberdier,Darmstadt Madonna,Portrait of a Halberdier,The Gross Clinic,The Gross Clinic,The Gross Clinic,Police Gazette,"White Center (Yellow, Pink and Lavender on Rose)","White Center (Yellow, Pink and Lavender on Rose)","White Center (Yellow, Pink and Lavender on Rose)","White Center (Yellow, Pink and Lavender on Rose)",Le Reve,Le Reve,"White Center (Yellow, Pink and Lavender on Rose)","White Center (Yellow, Pink and Lavender on Rose)","White Center (Yellow, Pink and Lavender on Rose)",Three Studies of Lucian Freud,Three Studies of Lucian Freud,Three Studies of Lucian Freud,Three Studies of Lucian Freud,Three Studies of Lucian Freud,Garcon a la pipe,Diana and Actaeon,Eagle Standing on Pine Tree,Eagle Standing on Pine Tree,Eagle Standing on Pine Tree,Eagle Standing on Pine Tree,Peasant Woman Against a Background of Wheat,Eagle Standing on Pine Tree,Eagle Standing on Pine Tree,Eagle Standing on Pine Tree,Eagle Standing on Pine Tree,Eagle Standing on Pine Tree,Eagle Standing on Pine Tree,Eagle Standing on Pine Tree,Eagle Standing on Pine Tree,Eagle Standing on Pine Tree,Eagle Standing on Pine Tree,Eagle Standing on Pine Tree,Eagle Standing on Pine Tree
Eagle Standing on Pine Tree,Eagle Standing on Pine Tree,Suprematist Composition,Les Noces de Pierrette,Eagle Standing on Pine Tree,Femme assise dans un jardin,The Scream,The Scream,Police Gazette,No. 5 1948,Portrait of a Halberdier,Dora Maar au Chat,Dora Maar au Chat,Dora Maar au Chat,Portrait of a Halberdier,The Gross Clinic,No. 5 1948,"White Center (Yellow, Pink and Lavender on Rose)","White Center (Yellow, Pink and Lavender on Rose)","White Center (Yellow, Pink and Lavender on Rose)","White Center (Yellow, Pink and Lavender on Rose)","White Center (Yellow, Pink and Lavender on Rose)","White Center (Yellow, Pink and Lavender on Rose)","White Center (Yellow, Pink and Lavender on Rose)",Three Studies of Lucian Freud,Three Studies of Lucian Freud,Three Studies of Lucian Freud,Three Studies of Lucian Freud,Three Studies of Lucian Freud,Three Studies of Lucian Freud,Three Studies of Lucian Freud,The Gross Clinic,The Gross Clinic,No. 5 1948,The Scream,Eagle Standing on Pine Tree,Eagle Standing on Pine Tree,Eagle Standing on Pine Tree,Eagle Standing on Pine Tree,Eagle Standing on Pine Tree,Eagle Standing on Pine Tree,Eagle Standing on Pine Tree,Eagle Standing on Pine Tree,Eagle Standing on Pine Tree,Eagle Standing on Pine Tree,Eagle Standing on Pine Tree,Eagle Standing on Pine Tree,Eagle Standing on Pine Tree,Eagle Standing on Pine Tree,Eagle Standing on Pine Tree
Three Studies of Lucian Freud,Three Studies of Lucian Freud,Suprematist Composition,Femme aux Bras Croises,Eagle Standing on Pine Tree,Peasant Woman Against a Background of Wheat,Eagle Standing on Pine Tree,Eagle Standing on Pine Tree,Portrait de l'artiste sans barbe,Portrait of a Halberdier,Adele Bloch-Bauer II,Adele Bloch-Bauer II,Dora Maar au Chat,Dora Maar au Chat,The Gross Clinic,The Gross Clinic,The Gross Clinic,Police Gazette,Le Reve,Le Reve,Le Reve,Le Reve,Le Reve,"White Center (Yellow, Pink and Lavender on Rose)","White Center (Yellow, Pink and Lavender on Rose)",Three Studies of Lucian Freud,Three Studies of Lucian Freud,Three Studies of Lucian Freud,Three Studies of Lucian Freud,Three Studies of Lucian Freud,Police Gazette,The Gross Clinic,The Gross Clinic,The Gross Clinic,The Gross Clinic,The Gross Clinic,The Scream,Eagle Standing on Pine Tree,Eagle Standing on Pine Tree,Eagle Standing on Pine Tree,Eagle Standing on Pine Tree,Eagle Standing on Pine Tree,Eagle Standing on Pine Tree,Eagle Standing on Pine Tree,Eagle Standing on Pine Tree,Eagle Standing on Pine Tree,Eagle Standing on Pine Tree,Eagle Standing on Pine Tree,Eagle Standing on Pine Tree,Eagle Standing on Pine Tree
Three Studies of Lucian Freud,Peasant Woman Against a Background of Wheat,Suprematist Composition,Suprematist Composition,Eagle Standing on Pine Tree,Eagle Standing on Pine Tree,Eagle Standing on Pine Tree,Eagle Standing on Pine Tree,Eagle Standing on Pine Tree,Woman III,Men in Her Life,Nude Green Leaves and Bust,The Gross Clinic,The Gross Clinic,The Gross Clinic,The Gross Clinic,The Gross Clinic,The Gross Clinic,Le Reve,"White Center (Yellow, Pink and Lavender on Rose)","White Center (Yellow, Pink and Lavender on Rose)","White Center (Yellow, Pink and Lavender on Rose)","White Center (Yellow, Pink and Lavender on Rose)","White Center (Yellow, Pink and Lavender on Rose)","White Center (Yellow, Pink and Lavender on Rose)",Three Studies of Lucian Freud,Three Studies of Lucian Freud,Three Studies of Lucian Freud,Three Studies of Lucian Freud,Portrait of Adele Bloch-Bauer I,Massacre of the Innocents,The Gross Clinic,The Gross Clinic,The Gross Clinic,The Gross Clinic,Portrait of a Halberdier,Portrait of a Halberdier,No. 5 1948,Au Lapin Agile,Eagle Standing on Pine Tree,Eagle Standing on Pine Tree,Eagle Standing on Pine Tree,Eagle Standing on Pine Tree,Eagle Standing on Pine Tree,Eagle Standing on Pine Tree,Eagle Standing on Pine Tree,Eagle Standing on Pine Tree,Eagle Standing on Pine Tree,Eagle Standing on Pine Tree,Eagle Standing on Pine Tree
Three Studies of Lucian Freud,Eagle Standing on Pine Tree,Eagle Standing on Pine Tree,Eagle Standing on Pine Tree,Eagle Standing on Pine Tree,Eagle Standing on Pine Tree,Eagle Standing on Pine Tree,Eagle Standing on Pine Tree,Woman III,Men in Her Life,Adele Bloch-Bauer II,Portrait of a Halberdier,Portrait of a Halberdier,The Gross Clinic,Bal du moulin de la Galette,The Gross Clinic,The Gross Clinic,The Gross Clinic,Salvator Mundi,Le Reve,"White Center (Yellow, Pink and Lavender on Rose)","White Center (Yellow, Pink and Lavender on Rose)","White Center (Yellow, Pink and Lavender on Rose)","White Center (Yellow, Pink and Lavender on Rose)",Three Studies of Lucian Freud,Three Studies of Lucian Freud,Three Studies of Lucian Freud,Portrait of Adele Bloch-Bauer I,Portrait of Adele Bloch-Bauer I,Portrait of Adele Bloch-Bauer I,Massacre of the Innocents,The Gross Clinic,The Gross Clinic,The Gross Clinic,The Gross Clinic,The Gross Clinic,The Gross Clinic,No. 5 1948,The Gross Clinic,The Gross Clinic,Femme assise dans un jardin,Eagle Standing on Pine Tree,Eagle Standing on Pine Tree,Eagle Standing on Pine Tree,Eagle Standing on Pine Tree,Eagle Standing on Pine Tree,Eagle Standing on Pine Tree,Eagle Standing on Pine Tree,Eagle Standing on Pine Tree,Eagle Standing on Pine Tree
Three Studies of Lucian Freud,Eagle Standing on Pine Tree,Eagle Standing on Pine Tree,Eagle Standing on Pine Tree,Eagle Standing on Pine Tree,Eagle Standing on Pine Tree,Woman III,Men in Her Life,Adele Bloch-Bauer II,Dora Maar au Chat,The Gross Clinic,Dora Maar au Chat,Nude Green Leaves and Bust,Dora Maar au Chat,The Gross Clinic,The Gross Clinic,The Gross Clinic,The Gross Clinic,The Gross Clinic,Garcon a la pipe,Three Studies of Lucian Freud,Three Studies of Lucian Freud,Three Studies of Lucian Freud,Three Studies of Lucian Freud,Three Studies of Lucian Freud,Three Studies of Lucian Freud,Portrait of Adele Bloch-Bauer I,Portrait of Adele Bloch-Bauer I,Portrait of Adele Bloch-Bauer I,Portrait of Adele Bloch-Bauer I,Massacre of the Innocents,The Gross Clinic,The Gross Clinic,The Gross Clinic,The Gross Clinic,The Gross Clinic,The Gross Clinic,The Gross Clinic,The Gross Clinic,The Gross Clinic,The Gross Clinic,"Rideau, Cruchon et Compotier",Eagle Standing on Pine Tree,Eagle Standing on Pine Tree,Eagle Standing on Pine Tree,Eagle Standing on Pine Tree,Eagle Standing on Pine Tree,Eagle Standing on Pine Tree,Eagle Standing on Pine Tree,Eagle Standing on Pine Tree
Three Studies of Lucian Freud,Eagle Standing on Pine Tree,Three Studies of Lucian Freud,Portrait de l'artiste sans barbe,Men in Her Life,Men in Her Life,"Triptych, 1976",Adele Bloch-Bauer II,Adele Bloch-Bauer II,Dora Maar au Chat,The Gross Clinic,The Gross Clinic,Bal du moulin de la Galette,The Gross Clinic,The Gross Clinic,The Gross Clinic,The Gross Clinic,The Gross Clinic,The Gross Clinic,Massacre of the Innocents,Le Reve,Police Gazette,Police Gazette,Police Gazette,Police Gazette,Le Reve,Le Reve,Portrait of Adele Bloch-Bauer I,Portrait of Adele Bloch-Bauer I,Portrait of Adele Bloch-Bauer I,Massacre of the Innocents,The Gross Clinic,The Gross Clinic,The Gross Clinic,The Gross Clinic,The Gross Clinic,The Gross Clinic,The Gross Clinic,The Gross Clinic,Portrait of a Halberdier,Portrait of a Halberdier,Portrait of a Halberdier,Femme assise dans un jardin,Eagle Standing on Pine Tree,Eagle Standing on Pine Tree,Three Studies of Lucian Freud,Three Studies of Lucian Freud,Three Studies of Lucian Freud,Three Studies of Lucian Freud,Three Studies of Lucian Freud
Three Studies of Lucian Freud,Au Lapin Agile,Three Studies of Lucian Freud,Portrait of a Halberdier,Dora Maar au Chat,Dora Maar au Chat,Dora Maar au Chat,Men in Her Life,Adele Bloch-Bauer II,Dora Maar au Chat,Dora Maar au Chat,Portrait of a Halberdier,The Gross Clinic,The Gross Clinic,The Gross Clinic,The Gross Clinic,The Gross Clinic,The Gross Clinic,The Gross Clinic,Massacre of the Innocents,Le Reve,Le Reve,Le Reve,Le Reve,Three Studies of Lucian Freud,Three Studies of Lucian Freud,Three Studies of Lucian Freud,Three Studies of Lucian Freud,Three Studies of Lucian Freud,Portrait of Adele Bloch-Bauer I,Massacre of the Innocents,The Gross Clinic,The Gross Clinic,The Gross Clinic,The Gross Clinic,The Gross Clinic,The Gross Clinic,The Gross Clinic,The Gross Clinic,The Gross Clinic,Portrait of a Halberdier,The Gross Clinic,No. 5 1948,Peasant Woman Against a Background of Wheat,Three Studies of Lucian Freud,Three Studies of Lucian Freud,Three Studies of Lucian Freud,Three Studies of Lucian Freud,Three Studies of Lucian Freud,Three Studies of Lucian Freud
Three Studies of Lucian Freud,Peasant Woman Against a Background of Wheat,Three Studies of Lucian Freud,No. 5 1948,Dora Maar au Chat,Dora Maar au Chat,"Triptych, 1976",Eagle Standing on Pine Tree,Dora Maar au Chat,Darmstadt Madonna,Dora Maar au Chat,Dora Maar au Chat,The Gross Clinic,The Gross Clinic,The Gross Clinic,The Gross Clinic,The Gross Clinic,The Gross Clinic,"Portrait of Alfonso d'Avalos, Marquis of Vasto, in Armor with a Page",Salvator Mundi,Police Gazette,Le Reve,Le Reve,Le Reve,Three Studies of Lucian Freud,Three Studies of Lucian Freud,Three Studies of Lucian Freud,Three Studies of Lucian Freud,Three Studies of Lucian Freud,Massacre of the Innocents,Massacre of the Innocents,The Gross Clinic,The Gross Clinic,The Gross Clinic,The Gross Clinic,The Gross Clinic,The Gross Clinic,The Gross Clinic,The Gross Clinic,The Gross Clinic,The Gross Clinic,The Gross Clinic,The Gross Clinic,No. 5 1948,Peasant Woman Against a Background of Wheat,Three Studies of Lucian Freud,Three Studies of Lucian Freud,Three Studies of Lucian Freud,Three Studies of Lucian Freud,Three Studies of Lucian Freud
Femme assise dans un jardin,Eagle Standing on Pine Tree,Eagle Standing on Pine Tree,No. 5 1948,Portrait of a Halberdier,Portrait of a Halberdier,Dora Maar au Chat,Darmstadt Madonna,Darmstadt Madonna,Darmstadt Madonna,Portrait of a Halberdier,The Gross Clinic,The Gross Clinic,The Gross Clinic,The Gross Clinic,The Gross Clinic,The Gross Clinic,The Gross Clinic,The Gross Clinic,The Gross Clinic,Garcon a la pipe,Le Reve,Le Reve,Le Reve,Three Studies of Lucian Freud,Three Studies of Lucian Freud,Three Studies of Lucian Freud,Three Studies of Lucian Freud,Le Reve,Le Reve,Garcon a la pipe,The Gross Clinic,The Gross Clinic,The Gross Clinic,The Gross Clinic,The Gross Clinic,The Gross Clinic,The Gross Clinic,The Gross Clinic,The Gross Clinic,The Gross Clinic,The Gross Clinic,The Gross Clinic,The Gross Clinic,No. 5 1948,Femme assise dans un jardin,Three Studies of Lucian Freud,Three Studies of Lucian Freud,Three Studies of Lucian Freud,Three Studies of Lucian Freud
Peasant Woman Against a Background of Wheat,Peasant Woman Against a Background of Wheat,Peasant Woman Against a Background of Wheat,No. 5 1948,The Gross Clinic,"Triptych, 1976",Darmstadt Madonna,Darmstadt Madonna,Darmstadt Madonna,Dora Maar au Chat,Portrait of a Halberdier,The Gross Clinic,The Gross Clinic,The Gross Clinic,The Gross Clinic,The Gross Clinic,The Gross Clinic,The Gross Clinic,The Gross Clinic,The Gross Clinic,The Gross Clinic,Diana and Actaeon,Police Gazette,Le Reve,Le Reve,Le Reve,Le Reve,Le Reve,Le Reve,Garcon a la pipe,The Gross Clinic,The Gross Clinic,The Gross Clinic,The Gross Clinic,The Gross Clinic,The Gross Clinic,The Gross Clinic,The Gross Clinic,The Gross Clinic,The Gross Clinic,The Gross Clinic,The Gross Clinic,Portrait of a Halberdier,Portrait of a Halberdier,Portrait of a Halberdier,The Scream,Peasant Woman Against a Background of Wheat,Eagle Standing on Pine Tree,Eagle Standing on Pine Tree,Eagle Standing on Pine Tree
Au Lapin Agile,Diana and Callisto,Salvator Mundi,Salvator Mundi,The Gross Clinic,Dora Maar au Chat,Adele Bloch-Bauer II,Darmstadt Madonna,Darmstadt Madonna,Dora Maar au Chat,The Gross Clinic,The Gross Clinic,The Gross Clinic,The Gross Clinic,The Gross Clinic,The Gross Clinic,The Gross Clinic,The Gross Clinic,The Gross Clinic,The Gross Clinic,The Gross Clinic,The Gross Clinic,No. 5 1948,Portrait of a Halberdier,The Scream,Acrobate et jeune arlequin,Acrobate et jeune arlequin,Portrait of a Halberdier,Salvator Mundi,The Gross Clinic,The Gross Clinic,The Gross Clinic,The Gross Clinic,The Gross Clinic,The Gross Clinic,The Gross Clinic,The Gross Clinic,The Gross Clinic,The Gross Clinic,The Gross Clinic,Portrait of a Halberdier,No. 5 1948,Portrait of a Halberdier,The Scream,The Gross Clinic,The Gross Clinic,Diana and Actaeon,Eagle Standing on Pine Tree,Eagle Standing on Pine Tree,Eagle Standing on Pine Tree
Salvator Mundi,Diana and Callisto,The Gross Clinic,The Gross Clinic,The Gross Clinic,Dora Maar au Chat,Dora Maar au Chat,Darmstadt Madonna,Adele Bloch-Bauer II,The Gross Clinic,The Gross Clinic,The Gross Clinic,The Gross Clinic,The Gross Clinic,The Gross Clinic,The Gross Clinic,The Gross Clinic,The Gross Clinic,The Gross Clinic,The Gross Clinic,The Gross Clinic,The Gross Clinic,Portrait of a Halberdier,Dora Maar au Chat,Dora Maar au Chat,Dora Maar au Chat,Dora Maar au Chat,The Gross Clinic,The Gross Clinic,The Gross Clinic,The Gross Clinic,The Gross Clinic,The Gross Clinic,The Gross Clinic,The Gross Clinic,The Gross Clinic,The Gross Clinic,The Gross Clinic,The Gross Clinic,The Gross Clinic,No. 5 1948,No. 5 1948,The Gross Clinic,The Gross Clinic,The Gross Clinic,The Gross Clinic,Salvator Mundi,Peasant Woman Against a Background of Wheat,Eagle Standing on Pine Tree,Eagle Standing on Pine Tree
No. 5 1948,No. 5 1948,No. 5 1948,The Gross Clinic,Dora Maar au Chat,Dora Maar au Chat,Dora Maar au Chat,The Gross Clinic,The Gross Clinic,The Gross Clinic,The Gross Clinic,The Gross Clinic,The Gross Clinic,The Gross Clinic,The Gross Clinic,The Gross Clinic,The Gross Clinic,The Gross Clinic,The Gross Clinic,The Gross Clinic,The Gross Clinic,The Gross Clinic,The Gross Clinic,Dora Maar au Chat,Dora Maar au Chat,Darmstadt Madonna,Dora Maar au Chat,The Gross Clinic,The Gross Clinic,The Gross Clinic,The Gross Clinic,The Gross Clinic,The Gross Clinic,The Gross Clinic,The Gross Clinic,The Gross Clinic,The Gross Clinic,The Gross Clinic,The Gross Clinic,The Gross Clinic,The Gross Clinic,The Gross Clinic,The Gross Clinic,The Gross Clinic,The Gross Clinic,The Gross Clinic,Salvator Mundi,Diana and Callisto,Eagle Standing on Pine Tree,Eagle Standing on Pine Tree
Salvator Mundi,The Scream,Portrait of Dr. Gachet,Portrait of a Halberdier,Dora Maar au Chat,The Gross Clinic,Portrait of a Halberdier,The Gross Clinic,The Gross Clinic,The Gross Clinic,The Gross Clinic,The Gross Clinic,The Gross Clinic,The Gross Clinic,The Gross Clinic,The Gross Clinic,The Gross Clinic,Bal du moulin de la Galette,The Gross Clinic,The Gross Clinic,The Gross Clinic,The Gross Clinic,The Gross Clinic,The Gross Clinic,Dora Maar au Chat,Dora Maar au Chat,The Gross Clinic,The Gross Clinic,The Gross Clinic,The Gross Clinic,The Gross Clinic,The Gross Clinic,The Gross Clinic,The Gross Clinic,The Gross Clinic,The Gross Clinic,The Gross Clinic,The Gross Clinic,The Gross Clinic,The Gross Clinic,The Gross Clinic,The Gross Clinic,The Gross Clinic,The Gross Clinic,The Gross Clinic,The Gross Clinic,Salvator Mundi,No. 5 1948,Eagle Standing on Pine Tree,Eagle Standing on Pine Tree
Dora Maar au Chat,Portrait de l'artiste sans barbe,Eagle Standing on Pine Tree,Darmstadt Madonna,Dora Maar au Chat,The Gross Clinic,The Gross Clinic,The Gross Clinic,The Gross Clinic,The Gross Clinic,The Gross Clinic,The Gross Clinic,The Gross Clinic,The Gross Clinic,The Gross Clinic,The Gross Clinic,The Gross Clinic,The Gross Clinic,The Gross Clinic,The Gross Clinic,The Gross Clinic,The Gross Clinic,The Gross Clinic,The Gross Clinic,Dora Maar au Chat,The Gross Clinic,The Gross Clinic,The Gross Clinic,The Gross Clinic,The Gross Clinic,The Gross Clinic,The Gross Clinic,The Gross Clinic,The Gross Clinic,The Gross Clinic,The Gross Clinic,The Gross Clinic,The Gross Clinic,The Gross Clinic,The Gross Clinic,The Gross Clinic,The Gross Clinic,The Gross Clinic,The Gross Clinic,The Gross Clinic,Portrait de l'artiste sans barbe,Eagle Standing on Pine Tree,Femme assise dans un jardin,Femme assise dans un jardin,Eagle Standing on Pine Tree
Peasant Woman Against a Background of Wheat,Portrait of Dr. Gachet,Portrait de l'artiste sans barbe,Adele Bloch-Bauer II,Eagle Standing on Pine Tree,The Gross Clinic,The Gross Clinic,The Gross Clinic,The Gross Clinic,The Gross Clinic,The Gross Clinic,The Gross Clinic,The Gross Clinic,The Gross Clinic,The Gross Clinic,The Gross Clinic,The Gross Clinic,The Gross Clinic,The Gross Clinic,The Gross Clinic,The Gross Clinic,The Gross Clinic,The Gross Clinic,The Gross Clinic,The Gross Clinic,The Gross Clinic,The Gross Clinic,The Gross Clinic,The Gross Clinic,The Gross Clinic,The Gross Clinic,Portrait of a Halberdier,Portrait of a Halberdier,Dora Maar au Chat,Portrait de l'artiste sans barbe,The Gross Clinic,The Gross Clinic,The Gross Clinic,The Gross Clinic,The Gross Clinic,The Gross Clinic,The Gross Clinic,The Gross Clinic,The Gross Clinic,The Gross Clinic,Portrait of a Halberdier,Eagle Standing on Pine Tree,Eagle Standing on Pine Tree,Peasant Woman Against a Background of Wheat,Eagle Standing on Pine Tree
Portrait de l'artiste sans barbe,Femme assise dans un jardin,Eagle Standing on Pine Tree,Eagle Standing on Pine Tree,Eagle Standing on Pine Tree,The Gross Clinic,The Gross Clinic,The Gross Clinic,The Gross Clinic,The Gross Clinic,The Gross Clinic,The Gross Clinic,The Gross Clinic,The Gross Clinic,The Gross Clinic,The Gross Clinic,The Gross Clinic,The Gross Clinic,The Gross Clinic,The Gross Clinic,The Gross Clinic,The Gross Clinic,The Gross Clinic,The Gross Clinic,The Gross Clinic,The Gross Clinic,The Gross Clinic,The Gross Clinic,The Gross Clinic,The Gross Clinic,The Gross Clinic,Portrait of a Halberdier,Eagle Standing on Pine Tree,Eagle Standing on Pine Tree,Eagle Standing on Pine Tree,Eagle Standing on Pine Tree,Adele Bloch-Bauer II,The Gross Clinic,The Gross Clinic,The Gross Clinic,The Gross Clinic,The Gross Clinic,The Gross Clinic,The Gross Clinic,The Gross Clinic,The Gross Clinic,Portrait of a Halberdier,Peasant Woman Against a Background of Wheat,Zhichuan Resettlemen,Femme assise dans un jardin
Eagle Standing on Pine Tree,Portrait de l'artiste sans barbe,Eagle Standing on Pine Tree,Adele Bloch-Bauer II,Portrait of a Halberdier,The Gross Clinic,The Gross Clinic,The Gross Clinic,The Gross Clinic,The Gross Clinic,The Gross Clinic,The Gross Clinic,The Gross Clinic,The Gross Clinic,The Gross Clinic,The Gross Clinic,The Gross Clinic,The Gross Clinic,The Gross Clinic,The Gross Clinic,The Gross Clinic,The Gross Clinic,The Gross Clinic,The Gross Clinic,The Gross Clinic,The Gross Clinic,The Gross Clinic,The Gross Clinic,The Gross Clinic,The Gross Clinic,The Gross Clinic,The Gross Clinic,Dora Maar au Chat,Eagle Standing on Pine Tree,Eagle Standing on Pine Tree,Darmstadt Madonna,The Gross Clinic,The Gross Clinic,The Gross Clinic,The Gross Clinic,The Gross Clinic,The Gross Clinic,The Gross Clinic,The Gross Clinic,The Gross Clinic,The Gross Clinic,The Gross Clinic,Portrait of a Halberdier,Portrait of Dr. Gachet,Femme assise dans un jardin
Eagle Standing on Pine Tree,Eagle Standing on Pine Tree,Dora Maar au Chat,Portrait of a Halberdier,The Gross Clinic,The Gross Clinic,The Gross Clinic,The Gross Clinic,The Gross Clinic,The Gross Clinic,The Gross Clinic,The Gross Clinic,The Gross Clinic,The Gross Clinic,The Gross Clinic,The Gross Clinic,The Gross Clinic,The Gross Clinic,The Gross Clinic,The Gross Clinic,The Gross Clinic,The Gross Clinic,The Gross Clinic,The Gross Clinic,The Gross Clinic,The Gross Clinic,The Gross Clinic,The Gross Clinic,The Gross Clinic,The Gross Clinic,The Gross Clinic,Dora Maar au Chat,Portrait de l'artiste sans barbe,Eagle Standing on Pine Tree,Portrait de l'artiste sans barbe,Portrait de l'artiste sans barbe,Portrait of a Halberdier,The Gross Clinic,The Gross Clinic,The Gross Clinic,The Gross Clinic,The Gross Clinic,The Gross Clinic,The Gross Clinic,The Gross Clinic,The Gross Clinic,The Gross Clinic,The Gross Clinic,The Gross Clinic,The Gross Clinic
Eagle Standing on Pine Tree,Portrait of a Halberdier,The Gross Clinic,The Gross Clinic,The Gross Clinic,The Gross Clinic,The Gross Clinic,The Gross Clinic,The Gross Clinic,The Gross Clinic,The Gross Clinic,The Gross Clinic,The Gross Clinic,The Gross Clinic,The Gross Clinic,The Gross Clinic,The Gross Clinic,The Gross Clinic,The Gross Clinic,The Gross Clinic,The Gross Clinic,The Gross Clinic,The Gross Clinic,The Gross Clinic,The Gross Clinic,The Gross Clinic,The Gross Clinic,The Gross Clinic,The Gross Clinic,The Gross Clinic,The Gross Clinic,The Gross Clinic,The Gross Clinic,The Gross Clinic,The Gross Clinic,Portrait of a Halberdier,The Gross Clinic,The Gross Clinic,The Gross Clinic,The Gross Clinic,The Gross Clinic,The Gross Clinic,The Gross Clinic,The Gross Clinic,The Gross Clinic,The Gross Clinic,The Gross Clinic,The Gross Clinic,The Gross Clinic,The Gross Clinic
Eagle Standing on Pine Tree,Portrait of a Halberdier,The Gross Clinic,The Gross Clinic,The Gross Clinic,The Gross Clinic,The Gross Clinic,The Gross Clinic,The Gross Clinic,The Gross Clinic,The Gross Clinic,The Gross Clinic,The Gross Clinic,The Gross Clinic,The Gross Clinic,The Gross Clinic,The Gross Clinic,The Gross Clinic,The Gross Clinic,The Gross Clinic,The Gross Clinic,The Gross Clinic,The Gross Clinic,The Gross Clinic,The Gross Clinic,The Gross Clinic,The Gross Clinic,The Gross Clinic,The Gross Clinic,The Gross Clinic,The Gross Clinic,The Gross Clinic,The Gross Clinic,The Gross Clinic,The Gross Clinic,The Gross Clinic,The Gross Clinic,The Gross Clinic,The Gross Clinic,The Gross Clinic,The Gross Clinic,The Gross Clinic,The Gross Clinic,The Gross Clinic,The Gross Clinic,The Gross Clinic,The Gross Clinic,The Gross Clinic,The Gross Clinic,The Gross Clinic
Portrait de l'artiste sans barbe,Dora Maar au Chat,Portrait of a Halberdier,The Gross Clinic,The Gross Clinic,The Gross Clinic,The Gross Clinic,The Gross Clinic,The Gross Clinic,The Gross Clinic,The Gross Clinic,The Gross Clinic,The Gross Clinic,The Gross Clinic,The Gross Clinic,The Gross Clinic,The Gross Clinic,The Gross Clinic,The Gross Clinic,The Gross Clinic,The Gross Clinic,The Gross Clinic,The Gross Clinic,The Gross Clinic,The Gross Clinic,The Gross Clinic,The Gross Clinic,The Gross Clinic,The Gross Clinic,The Gross Clinic,The Gross Clinic,The Gross Clinic,The Gross Clinic,The Gross Clinic,The Gross Clinic,The Gross Clinic,The Gross Clinic,The Gross Clinic,The Gross Clinic,The Gross Clinic,The Gross Clinic,The Gross Clinic,The Gross Clinic,The Gross Clinic,The Gross Clinic,The Gross Clinic,The Gross Clinic,The Gross Clinic,The Gross Clinic,The Gross Clinic
Dora Maar au Chat,Portrait of a Halberdier,The Gross Clinic,The Gross Clinic,The Gross Clinic,The Gross Clinic,The Gross Clinic,The Gross Clinic,The Gross Clinic,The Gross Clinic,The Gross Clinic,The Gross Clinic,The Gross Clinic,The Gross Clinic,The Gross Clinic,The Gross Clinic,The Gross Clinic,The Gross Clinic,The Gross Clinic,The Gross Clinic,The Gross Clinic,The Gross Clinic,The Gross Clinic,The Gross Clinic,The Gross Clinic,The Gross Clinic,The Gross Clinic,The Gross Clinic,The Gross Clinic,The Gross Clinic,The Gross Clinic,The Gross Clinic,The Gross Clinic,The Gross Clinic,The Gross Clinic,The Gross Clinic,The Gross Clinic,The Gross Clinic,The Gross Clinic,The Gross Clinic,The Gross Clinic,The Gross Clinic,The Gross Clinic,The Gross Clinic,The Gross Clinic,The Gross Clinic,The Gross Clinic,The Gross Clinic,The Gross Clinic,The Gross Clinic
Portrait of a Halberdier,Portrait of a Halberdier,Dora Maar au Chat,The Gross Clinic,The Gross Clinic,The Gross Clinic,The Gross Clinic,The Gross Clinic,The Gross Clinic,The Gross Clinic,The Gross Clinic,The Gross Clinic,The Gross Clinic,The Gross Clinic,The Gross Clinic,The Gross Clinic,The Gross Clinic,The Gross Clinic,The Gross Clinic,The Gross Clinic,The Gross Clinic,The Gross Clinic,The Gross Clinic,The Gross Clinic,The Gross Clinic,The Gross Clinic,The Gross Clinic,The Gross Clinic,The Gross Clinic,The Gross Clinic,The Gross Clinic,The Gross Clinic,The Gross Clinic,The Gross Clinic,The Gross Clinic,The Gross Clinic,The Gross Clinic,The Gross Clinic,The Gross Clinic,The Gross Clinic,The Gross Clinic,The Gross Clinic,The Gross Clinic,The Gross Clinic,The Gross Clinic,The Gross Clinic,The Gross Clinic,The Gross Clinic,The Gross Clinic,The Gross Clinic
Dora Maar au Chat,The Gross Clinic,The Gross Clinic,The Gross Clinic,The Gross Clinic,The Gross Clinic,The Gross Clinic,The Gross Clinic,The Gross Clinic,The Gross Clinic,The Gross Clinic,The Gross Clinic,The Gross Clinic,The Gross Clinic,The Gross Clinic,The Gross Clinic,The Gross Clinic,The Gross Clinic,The Gross Clinic,The Gross Clinic,The Gross Clinic,The Gross Clinic,The Gross Clinic,The Gross Clinic,The Gross Clinic,The Gross Clinic,The Gross Clinic,The Gross Clinic,The Gross Clinic,The Gross Clinic,The Gross Clinic,The Gross Clinic,The Gross Clinic,The Gross Clinic,The Gross Clinic,The Gross Clinic,The Gross Clinic,The Gross Clinic,The Gross Clinic,The Gross Clinic,The Gross Clinic,The Gross Clinic,The Gross Clinic,The Gross Clinic,The Gross Clinic,The Gross Clinic,The Gross Clinic,The Gross Clinic,The Gross Clinic,The Gross Clinic
Dora Maar au Chat,Portrait of a Halberdier,The Gross Clinic,The Gross Clinic,The Gross Clinic,The Gross Clinic,The Gross Clinic,The Gross Clinic,The Gross Clinic,The Gross Clinic,The Gross Clinic,The Gross Clinic,The Gross Clinic,The Gross Clinic,The Gross Clinic,The Gross Clinic,The Gross Clinic,The Gross Clinic,The Gross Clinic,The Gross Clinic,The Gross Clinic,The Gross Clinic,The Gross Clinic,The Gross Clinic,The Gross Clinic,The Gross Clinic,The Gross Clinic,The Gross Clinic,The Gross Clinic,The Gross Clinic,The Gross Clinic,The Gross Clinic,The Gross Clinic,The Gross Clinic,The Gross Clinic,The Gross Clinic,The Gross Clinic,The Gross Clinic,The Gross Clinic,The Gross Clinic,The Gross Clinic,The Gross Clinic,The Gross Clinic,The Gross Clinic,The Gross Clinic,The Gross Clinic,The Gross Clinic,The Gross Clinic,The Gross Clinic,The Gross Clinic
Dora Maar au Chat,The Gross Clinic,The Gross Clinic,The Gross Clinic,The Gross Clinic,The Gross Clinic,The Gross Clinic,The Gross Clinic,The Gross Clinic,The Gross Clinic,The Gross Clinic,The Gross Clinic,The Gross Clinic,The Gross Clinic,The Gross Clinic,The Gross Clinic,The Gross Clinic,The Gross Clinic,The Gross Clinic,The Gross Clinic,The Gross Clinic,The Gross Clinic,The Gross Clinic,The Gross Clinic,The Gross Clinic,The Gross Clinic,The Gross Clinic,The Gross Clinic,The Gross Clinic,The Gross Clinic,The Gross Clinic,The Gross Clinic,The Gross Clinic,The Gross Clinic,The Gross Clinic,The Gross Clinic,The Gross Clinic,The Gross Clinic,The Gross Clinic,The Gross Clinic,The Gross Clinic,The Gross Clinic,The Gross Clinic,The Gross Clinic,The Gross Clinic,The Gross Clinic,The Gross Clinic,The Gross Clinic,The Gross Clinic,The Gross Clinic
The Gross Clinic,The Gross Clinic,The Gross Clinic,The Gross Clinic,The Gross Clinic,The Gross Clinic,The Gross Clinic,The Gross Clinic,The Gross Clinic,The Gross Clinic,The Gross Clinic,The Gross Clinic,The Gross Clinic,The Gross Clinic,The Gross Clinic,The Gross Clinic,The Gross Clinic,The Gross Clinic,The Gross Clinic,The Gross Clinic,The Gross Clinic,The Gross Clinic,The Gross Clinic,The Gross Clinic,The Gross Clinic,The Gross Clinic,The Gross Clinic,The Gross Clinic,The Gross Clinic,The Gross Clinic,The Gross Clinic,The Gross Clinic,The Gross Clinic,The Gross Clinic,The Gross Clinic,The Gross Clinic,The Gross Clinic,The Gross Clinic,The Gross Clinic,The Gross Clinic,The Gross Clinic,The Gross Clinic,The Gross Clinic,The Gross Clinic,The Gross Clinic,The Gross Clinic,The Gross Clinic,The Gross Clinic,The Gross Clinic,The Gross Clinic
The Gross Clinic,The Gross Clinic,The Gross Clinic,The Gross Clinic,The Gross Clinic,The Gross Clinic,The Gross Clinic,The Gross Clinic,The Gross Clinic,The Gross Clinic,The Gross Clinic,The Gross Clinic,The Gross Clinic,The Gross Clinic,The Gross Clinic,The Gross Clinic,The Gross Clinic,The Gross Clinic,The Gross Clinic,The Gross Clinic,The Gross Clinic,The Gross Clinic,The Gross Clinic,The Gross Clinic,The Gross Clinic,The Gross Clinic,The Gross Clinic,The Gross Clinic,The Gross Clinic,The Gross Clinic,The Gross Clinic,The Gross Clinic,The Gross Clinic,The Gross Clinic,The Gross Clinic,The Gross Clinic,The Gross Clinic,The Gross Clinic,The Gross Clinic,The Gross Clinic,The Gross Clinic,The Gross Clinic,The Gross Clinic,The Gross Clinic,The Gross Clinic,The Gross Clinic,The Gross Clinic,The Gross Clinic,The Gross Clinic,The Gross Clinic